installatie,investigation_available,investigation_available_with_images
RWZI Mol,2026-04-22 12:00:00,2026-04-22 12:00:00
RWZI Grimbergen,2026-04-21 12:00:00,2026-04-21 12:00:00
RWZI Brakel,2026-04-21 12:00:00,2026-04-21 12:00:00
RWZI Hoogstraten,2026-04-21 12:00:00,
RWZI Lokeren - Doorslaar,2026-04-20 12:00:00,2026-04-20 12:00:00
RWZI Brakel,2026-04-20 12:00:00,2026-04-20 12:00:00
RWZI Merelbeke,2026-04-20 12:00:00,
RWZI Boortmeerbeek,2026-04-20 12:00:00,2026-04-20 12:00:00
RWZI Sint-Pieters-Leeuw,2026-04-20 12:00:00,2026-04-20 12:00:00
RWZI Ronse,2026-04-17 12:00:00,
RWZI Tienen,2026-04-14 12:00:00,2026-04-14 12:00:00
RWZI Destelbergen,2026-04-13 12:00:00,2026-04-13 12:00:00
RWZI Sint-Niklaas,2026-04-13 12:00:00,2026-04-13 12:00:00
RWZI Zandvoorde,2026-04-13 12:00:00,2026-04-13 12:00:00
RWZI Ninove,2026-04-09 12:00:00,2026-04-09 12:00:00
RWZI Maldegem,2026-04-08 12:00:00,2026-04-08 12:00:00
RWZI Beersel,2026-04-08 12:00:00,
RWZI Huldenberg,2026-04-07 12:00:00,2026-04-07 12:00:00
RWZI Zondereigen,2026-04-07 12:00:00,2026-04-07 12:00:00
RWZI Hoogstraten,2026-04-07 12:00:00,2026-04-07 12:00:00
RWZI Hoegaarden,2026-04-07 12:00:00,2026-04-07 12:00:00
RWZI Gent,2026-04-07 12:00:00,2026-04-07 12:00:00
RWZI Brakel - Michelbeke,2026-04-07 12:00:00,2026-04-07 12:00:00
RWZI Boortmeerbeek,2026-04-06 12:00:00,2026-04-06 12:00:00
RWZI Brakel - Michelbeke,2026-04-05 12:00:00,2026-04-05 12:00:00
RWZI niet gedefinieerd,2026-04-03 12:00:00,
RWZI Beerse,2026-04-03 12:00:00,2026-04-03 12:00:00
RWZI Kallo,2026-04-02 12:00:00,2026-04-02 12:00:00
RWZI Halen,2026-04-01 12:00:00,2026-04-01 12:00:00
RWZI Tienen,2026-03-31 12:00:00,2026-03-31 12:00:00
RWZI Genk,2026-03-31 12:00:00,2026-03-31 12:00:00
Riolstreng Ruddervoorde,2026-03-31 12:00:00,2026-03-31 12:00:00
RWZI Sint-Niklaas,2026-03-30 12:00:00,2026-03-30 12:00:00
RWZI Huldenberg,2026-03-30 12:00:00,2026-03-30 12:00:00
RWZI Avelgem,2026-03-30 12:00:00,
RWZI Ronse,2026-03-30 12:00:00,2026-03-30 12:00:00
RWZI Lokeren,2026-03-26 12:00:00,2026-03-26 12:00:00
RWZI Lichtaart,2026-03-25 12:00:00,2026-03-25 12:00:00
RWZI Dendermonde,2026-03-25 12:00:00,
RWZI Dendermonde,2026-03-25 12:00:00,
RWZI Dendermonde,2026-03-25 12:00:00,
RWZI Dendermonde,2026-03-25 12:00:00,
RWZI Boortmeerbeek,2026-03-23 12:00:00,
RWZI Beersel,2026-03-23 12:00:00,2026-03-23 12:00:00
RWZI Hoogstraten,2026-03-23 12:00:00,2026-03-23 12:00:00
RWZI Sint-Pieters-Leeuw,2026-03-23 12:00:00,2026-03-23 12:00:00
RWZI Ingooigem,2026-03-23 12:00:00,2026-03-23 12:00:00
RWZI Ingooigem,2026-03-23 12:00:00,2026-03-23 12:00:00
RWZI Mol,2026-03-23 12:00:00,2026-03-23 12:00:00
RWZI Lozen,2026-03-23 12:00:00,
RWZI Ingooigem,2026-03-23 12:00:00,2026-03-23 12:00:00
RWZI Ingooigem,2026-03-23 12:00:00,2026-03-23 12:00:00
RWZI Pittem,2026-03-20 12:00:00,
RWZI Rillaar,2026-03-19 12:00:00,2026-03-19 12:00:00
RWZI Zolder,2026-03-19 12:00:00,2026-03-19 12:00:00
RWZI Dendermonde,2026-03-18 12:00:00,2026-03-18 12:00:00
RWZI Zandvoorde,2026-03-18 12:00:00,2026-03-18 12:00:00
RWZI Dendermonde,2026-03-18 12:00:00,
RWZI Merelbeke,2026-03-18 12:00:00,2026-03-18 12:00:00
RWZI Dendermonde,2026-03-18 12:00:00,2026-03-18 12:00:00
RWZI Halen,2026-03-18 12:00:00,2026-03-18 12:00:00
RWZI Sint-Niklaas,2026-03-17 12:00:00,2026-03-17 12:00:00
RWZI niet gedefinieerd,2026-03-17 12:00:00,
RWZI Genk,2026-03-16 12:00:00,2026-03-16 12:00:00
RWZI Leuven,2026-03-16 12:00:00,2026-03-16 12:00:00
RWZI Bierbeek,2026-03-16 12:00:00,2026-03-16 12:00:00
RWZI Beveren - Leie,2026-03-16 12:00:00,2026-03-16 12:00:00
RWZI Ronse,2026-03-16 12:00:00,
RWZI Bree,2026-03-16 12:00:00,2026-03-16 12:00:00
RWZI Ingelmunster,2026-03-16 12:00:00,2026-03-16 12:00:00
RWZI Beveren - Leie,2026-03-16 12:00:00,2026-03-16 12:00:00
RWZI Destelbergen,2026-03-16 12:00:00,2026-03-16 12:00:00
RWZI niet gedefinieerd,2026-03-13 12:00:00,2026-03-13 12:00:00
RWZI niet gedefinieerd,2026-03-13 12:00:00,
RWZI niet gedefinieerd,2026-03-13 12:00:00,
RWZI niet gedefinieerd,2026-03-13 12:00:00,2026-03-13 12:00:00
RWZI niet gedefinieerd,2026-03-12 12:00:00,
RWZI Aalst,2026-03-12 12:00:00,
RWZI Schilde,2026-03-12 12:00:00,2026-03-12 12:00:00
RWZI niet gedefinieerd,2026-03-12 12:00:00,
RWZI Aalst,2026-03-12 12:00:00,
RWZI Aalst,2026-03-12 12:00:00,
RWZI Aalst,2026-03-12 12:00:00,
RWZI Huldenberg,2026-03-11 12:00:00,2026-03-11 12:00:00
RWZI Loker,2026-03-11 12:00:00,2026-03-11 12:00:00
RWZI Loker,2026-03-11 12:00:00,2026-03-11 12:00:00
RWZI Lichtaart,2026-03-11 12:00:00,2026-03-11 12:00:00
RWZI Wulpen,2026-03-11 12:00:00,
RWZI Sint-Pieters-Leeuw,2026-03-11 12:00:00,2026-03-11 12:00:00
RWZI Dessel,2026-03-10 12:00:00,2026-03-10 12:00:00
RWZI Boortmeerbeek,2026-03-09 12:00:00,2026-03-09 12:00:00
RWZI Lokeren,2026-03-09 12:00:00,2026-03-09 12:00:00
RWZI Hoogstraten,2026-03-09 12:00:00,2026-03-09 12:00:00
RWZI Zondereigen,2026-03-09 12:00:00,2026-03-09 12:00:00
RWZI Halen,2026-03-04 12:00:00,2026-03-04 12:00:00
RWZI Sint-Niklaas,2026-03-04 12:00:00,2026-03-04 12:00:00
RWZI Ronse,2026-03-03 12:00:00,2026-03-03 12:00:00
RWZI Schilde,2026-03-03 12:00:00,2026-03-03 12:00:00
RWZI Schilde,2026-03-03 12:00:00,2026-03-03 12:00:00
RWZI Zandvoorde,2026-03-02 12:00:00,2026-03-02 12:00:00
RWZI Leuven,2026-03-02 12:00:00,2026-03-02 12:00:00
RWZI Ingelmunster,2026-03-02 12:00:00,2026-03-02 12:00:00
RWZI Mol,2026-03-02 12:00:00,2026-03-02 12:00:00
RWZI Zandvoorde,2026-03-02 12:00:00,
RWZI Asse - Bollebeek,2026-03-02 12:00:00,2026-03-02 12:00:00
RWZI Beveren - Leie,2026-03-02 12:00:00,2026-03-02 12:00:00
RWZI Huldenberg,2026-02-25 12:00:00,2026-02-25 12:00:00
RWZI Dendermonde,2026-02-24 12:00:00,2026-02-24 12:00:00
RWZI Dendermonde,2026-02-24 12:00:00,2026-02-24 12:00:00
RWZI Asse - Bollebeek,2026-02-23 12:00:00,2026-02-23 12:00:00
RWZI Lichtaart,2026-02-23 12:00:00,2026-02-23 12:00:00
RWZI Beersel,2026-02-23 12:00:00,2026-02-23 12:00:00
RWZI Hoogstraten,2026-02-23 12:00:00,2026-02-23 12:00:00
RWZI Parike,2026-02-23 12:00:00,2026-02-23 12:00:00
RWZI Sint-Pieters-Leeuw,2026-02-23 12:00:00,2026-02-23 12:00:00
RWZI Dendermonde,2026-02-17 12:00:00,
RWZI Bierbeek,2026-02-17 12:00:00,2026-02-17 12:00:00
RWZI Destelbergen,2026-02-17 12:00:00,
RWZI Nieuwerkerken - Wijer,2026-02-17 12:00:00,
RWZI Halen,2026-02-16 12:00:00,
RWZI Merelbeke,2026-02-16 12:00:00,
RWZI Brugge,2026-02-13 12:00:00,
RWZI Lichtaart,2026-02-11 12:00:00,
RWZI Boortmeerbeek,2026-02-11 12:00:00,2026-02-11 12:00:00
RWZI Zomergem,2026-02-10 12:00:00,2026-02-10 12:00:00
RWZI Zomergem,2026-02-10 12:00:00,2026-02-10 12:00:00
RWZI Lokeren,2026-02-10 12:00:00,2026-02-10 12:00:00
RWZI Sint-Pieters-Leeuw,2026-02-09 12:00:00,2026-02-09 12:00:00
RWZI Huldenberg,2026-02-09 12:00:00,2026-02-09 12:00:00
RWZI Ingelmunster,2026-02-09 12:00:00,2026-02-09 12:00:00
RWZI Hoogstraten,2026-02-09 12:00:00,2026-02-09 12:00:00
RWZI Kortemark,2026-02-09 12:00:00,2026-02-09 12:00:00
RWZI Beersel,2026-02-09 12:00:00,
RWZI Kinrooi-Molenbeersel,2026-02-04 12:00:00,
RWZI Ronse,2026-02-04 12:00:00,
RWZI Halen,2026-02-04 12:00:00,
RWZI Sint-Niklaas,2026-02-02 12:00:00,2026-02-02 12:00:00
RWZI Ingelmunster,2026-02-02 12:00:00,
RWZI Mol,2026-02-02 12:00:00,2026-02-02 12:00:00
RWZI Zondereigen,2026-02-02 12:00:00,2026-02-02 12:00:00
RWZI Lichtaart,2026-01-29 12:00:00,2026-01-29 12:00:00
RWZI Zondereigen,2026-01-29 12:00:00,2026-01-29 12:00:00
RWZI Asse - Bollebeek,2026-01-28 12:00:00,2026-01-28 12:00:00
RWZI Kortenaken - Kersbeek-Miskom,2026-01-27 12:00:00,2026-01-27 12:00:00
RWZI Beersel,2026-01-26 12:00:00,2026-01-26 12:00:00
RWZI Zottegem - Plankebeek,2026-01-26 12:00:00,2026-01-26 12:00:00
RWZI Sint-Pieters-Leeuw,2026-01-26 12:00:00,2026-01-26 12:00:00
RWZI Galmaarden,2026-01-26 12:00:00,
RWZI Geraardsbergen,2026-01-26 12:00:00,2026-01-26 12:00:00
RWZI Sint-Niklaas,2026-01-23 12:00:00,
RWZI Sint-Joris-Winge,2026-01-21 12:00:00,
RWZI Genk,2026-01-21 12:00:00,
RWZI Boom,2026-01-20 12:00:00,
RWZI Mechelen-Noord,2026-01-20 12:00:00,2026-01-20 12:00:00
RWZI Landen - Eliksem,2026-01-20 12:00:00,2026-01-20 12:00:00
RWZI Hoogstraten,2026-01-19 12:00:00,
RWZI Leuven,2026-01-19 12:00:00,2026-01-19 12:00:00
RWZI Ingelmunster,2026-01-19 12:00:00,
RWZI Mechelen-Noord,2026-01-19 12:00:00,2026-01-19 12:00:00
RWZI Boortmeerbeek,2026-01-16 12:00:00,2026-01-16 12:00:00
"Ronse, PS Lievensbeek",2026-01-14 12:00:00,2026-01-14 12:00:00
RWZI Beersel,2026-01-14 12:00:00,
RWZI Itegem,2026-01-13 12:00:00,
RWZI niet gedefinieerd,2026-01-13 12:00:00,
RWZI Tienen,2026-01-13 12:00:00,
RWZI Ronse,2026-01-13 12:00:00,2026-01-13 12:00:00
RWZI Lichtaart,2026-01-12 12:00:00,2026-01-12 12:00:00
RWZI Gent,2026-01-12 12:00:00,2026-01-12 12:00:00
RWZI Menen,2026-01-12 12:00:00,
RWZI Boortmeerbeek,2026-01-12 12:00:00,2026-01-12 12:00:00
RWZI Huldenberg,2026-01-12 12:00:00,2026-01-12 12:00:00
RWZI Heist,2026-01-12 12:00:00,
RWZI Lokeren,2026-01-12 12:00:00,
RWZI Boortmeerbeek,2026-01-12 12:00:00,
RWZI Wolfsdonk,2026-01-12 12:00:00,2026-01-12 12:00:00
RWZI Ronse,2026-01-09 12:00:00,2026-01-09 12:00:00
RWZI Sint-Niklaas,2026-01-09 12:00:00,2026-01-09 12:00:00
RWZI niet gedefinieerd,2026-01-08 12:00:00,
RWZI Asse - Bollebeek,2026-01-08 12:00:00,2026-01-08 12:00:00
RWZI Asse - Bollebeek,2026-01-08 12:00:00,2026-01-08 12:00:00
RWZI Genk,2026-01-07 12:00:00,2026-01-07 12:00:00
RWZI Mol,2026-01-07 12:00:00,2026-01-07 12:00:00
RWZI Rillaar,2026-01-06 12:00:00,2026-01-06 12:00:00
RWZI Rollegem,2026-01-06 12:00:00,2026-01-06 12:00:00
RWZI Zoutleeuw,2026-01-06 12:00:00,2026-01-06 12:00:00
RWZI Rillaar,2026-01-06 12:00:00,2026-01-06 12:00:00
RWZI Rillaar,2026-01-06 12:00:00,2026-01-06 12:00:00
RWZI Moerbeke,2026-01-06 12:00:00,2026-01-06 12:00:00
RWZI Rollegem,2026-01-06 12:00:00,2026-01-06 12:00:00
RWZI Leuven,2026-01-05 12:00:00,2026-01-05 12:00:00
RWZI Sint-Niklaas,2026-01-05 12:00:00,2026-01-05 12:00:00
RWZI Ingelmunster,2026-01-05 12:00:00,2026-01-05 12:00:00
RWZI Lichtaart,2025-12-22 12:00:00,2025-12-22 12:00:00
RWZI Genk,2025-12-17 12:00:00,2025-12-17 12:00:00
RWZI Pittem,2025-12-17 12:00:00,2025-12-17 12:00:00
RWZI Pittem,2025-12-17 12:00:00,2025-12-17 12:00:00
RWZI Pittem,2025-12-16 12:00:00,2025-12-16 12:00:00
RWZI Pittem,2025-12-16 12:00:00,2025-12-16 12:00:00
RWZI Kinrooi-Molenbeersel,2025-12-16 12:00:00,2025-12-16 12:00:00
RWZI Hoogstraten,2025-12-15 12:00:00,2025-12-15 12:00:00
RWZI Huldenberg,2025-12-15 12:00:00,2025-12-15 12:00:00
RWZI Beersel,2025-12-15 12:00:00,2025-12-15 12:00:00
RWZI Lokeren,2025-12-15 12:00:00,2025-12-15 12:00:00
RWZI Tessenderlo,2025-12-15 12:00:00,2025-12-15 12:00:00
RWZI Genk,2025-12-10 12:00:00,2025-12-10 12:00:00
RWZI Ronse,2025-12-10 12:00:00,2025-12-10 12:00:00
RWZI Kortenaken,2025-12-09 12:00:00,2025-12-09 12:00:00
RWZI Glabbeek,2025-12-09 12:00:00,2025-12-09 12:00:00
RWZI Sint-Niklaas,2025-12-08 12:00:00,2025-12-08 12:00:00
RWZI Leuven,2025-12-08 12:00:00,2025-12-08 12:00:00
RWZI Beveren - Leie,2025-12-07 12:00:00,
RWZI Ronse,2025-12-05 12:00:00,2025-12-05 12:00:00
RWZI niet gedefinieerd,2025-12-04 12:00:00,
RWZI Lichtaart,2025-12-04 12:00:00,2025-12-04 12:00:00
RWZI Brugge,2025-12-03 12:00:00,
RWZI niet gedefinieerd,2025-12-02 12:00:00,
RWZI niet gedefinieerd,2025-12-02 12:00:00,
RWZI Hoogstraten,2025-12-02 12:00:00,2025-12-02 12:00:00
RWZI Boortmeerbeek,2025-12-01 12:00:00,2025-12-01 12:00:00
RWZI Lokeren,2025-12-01 12:00:00,2025-12-01 12:00:00
RWZI Genk,2025-12-01 12:00:00,2025-12-01 12:00:00
RWZI Blaasveld,2025-12-01 12:00:00,2025-12-01 12:00:00
RWZI Huldenberg,2025-12-01 12:00:00,2025-12-01 12:00:00
RWZI Mol,2025-12-01 12:00:00,2025-12-01 12:00:00
RWZI Genk,2025-11-26 12:00:00,2025-11-26 12:00:00
RWZI niet gedefinieerd,2025-11-25 12:00:00,
RWZI Leuven,2025-11-25 12:00:00,2025-11-25 12:00:00
RWZI Pittem,2025-11-24 12:00:00,2025-11-24 12:00:00
RWZI Sint-Niklaas,2025-11-24 12:00:00,2025-11-24 12:00:00
RWZI Zoutleeuw,2025-11-24 12:00:00,2025-11-24 12:00:00
RWZI Houthalen-Centrum,2025-11-24 12:00:00,2025-11-24 12:00:00
RWZI Galmaarden,2025-11-20 12:00:00,2025-11-20 12:00:00
RWZI niet gedefinieerd,2025-11-19 12:00:00,
RWZI Kinrooi-Molenbeersel,2025-11-17 12:00:00,2025-11-17 12:00:00
RWZI Huldenberg,2025-11-17 12:00:00,2025-11-17 12:00:00
RWZI Hoogstraten,2025-11-17 12:00:00,2025-11-17 12:00:00
RWZI Boortmeerbeek,2025-11-17 12:00:00,2025-11-17 12:00:00
RWZI Lokeren,2025-11-17 12:00:00,2025-11-17 12:00:00
RWZI Brugge,2025-11-16 12:00:00,
RWZI niet gedefinieerd,2025-11-14 12:00:00,
RWZI Genk,2025-11-12 12:00:00,2025-11-12 12:00:00
RWZI Zoutleeuw,2025-11-10 12:00:00,2025-11-10 12:00:00
RWZI Ieper,2025-11-10 12:00:00,2025-11-10 12:00:00
RWZI Boortmeerbeek,2025-11-05 12:00:00,2025-11-05 12:00:00
RWZI Lommel,2025-11-04 12:00:00,
RWZI Mol,2025-11-03 12:00:00,
RWZI Lokeren,2025-11-03 12:00:00,
RWZI Hoogstraten,2025-11-03 12:00:00,2025-11-03 12:00:00
RWZI Hulshout,2025-11-03 12:00:00,2025-11-03 12:00:00
RWZI Jabbeke,2025-11-03 12:00:00,2025-11-03 12:00:00
RWZI Huldenberg,2025-11-03 12:00:00,2025-11-03 12:00:00
RWZI Kortenberg,2025-10-30 12:00:00,2025-10-30 12:00:00
RWZI Olsene,2025-10-29 12:00:00,2025-10-29 12:00:00
RWZI Leuven,2025-10-29 12:00:00,2025-10-29 12:00:00
RWZI Bierbeek,2025-10-27 12:00:00,2025-10-27 12:00:00
RWZI Boortmeerbeek,2025-10-27 12:00:00,2025-10-27 12:00:00
RWZI Zoutleeuw,2025-10-27 12:00:00,2025-10-27 12:00:00
RWZI Brugge,2025-10-26 12:00:00,2025-10-26 12:00:00
RWZI Houthalen-Centrum,2025-10-24 12:00:00,
RWZI niet gedefinieerd,2025-10-24 12:00:00,
RWZI Houthalen-Centrum,2025-10-23 12:00:00,2025-10-23 12:00:00
RWZI Ieper,2025-10-23 12:00:00,2025-10-23 12:00:00
RWZI Mechelen-Noord,2025-10-22 12:00:00,2025-10-22 12:00:00
RWZI Boortmeerbeek,2025-10-22 12:00:00,2025-10-22 12:00:00
Riolstreng Ronse,2025-10-21 12:00:00,2025-10-21 12:00:00
RWZI Hulshout,2025-10-21 12:00:00,2025-10-21 12:00:00
RWZI Huldenberg,2025-10-21 12:00:00,2025-10-21 12:00:00
RWZI Hoogstraten,2025-10-20 12:00:00,2025-10-20 12:00:00
RWZI Lokeren,2025-10-20 12:00:00,2025-10-20 12:00:00
RWZI Ronse,2025-10-18 12:00:00,
RWZI Brugge,2025-10-14 12:00:00,
RWZI Leuven,2025-10-13 12:00:00,2025-10-13 12:00:00
RWZI Zoutleeuw,2025-10-13 12:00:00,2025-10-13 12:00:00
RWZI Mechelen-Noord,2025-10-13 12:00:00,2025-10-13 12:00:00
RWZI Heldergem,2025-10-13 12:00:00,
RWZI Hulshout,2025-10-12 12:00:00,2025-10-12 12:00:00
RWZI Hulshout,2025-10-11 12:00:00,
"Lommel, PS Maatheide",2025-10-10 12:00:00,2025-10-10 12:00:00
RWZI Lommel,2025-10-10 12:00:00,2025-10-10 12:00:00
RWZI Lommel,2025-10-10 12:00:00,2025-10-10 12:00:00
"Lommel, PS Maatheide",2025-10-10 12:00:00,2025-10-10 12:00:00
RWZI Mol,2025-10-08 12:00:00,2025-10-08 12:00:00
RWZI Lommel,2025-10-07 12:00:00,2025-10-07 12:00:00
RWZI Lommel,2025-10-07 12:00:00,2025-10-07 12:00:00
RWZI Lommel,2025-10-07 12:00:00,2025-10-07 12:00:00
RWZI Sint-Pieters-Leeuw,2025-10-06 12:00:00,2025-10-06 12:00:00
RWZI Beersel,2025-10-06 12:00:00,
RWZI Lommel,2025-10-06 12:00:00,2025-10-06 12:00:00
RWZI Lokeren,2025-10-06 12:00:00,2025-10-06 12:00:00
RWZI Sint-Pieters-Leeuw,2025-10-06 12:00:00,2025-10-06 12:00:00
RWZI Zoutleeuw,2025-10-06 12:00:00,2025-10-06 12:00:00
RWZI Hoogstraten,2025-10-06 12:00:00,2025-10-06 12:00:00
RWZI Lommel,2025-10-06 12:00:00,2025-10-06 12:00:00
RWZI Huldenberg,2025-10-06 12:00:00,
RWZI Blaasveld,2025-10-06 12:00:00,2025-10-06 12:00:00
RWZI Jabbeke,2025-10-02 12:00:00,
RWZI Jabbeke,2025-10-02 12:00:00,
RWZI Loker,2025-09-30 12:00:00,2025-09-30 12:00:00
Riolstreng Loker,2025-09-30 12:00:00,2025-09-30 12:00:00
RWZI Sint-Maria-Aalter,2025-09-30 12:00:00,
RWZI Loker,2025-09-30 12:00:00,2025-09-30 12:00:00
RWZI Destelbergen,2025-09-29 12:00:00,2025-09-29 12:00:00
RWZI Gent,2025-09-26 12:00:00,2025-09-26 12:00:00
RWZI Gent,2025-09-24 12:00:00,2025-09-24 12:00:00
RWZI Brugge,2025-09-21 12:00:00,
RWZI Brugge,2025-09-20 12:00:00,
RWZI Destelbergen,2025-09-18 12:00:00,
RWZI niet gedefinieerd,2025-09-16 12:00:00,
RWZI Zoutleeuw,2025-09-16 12:00:00,2025-09-16 12:00:00
RWZI Brugge,2025-09-16 12:00:00,
RWZI Beersel,2025-09-15 12:00:00,
RWZI Loker,2025-09-15 12:00:00,2025-09-15 12:00:00
RWZI Loker,2025-09-15 12:00:00,
WZI Farm Frites Bravi Sint-Truiden (Aqua&#43;),2025-09-15 12:00:00,
RWZI Loker,2025-09-15 12:00:00,
WZI Farm Frites Bravi Sint-Truiden (Aqua&#43;),2025-09-15 12:00:00,
RWZI Mol,2025-09-15 12:00:00,2025-09-15 12:00:00
RWZI Destelbergen,2025-09-15 12:00:00,2025-09-15 12:00:00
WZI Farm Frites Bravi Sint-Truiden (Aqua&#43;),2025-09-15 12:00:00,
RWZI Hoogstraten,2025-09-12 12:00:00,
RWZI Grobbendonk,2025-09-10 12:00:00,2025-09-10 12:00:00
RWZI Roeselare,2025-09-09 12:00:00,
RWZI Beernem,2025-09-09 12:00:00,
RWZI Blaasveld,2025-09-09 12:00:00,2025-09-09 12:00:00
RWZI Boom,2025-09-09 12:00:00,2025-09-09 12:00:00
RWZI Merchtem,2025-09-08 12:00:00,2025-09-08 12:00:00
RWZI Boortmeerbeek,2025-09-08 12:00:00,2025-09-08 12:00:00
RWZI Brugge,2025-09-02 12:00:00,
RWZI Gent,2025-09-01 12:00:00,
RWZI Maarkedal - Oudenhove,2025-09-01 12:00:00,2025-09-01 12:00:00
RWZI Houthalen-Centrum,2025-09-01 12:00:00,2025-09-01 12:00:00
RWZI Hoogstraten,2025-09-01 12:00:00,
RWZI niet gedefinieerd,2025-09-01 12:00:00,
RWZI Brugge,2025-08-31 12:00:00,2025-08-31 12:00:00
RWZI Houthalen-Centrum,2025-08-27 12:00:00,2025-08-27 12:00:00
RWZI Loker,2025-08-27 12:00:00,2025-08-27 12:00:00
RWZI Meer,2025-08-25 12:00:00,2025-08-25 12:00:00
RWZI Loker,2025-08-25 12:00:00,2025-08-25 12:00:00
RWZI Brugge,2025-08-24 12:00:00,
RWZI Brugge,2025-08-24 12:00:00,2025-08-24 12:00:00
RWZI Brugge,2025-08-24 12:00:00,
RWZI Oud-Turnhout,2025-08-18 12:00:00,2025-08-18 12:00:00
RWZI Grimbergen,2025-08-18 12:00:00,
RWZI Mol,2025-08-13 12:00:00,2025-08-13 12:00:00
RWZI Hoogstraten,2025-08-13 12:00:00,2025-08-13 12:00:00
RWZI Brugge,2025-08-12 12:00:00,2025-08-12 12:00:00
RWZI Sint-Niklaas,2025-08-12 12:00:00,2025-08-12 12:00:00
RWZI Heist,2025-08-12 12:00:00,
RWZI Boortmeerbeek,2025-08-11 12:00:00,2025-08-11 12:00:00
RWZI Beernem,2025-08-11 12:00:00,2025-08-11 12:00:00
RWZI Ingelmunster,2025-08-11 12:00:00,2025-08-11 12:00:00
RWZI niet gedefinieerd,2025-08-07 12:00:00,
RWZI Turnhout,2025-08-05 12:00:00,2025-08-05 12:00:00
RWZI Beernem,2025-08-05 12:00:00,2025-08-05 12:00:00
RWZI Alken,2025-08-04 12:00:00,
RWZI Aalter,2025-08-04 12:00:00,2025-08-04 12:00:00
RWZI Brugge,2025-08-01 12:00:00,
RWZI Brugge,2025-07-31 12:00:00,2025-07-31 12:00:00
RWZI Hoogstraten,2025-07-29 12:00:00,2025-07-29 12:00:00
RWZI niet gedefinieerd,2025-07-25 12:00:00,
RWZI Aalst,2025-07-25 12:00:00,
RWZI Brugge,2025-07-23 12:00:00,
RWZI Mol,2025-07-16 12:00:00,
RWZI Boortmeerbeek,2025-07-16 12:00:00,2025-07-16 12:00:00
RWZI Bocholt,2025-07-13 12:00:00,2025-07-13 12:00:00
RWZI Bocholt,2025-07-12 12:00:00,2025-07-12 12:00:00
RWZI niet gedefinieerd,2025-07-08 12:00:00,
RWZI Brugge,2025-07-07 12:00:00,2025-07-07 12:00:00
RWZI Olsene,2025-07-02 12:00:00,
RWZI Lommel,2025-07-01 12:00:00,2025-07-01 12:00:00
RWZI Wolfsdonk,2025-07-01 12:00:00,
RWZI Jabbeke,2025-07-01 12:00:00,2025-07-01 12:00:00
RWZI Jabbeke,2025-07-01 12:00:00,2025-07-01 12:00:00
RWZI Lommel,2025-07-01 12:00:00,2025-07-01 12:00:00
RWZI Brugge,2025-06-27 12:00:00,2025-06-27 12:00:00
RWZI Schilde,2025-06-26 12:00:00,2025-06-26 12:00:00
RWZI Schilde,2025-06-26 12:00:00,2025-06-26 12:00:00
RWZI Roeselare,2025-06-26 12:00:00,2025-06-26 12:00:00
RWZI niet gedefinieerd,2025-06-24 12:00:00,2025-06-24 12:00:00
RWZI niet gedefinieerd,2025-06-24 12:00:00,
RWZI Brugge,2025-06-23 12:00:00,2025-06-23 12:00:00
RWZI Ronse,2025-06-23 12:00:00,2025-06-23 12:00:00
RWZI Ronse,2025-06-22 12:00:00,2025-06-22 12:00:00
RWZI niet gedefinieerd,2025-06-20 12:00:00,2025-06-20 12:00:00
RWZI Kampenhout,2025-06-18 12:00:00,
RWZI Kampenhout,2025-06-18 12:00:00,2025-06-18 12:00:00
RWZI Kampenhout,2025-06-17 12:00:00,
RWZI Kampenhout,2025-06-17 12:00:00,2025-06-17 12:00:00
Labo Aalst (Labo-afval),2025-06-17 12:00:00,
RWZI Anzegem - Centrum,2025-06-17 12:00:00,
RWZI Zondereigen,2025-06-16 12:00:00,
RWZI Mechelen-Noord,2025-06-16 12:00:00,2025-06-16 12:00:00
RWZI Mechelen-Noord,2025-06-16 12:00:00,2025-06-16 12:00:00
RWZI Boortmeerbeek,2025-06-16 12:00:00,2025-06-16 12:00:00
RWZI Leuven,2025-06-16 12:00:00,2025-06-16 12:00:00
RWZI Duffel,2025-06-11 12:00:00,2025-06-11 12:00:00
RWZI Brugge,2025-06-10 12:00:00,2025-06-10 12:00:00
RWZI Stekene,2025-06-02 12:00:00,2025-06-02 12:00:00
RWZI Stekene,2025-06-02 12:00:00,2025-06-02 12:00:00
RWZI Brugge,2025-06-02 12:00:00,2025-06-02 12:00:00
RWZI Stekene,2025-06-01 12:00:00,
RWZI Teuven,2025-05-27 12:00:00,
RWZI Teuven,2025-05-27 12:00:00,
RWZI Berlaar,2025-05-27 12:00:00,
RWZI Moerbeke,2025-05-26 12:00:00,
RWZI Brugge,2025-05-26 12:00:00,2025-05-26 12:00:00
RWZI Moerbeke,2025-05-26 12:00:00,2025-05-26 12:00:00
RWZI Helkijn,2025-05-26 12:00:00,
RWZI Helkijn,2025-05-26 12:00:00,
RWZI Sint-Lievens-Esse,2025-05-26 12:00:00,
RWZI Sint-Lievens-Esse,2025-05-26 12:00:00,2025-05-26 12:00:00
RWZI Moerbeke,2025-05-21 12:00:00,
RWZI Heldergem,2025-05-21 12:00:00,
RWZI Boortmeerbeek,2025-05-19 12:00:00,2025-05-19 12:00:00
RWZI Mol,2025-05-19 12:00:00,
RWZI Anzegem - Centrum,2025-05-19 12:00:00,2025-05-19 12:00:00
RWZI niet gedefinieerd,2025-05-19 12:00:00,
RWZI Duffel,2025-05-19 12:00:00,2025-05-19 12:00:00
RWZI Anzegem - Centrum,2025-05-19 12:00:00,
RWZI Lozen,2025-05-15 12:00:00,
RWZI Wulpen,2025-05-13 12:00:00,
RWZI Lede,2025-05-13 12:00:00,2025-05-13 12:00:00
RWZI Hove,2025-05-13 12:00:00,
RWZI Mechelen-Noord,2025-05-13 12:00:00,
RWZI Heist,2025-05-13 12:00:00,
RWZI Bambrugge,2025-05-12 12:00:00,
WZI Farm Frites Bravi Sint-Truiden (Aqua&#43;),2025-05-12 12:00:00,
RWZI niet gedefinieerd,2025-05-09 12:00:00,
RWZI Merchtem,2025-05-08 12:00:00,2025-05-08 12:00:00
RWZI Merchtem,2025-05-08 12:00:00,2025-05-08 12:00:00
RWZI Merchtem,2025-05-08 12:00:00,2025-05-08 12:00:00
RWZI Leuven,2025-05-05 12:00:00,
RWZI Brugge,2025-05-05 12:00:00,2025-05-05 12:00:00
RWZI Heist,2025-05-05 12:00:00,
RWZI Pulderbos,2025-05-05 12:00:00,2025-05-05 12:00:00
RWZI Schilde,2025-04-30 12:00:00,2025-04-30 12:00:00
Riolstreng Kortenaken - Kersbeek-Miskom,2025-04-28 12:00:00,2025-04-28 12:00:00
RWZI niet gedefinieerd,2025-04-24 12:00:00,
RWZI Tervuren,2025-04-24 12:00:00,2025-04-24 12:00:00
RWZI Beernem,2025-04-24 12:00:00,
RWZI Beveren - Leie,2025-04-23 12:00:00,
RWZI Aalter,2025-04-23 12:00:00,2025-04-23 12:00:00
RWZI Grimbergen,2025-04-23 12:00:00,2025-04-23 12:00:00
RWZI Poperinge,2025-04-22 12:00:00,2025-04-22 12:00:00
RWZI Roeselare,2025-04-22 12:00:00,2025-04-22 12:00:00
RWZI Halen,2025-04-22 12:00:00,2025-04-22 12:00:00
RWZI Halen,2025-04-22 12:00:00,2025-04-22 12:00:00
RWZI Halen,2025-04-22 12:00:00,2025-04-22 12:00:00
RWZI Mol,2025-04-21 12:00:00,2025-04-21 12:00:00
RWZI Moelingen,2025-04-18 12:00:00,
RWZI Zemst - Hofstade,2025-04-17 12:00:00,2025-04-17 12:00:00
RWZI Riemst,2025-04-17 12:00:00,2025-04-17 12:00:00
RWZI Moelingen,2025-04-17 12:00:00,2025-04-17 12:00:00
RWZI Riemst,2025-04-17 12:00:00,2025-04-17 12:00:00
RWZI Aartselaar,2025-04-16 12:00:00,
RWZI Zemst - Hofstade,2025-04-16 12:00:00,2025-04-16 12:00:00
RWZI Poperinge,2025-04-14 12:00:00,2025-04-14 12:00:00
RWZI Brugge,2025-04-14 12:00:00,2025-04-14 12:00:00
RWZI Heist-op-den-Berg,2025-04-14 12:00:00,2025-04-14 12:00:00
RWZI Herentals,2025-04-14 12:00:00,2025-04-14 12:00:00
RWZI Grobbendonk,2025-04-10 12:00:00,
RWZI Herentals,2025-04-10 12:00:00,
RWZI Nijlen,2025-04-10 12:00:00,
RWZI Heist-op-den-Berg,2025-04-10 12:00:00,
RWZI Heusden,2025-04-08 12:00:00,2025-04-08 12:00:00
RWZI Zolder,2025-04-08 12:00:00,2025-04-08 12:00:00
RWZI niet gedefinieerd,2025-04-08 12:00:00,
RWZI niet gedefinieerd,2025-04-08 12:00:00,
RWZI Rotselaar,2025-04-07 12:00:00,
RWZI Rotselaar,2025-04-07 12:00:00,
RWZI Tervuren,2025-04-07 12:00:00,2025-04-07 12:00:00
RWZI Beveren - Leie,2025-04-07 12:00:00,
RWZI Bornem,2025-04-04 12:00:00,2025-04-04 12:00:00
RWZI Bornem,2025-04-03 12:00:00,2025-04-03 12:00:00
RWZI Bornem,2025-04-03 12:00:00,2025-04-03 12:00:00
RWZI Lummen - Geneiken,2025-04-02 12:00:00,
RWZI Schilde,2025-04-02 12:00:00,2025-04-02 12:00:00
RWZI Geel,2025-04-02 12:00:00,2025-04-02 12:00:00
RWZI Geel,2025-04-02 12:00:00,2025-04-02 12:00:00
RWZI Sint-Maria-Aalter,2025-04-01 12:00:00,
RWZI Aalter,2025-03-31 12:00:00,
RWZI Eksel,2025-03-31 12:00:00,2025-03-31 12:00:00
RWZI Diest,2025-03-31 12:00:00,
RWZI Steenokkerzeel-Zuid,2025-03-31 12:00:00,
RWZI Ninove,2025-03-27 12:00:00,2025-03-27 12:00:00
RWZI Alken,2025-03-26 12:00:00,
RWZI Tielt-Winge,2025-03-26 12:00:00,
RWZI Riemst,2025-03-25 12:00:00,
RWZI Wijtschate,2025-03-24 12:00:00,
RWZI Wichelen,2025-03-24 12:00:00,
RWZI Melle,2025-03-24 12:00:00,
RWZI Rotselaar,2025-03-24 12:00:00,
RWZI Rotselaar,2025-03-24 12:00:00,
RWZI Brugge,2025-03-21 12:00:00,
RWZI Brugge,2025-03-21 12:00:00,
RWZI Brugge,2025-03-21 12:00:00,
RWZI Brugge,2025-03-21 12:00:00,
RWZI Brugge,2025-03-21 12:00:00,
RWZI Brugge,2025-03-20 12:00:00,2025-03-20 12:00:00
RWZI Achel,2025-03-19 12:00:00,2025-03-19 12:00:00
RWZI Kinrooi - Kessenich,2025-03-17 12:00:00,
RWZI Dendermonde,2025-03-17 12:00:00,
RWZI Dendermonde,2025-03-17 12:00:00,
RWZI niet gedefinieerd,2025-03-13 12:00:00,
RWZI Tervuren,2025-03-11 12:00:00,
RWZI Tervuren,2025-03-11 12:00:00,
RWZI Tervuren,2025-03-11 12:00:00,2025-03-11 12:00:00
RWZI Tervuren,2025-03-11 12:00:00,2025-03-11 12:00:00
RWZI Tervuren,2025-03-11 12:00:00,
RWZI Tervuren,2025-03-11 12:00:00,
RWZI Brugge,2025-03-11 12:00:00,2025-03-11 12:00:00
RWZI Mechelen-Noord,2025-03-10 12:00:00,2025-03-10 12:00:00
RWZI Heule,2025-03-10 12:00:00,
RWZI Aalter,2025-03-10 12:00:00,
RWZI niet gedefinieerd,2025-03-07 12:00:00,
RWZI Roeselare,2025-03-05 12:00:00,2025-03-05 12:00:00
RWZI Oplinter,2025-03-05 12:00:00,
RWZI Roeselare,2025-03-05 12:00:00,
RWZI Berlaar,2025-03-04 12:00:00,
RWZI Asse - Bollebeek,2025-03-03 12:00:00,
RWZI Tessenderlo,2025-02-25 12:00:00,
RWZI Boortmeerbeek,2025-02-24 12:00:00,
RWZI Rotselaar,2025-02-24 12:00:00,
RWZI Mol,2025-02-24 12:00:00,
RWZI Boortmeerbeek,2025-02-19 12:00:00,
RWZI Aalter,2025-02-19 12:00:00,
RWZI Mechelen-Noord,2025-02-19 12:00:00,2025-02-19 12:00:00
RWZI Brugge,2025-02-18 12:00:00,
RWZI Kortemark,2025-02-17 12:00:00,
RWZI Tervuren,2025-02-17 12:00:00,2025-02-17 12:00:00
RWZI Boom,2025-02-12 12:00:00,
RWZI Beverlo,2025-02-12 12:00:00,
RWZI Beverlo,2025-02-12 12:00:00,
RWZI Vosselaar,2025-02-11 12:00:00,2025-02-11 12:00:00
RWZI Vosselaar,2025-02-11 12:00:00,2025-02-11 12:00:00
RWZI Beverlo,2025-02-11 12:00:00,
RWZI Beverlo,2025-02-11 12:00:00,
RWZI Mechelen-Noord,2025-02-11 12:00:00,
RWZI Olsene,2025-02-10 12:00:00,
RWZI Leuven,2025-02-10 12:00:00,
RWZI Boekhoute,2025-02-06 12:00:00,
RWZI Boekhoute,2025-02-06 12:00:00,2025-02-06 12:00:00
RWZI Boekhoute,2025-02-06 12:00:00,2025-02-06 12:00:00
RWZI Boekhoute,2025-02-06 12:00:00,2025-02-06 12:00:00
RWZI Beersel,2025-02-05 12:00:00,2025-02-05 12:00:00
RWZI Diest,2025-02-05 12:00:00,2025-02-05 12:00:00
RWZI Brugge,2025-01-30 12:00:00,2025-01-30 12:00:00
RWZI Brugge,2025-01-30 12:00:00,2025-01-30 12:00:00
RWZI Brugge,2025-01-30 12:00:00,2025-01-30 12:00:00
RWZI Brugge,2025-01-30 12:00:00,2025-01-30 12:00:00
RWZI Brugge,2025-01-30 12:00:00,2025-01-30 12:00:00
RWZI Maldegem,2025-01-29 12:00:00,2025-01-29 12:00:00
RWZI Ronse,2025-01-29 12:00:00,2025-01-29 12:00:00
Riolstreng Mechelen-Noord,2025-01-29 12:00:00,2025-01-29 12:00:00
RWZI Geel,2025-01-28 12:00:00,
RWZI Ronse,2025-01-27 12:00:00,2025-01-27 12:00:00
RWZI Geel,2025-01-27 12:00:00,
RWZI Aalter,2025-01-27 12:00:00,
RWZI Damme - Lapscheure,2025-01-27 12:00:00,
RWZI Mol,2025-01-27 12:00:00,
RWZI Brugge,2025-01-23 12:00:00,
RWZI Maarkedal - Oudenhove,2025-01-23 12:00:00,
RWZI Brugge,2025-01-23 12:00:00,2025-01-23 12:00:00
RWZI Brugge,2025-01-23 12:00:00,
RWZI Pittem,2025-01-23 12:00:00,
RWZI Brugge,2025-01-23 12:00:00,2025-01-23 12:00:00
RWZI Brugge,2025-01-23 12:00:00,
RWZI Ronse,2025-01-22 12:00:00,
RWZI Beverlo,2025-01-22 12:00:00,2025-01-22 12:00:00
RWZI Beverlo,2025-01-22 12:00:00,2025-01-22 12:00:00
RWZI Grobbendonk,2025-01-21 12:00:00,2025-01-21 12:00:00
RWZI Mol,2025-01-21 12:00:00,2025-01-21 12:00:00
RWZI Beverlo,2025-01-21 12:00:00,
RWZI Pittem,2025-01-21 12:00:00,
RWZI Beverlo,2025-01-21 12:00:00,
RWZI Mechelen-Noord,2025-01-20 12:00:00,
RWZI Houthalen-Centrum,2025-01-20 12:00:00,2025-01-20 12:00:00
RWZI Brugge,2025-01-20 12:00:00,2025-01-20 12:00:00
RWZI Beverlo,2025-01-20 12:00:00,
RWZI Beverlo,2025-01-20 12:00:00,
RWZI Houthalen-Centrum,2025-01-20 12:00:00,2025-01-20 12:00:00
RWZI Pittem,2025-01-17 12:00:00,
RWZI Pittem,2025-01-16 12:00:00,2025-01-16 12:00:00
Slibdroger Houthalen,2025-01-09 12:00:00,
RWZI niet gedefinieerd,2025-01-09 12:00:00,
RWZI Brakel - Michelbeke,2025-01-08 12:00:00,
RWZI Aalter,2025-01-06 12:00:00,2025-01-06 12:00:00
RWZI Asse - Bekkerzeel,2025-01-06 12:00:00,2025-01-06 12:00:00
RWZI Asse - Bekkerzeel,2025-01-06 12:00:00,2025-01-06 12:00:00
RWZI Brakel - Michelbeke,2025-01-03 12:00:00,2025-01-03 12:00:00
RWZI niet gedefinieerd,2024-12-20 12:00:00,
Riolstreng Ronse,2024-12-18 12:00:00,2024-12-18 12:00:00
Riolstreng Ronse,2024-12-18 12:00:00,2024-12-18 12:00:00
RWZI Gent,2024-12-17 12:00:00,
RWZI Gent,2024-12-17 12:00:00,
RWZI Aalter,2024-12-16 12:00:00,
RWZI Merelbeke,2024-12-16 12:00:00,
RWZI Zichen,2024-12-16 12:00:00,
RWZI Tessenderlo,2024-12-16 12:00:00,
RWZI niet gedefinieerd,2024-12-10 12:00:00,
RWZI Steenokkerzeel-Zuid,2024-12-09 12:00:00,
RWZI Boortmeerbeek,2024-12-09 12:00:00,2024-12-09 12:00:00
RWZI Ronse,2024-12-09 12:00:00,
RWZI Brugge,2024-12-06 12:00:00,
RWZI Brugge,2024-12-06 12:00:00,
RWZI Brugge,2024-12-06 12:00:00,
RWZI Steenokkerzeel-Zuid,2024-12-06 12:00:00,
RWZI Schoten,2024-12-06 12:00:00,
RWZI niet gedefinieerd,2024-12-05 12:00:00,
RWZI Ruisbroek,2024-12-02 12:00:00,
RWZI Essen,2024-11-27 12:00:00,2024-11-27 12:00:00
RWZI Zonhoven,2024-11-26 12:00:00,
RWZI Aalter,2024-11-26 12:00:00,
RWZI Kinrooi-Molenbeersel,2024-11-25 12:00:00,
RWZI Mol,2024-11-25 12:00:00,
RWZI Wommelgem,2024-11-25 12:00:00,2024-11-25 12:00:00
RWZI Brugge,2024-11-19 12:00:00,
RWZI Steenokkerzeel-Zuid,2024-11-19 12:00:00,
RWZI Brugge,2024-11-19 12:00:00,
RWZI Berlaar,2024-11-19 12:00:00,
RWZI Steenokkerzeel-Zuid,2024-11-19 12:00:00,
RWZI Brugge,2024-11-19 12:00:00,
RWZI Wolfsdonk,2024-11-18 12:00:00,2024-11-18 12:00:00
RWZI Zonnebeke,2024-11-18 12:00:00,
RWZI Aartselaar,2024-11-14 12:00:00,2024-11-14 12:00:00
RWZI Boortmeerbeek,2024-11-13 12:00:00,2024-11-13 12:00:00
RWZI Tessenderlo,2024-11-12 12:00:00,2024-11-12 12:00:00
RWZI Engsbergen,2024-11-12 12:00:00,
RWZI niet gedefinieerd,2024-11-06 12:00:00,
RWZI Zonhoven,2024-11-06 12:00:00,2024-11-06 12:00:00
RWZI Sint-Amands,2024-11-05 12:00:00,2024-11-05 12:00:00
RWZI Menen,2024-11-05 12:00:00,2024-11-05 12:00:00
RWZI Kinrooi-Molenbeersel,2024-11-04 12:00:00,2024-11-04 12:00:00
RWZI Ruddervoorde,2024-11-04 12:00:00,2024-11-04 12:00:00
RWZI Merksplas,2024-11-04 12:00:00,2024-11-04 12:00:00
RWZI Brakel,2024-11-04 12:00:00,2024-11-04 12:00:00
RWZI Beernem,2024-11-04 12:00:00,
RWZI Gavere,2024-11-04 12:00:00,2024-11-04 12:00:00
RWZI Aalter,2024-11-04 12:00:00,
RWZI Vosselaar,2024-11-04 12:00:00,2024-11-04 12:00:00
RWZI Aalst,2024-11-04 12:00:00,2024-11-04 12:00:00
RWZI Bocholt,2024-11-04 12:00:00,2024-11-04 12:00:00
RWZI Kinrooi - Kessenich,2024-10-21 12:00:00,2024-10-21 12:00:00
RWZI Ruisbroek,2024-10-21 12:00:00,2024-10-21 12:00:00
RWZI Beernem,2024-10-15 12:00:00,
RWZI Aalter,2024-10-14 12:00:00,
RWZI niet gedefinieerd,2024-10-10 12:00:00,2024-10-10 12:00:00
RWZI niet gedefinieerd,2024-10-09 12:00:00,
RWZI niet gedefinieerd,2024-10-08 12:00:00,
RWZI Moelingen,2024-10-08 12:00:00,2024-10-08 12:00:00
RWZI Rollegem,2024-10-08 12:00:00,2024-10-08 12:00:00
RWZI Rollegem,2024-10-08 12:00:00,
RWZI Bierbeek,2024-10-07 12:00:00,2024-10-07 12:00:00
RWZI Vosselaar,2024-10-07 12:00:00,2024-10-07 12:00:00
RWZI Kinrooi - Kessenich,2024-10-07 12:00:00,2024-10-07 12:00:00
RWZI Genk,2024-10-07 12:00:00,
RWZI Genk,2024-10-07 12:00:00,2024-10-07 12:00:00
RWZI Tessenderlo,2024-10-07 12:00:00,2024-10-07 12:00:00
RWZI niet gedefinieerd,2024-10-03 12:00:00,
RWZI Rollegem,2024-10-03 12:00:00,2024-10-03 12:00:00
RWZI Parike,2024-10-02 12:00:00,
RWZI Parike,2024-10-02 12:00:00,
RWZI Beernem,2024-10-01 12:00:00,2024-10-01 12:00:00
RWZI niet gedefinieerd,2024-10-01 12:00:00,
RWZI niet gedefinieerd,2024-10-01 12:00:00,
RWZI Merelbeke,2024-09-30 12:00:00,
RWZI Gavere,2024-09-30 12:00:00,
RWZI Dendermonde,2024-09-24 12:00:00,2024-09-24 12:00:00
RWZI Beernem,2024-09-24 12:00:00,
Riolstreng Huldenberg,2024-09-24 12:00:00,2024-09-24 12:00:00
RWZI Kallo,2024-09-24 12:00:00,
RWZI Dendermonde,2024-09-24 12:00:00,2024-09-24 12:00:00
RWZI Merksplas,2024-09-24 12:00:00,2024-09-24 12:00:00
RWZI Bocholt,2024-09-23 12:00:00,
RWZI Grobbendonk,2024-09-23 12:00:00,2024-09-23 12:00:00
RWZI Grobbendonk,2024-09-23 12:00:00,2024-09-23 12:00:00
RWZI niet gedefinieerd,2024-09-23 12:00:00,
RWZI Grobbendonk,2024-09-23 12:00:00,2024-09-23 12:00:00
RWZI Aartselaar,2024-09-23 12:00:00,
RWZI Aalter,2024-09-23 12:00:00,
RWZI Kallo,2024-09-23 12:00:00,
RWZI Blaasveld,2024-09-23 12:00:00,
RWZI niet gedefinieerd,2024-09-19 12:00:00,
RWZI niet gedefinieerd,2024-09-19 12:00:00,
RWZI Heist,2024-09-18 12:00:00,
RWZI Lozen,2024-09-18 12:00:00,2024-09-18 12:00:00
"Menen, gemeentelijk stelsel",2024-09-16 12:00:00,2024-09-16 12:00:00
RWZI Melle,2024-09-16 12:00:00,
"Menen, gemeentelijk stelsel",2024-09-16 12:00:00,2024-09-16 12:00:00
RWZI Aartselaar,2024-09-16 12:00:00,
RWZI niet gedefinieerd,2024-09-16 12:00:00,
RWZI Oud-Turnhout,2024-09-12 12:00:00,
RWZI Galmaarden,2024-09-11 12:00:00,2024-09-11 12:00:00
RWZI Brakel,2024-09-11 12:00:00,
RWZI niet gedefinieerd,2024-09-10 12:00:00,
RWZI Blaasveld,2024-09-10 12:00:00,
RWZI Brakel,2024-09-10 12:00:00,2024-09-10 12:00:00
RWZI Grobbendonk,2024-09-10 12:00:00,2024-09-10 12:00:00
RWZI Zwalm,2024-09-04 12:00:00,
RWZI Beverlo,2024-09-04 12:00:00,2024-09-04 12:00:00
RWZI Beverlo,2024-09-04 12:00:00,2024-09-04 12:00:00
RWZI Zwalm,2024-09-04 12:00:00,2024-09-04 12:00:00
RWZI Aalter,2024-09-03 12:00:00,
RWZI Beernem,2024-09-03 12:00:00,
RWZI Poperinge,2024-09-03 12:00:00,2024-09-03 12:00:00
RWZI Poperinge,2024-09-02 12:00:00,2024-09-02 12:00:00
RWZI Beverlo,2024-08-28 12:00:00,2024-08-28 12:00:00
RWZI Beverlo,2024-08-28 12:00:00,2024-08-28 12:00:00
RWZI Beverlo,2024-08-28 12:00:00,2024-08-28 12:00:00
RWZI Beverlo,2024-08-26 12:00:00,2024-08-26 12:00:00
RWZI Beverlo,2024-08-26 12:00:00,2024-08-26 12:00:00
RWZI Gooik - Letterbeek,2024-08-23 12:00:00,
RWZI Loker,2024-08-21 12:00:00,2024-08-21 12:00:00
RWZI Beverlo,2024-08-21 12:00:00,
RWZI Beverlo,2024-08-21 12:00:00,
RWZI Beverlo,2024-08-21 12:00:00,2024-08-21 12:00:00
RWZI Loker,2024-08-20 12:00:00,2024-08-20 12:00:00
RWZI Aalter,2024-08-20 12:00:00,
RWZI Beverlo,2024-08-19 12:00:00,2024-08-19 12:00:00
RWZI Beverlo,2024-08-19 12:00:00,2024-08-19 12:00:00
RWZI Beerse,2024-08-09 12:00:00,2024-08-09 12:00:00
RWZI Liedekerke,2024-08-09 12:00:00,2024-08-09 12:00:00
RWZI Malle,2024-08-09 12:00:00,2024-08-09 12:00:00
RWZI Loker,2024-08-07 12:00:00,2024-08-07 12:00:00
RWZI Zondereigen,2024-08-07 12:00:00,2024-08-07 12:00:00
RWZI Loker,2024-08-07 12:00:00,2024-08-07 12:00:00
RWZI Vissenaken,2024-08-02 12:00:00,2024-08-02 12:00:00
RWZI niet gedefinieerd,2024-08-01 12:00:00,
"Lichtaart, drukrioleringen",2024-07-31 12:00:00,2024-07-31 12:00:00
RWZI niet gedefinieerd,2024-07-30 12:00:00,
RWZI Loker,2024-07-30 12:00:00,
RWZI Loker,2024-07-30 12:00:00,2024-07-30 12:00:00
RWZI Loker,2024-07-30 12:00:00,2024-07-30 12:00:00
RWZI Loker,2024-07-29 12:00:00,2024-07-29 12:00:00
RWZI Poperinge,2024-07-29 12:00:00,
RWZI Loker,2024-07-29 12:00:00,
RWZI niet gedefinieerd,2024-07-25 12:00:00,
RWZI Loker,2024-07-24 12:00:00,
RWZI Wingene,2024-07-23 12:00:00,
RWZI Aalter,2024-07-22 12:00:00,
RWZI Wingene,2024-07-16 12:00:00,
RWZI Wingene,2024-07-16 12:00:00,
RWZI Evergem,2024-07-10 12:00:00,
RWZI Waregem,2024-07-08 12:00:00,
RWZI Waregem,2024-07-08 12:00:00,
RWZI Beersel,2024-07-07 12:00:00,
RWZI Beersel,2024-07-07 12:00:00,
RWZI niet gedefinieerd,2024-07-04 12:00:00,
RWZI niet gedefinieerd,2024-07-04 12:00:00,
RWZI Rollegem,2024-07-03 12:00:00,
RWZI Rollegem,2024-07-03 12:00:00,
RWZI Merksplas,2024-07-02 12:00:00,
RWZI Loker,2024-07-02 12:00:00,
RWZI niet gedefinieerd,2024-07-02 12:00:00,
RWZI Aalter,2024-07-01 12:00:00,
RWZI Brakel,2024-07-01 12:00:00,
RWZI Jabbeke,2024-06-26 12:00:00,
RWZI Jabbeke,2024-06-26 12:00:00,
RWZI Jabbeke,2024-06-26 12:00:00,2024-06-26 12:00:00
RWZI Alken,2024-06-25 12:00:00,
RWZI Helkijn,2024-06-25 12:00:00,
RWZI Beverlo,2024-06-24 12:00:00,
RWZI Beverlo,2024-06-24 12:00:00,
RWZI Beverlo,2024-06-19 12:00:00,
RWZI niet gedefinieerd,2024-06-18 12:00:00,
RWZI Beernem,2024-06-18 12:00:00,
RWZI Bocholt,2024-06-17 12:00:00,
RWZI Galmaarden,2024-06-12 12:00:00,
RWZI Evergem,2024-06-11 12:00:00,
RWZI Galmaarden,2024-06-11 12:00:00,
RWZI Galmaarden,2024-06-10 12:00:00,
RWZI Aalter,2024-06-10 12:00:00,
RWZI Deurne,2024-06-04 12:00:00,
RWZI niet gedefinieerd,2024-06-04 12:00:00,
RWZI Beernem,2024-06-03 12:00:00,
RWZI Sint-Lievens-Houtem - Bavegem,2024-06-03 12:00:00,
RWZI niet gedefinieerd,2024-05-23 12:00:00,
RWZI Alken,2024-05-21 12:00:00,
RWZI niet gedefinieerd,2024-05-21 12:00:00,
RWZI Alken,2024-05-21 12:00:00,
RWZI Aalter,2024-05-21 12:00:00,
RWZI Alken,2024-05-21 12:00:00,
Slibdroger Deurne,2024-05-20 12:00:00,
"Stekene, beheer IBA's",2024-05-14 12:00:00,
RWZI Evergem,2024-05-07 12:00:00,
RWZI Huldenberg,2024-05-06 12:00:00,
RWZI Huldenberg,2024-05-06 12:00:00,
RWZI Merelbeke,2024-05-06 12:00:00,
RWZI Merelbeke,2024-05-06 12:00:00,
RWZI Mol,2024-04-29 12:00:00,
RWZI Arendonk,2024-04-29 12:00:00,
RWZI Arendonk,2024-04-29 12:00:00,
RWZI Tervuren,2024-04-23 12:00:00,
RWZI niet gedefinieerd,2024-04-23 12:00:00,
RWZI Schilde,2024-04-22 12:00:00,
RWZI Boom,2024-04-22 12:00:00,
RWZI Schilde,2024-04-22 12:00:00,
RWZI Boom,2024-04-22 12:00:00,
RWZI niet gedefinieerd,2024-04-16 12:00:00,
RWZI niet gedefinieerd,2024-04-16 12:00:00,
RWZI Evergem,2024-04-15 12:00:00,
RWZI Beernem,2024-04-08 12:00:00,
WZI Colruyt Barry Halle,2024-04-08 12:00:00,
RWZI Alken,2024-04-08 12:00:00,
RWZI Alken,2024-04-07 12:00:00,
RWZI Sint-Niklaas,2024-04-03 12:00:00,
RWZI Sint-Niklaas,2024-04-03 12:00:00,
RWZI Kalmthout,2024-04-02 12:00:00,
RWZI Alken,2024-04-02 12:00:00,
"Stekene, beheer IBA's",2024-03-29 12:00:00,2024-03-29 12:00:00
RWZI niet gedefinieerd,2024-03-28 12:00:00,
RWZI Poperinge,2024-03-27 12:00:00,
RWZI Heule,2024-03-26 12:00:00,
RWZI Tessenderlo,2024-03-26 12:00:00,
RWZI Kalmthout,2024-03-26 12:00:00,
RWZI Tervuren,2024-03-26 12:00:00,
RWZI Heule,2024-03-26 12:00:00,
RWZI Edegem,2024-03-25 12:00:00,
RWZI Oud-Turnhout,2024-03-25 12:00:00,
RWZI Peer,2024-03-21 12:00:00,
"Stekene, beheer IBA's",2024-03-13 12:00:00,2024-03-13 12:00:00
RWZI Beernem,2024-03-13 12:00:00,
RWZI Gent,2024-03-12 12:00:00,
RWZI niet gedefinieerd,2024-03-12 12:00:00,
RWZI Asse - Bekkerzeel,2024-03-12 12:00:00,
"Maldegem, Beheer IBA's",2024-03-12 12:00:00,2024-03-12 12:00:00
RWZI Evergem,2024-03-12 12:00:00,
RWZI Gent,2024-03-12 12:00:00,
RWZI Bornem,2024-03-11 12:00:00,2024-03-11 12:00:00
RWZI Liedekerke,2024-03-06 12:00:00,
RWZI Liedekerke,2024-03-06 12:00:00,
RWZI Liedekerke,2024-03-06 12:00:00,
RWZI Liedekerke,2024-03-04 12:00:00,
RWZI Malle,2024-03-04 12:00:00,
RWZI Ravels,2024-03-04 12:00:00,
RWZI Wulpen,2024-03-04 12:00:00,
RWZI Wulpen,2024-03-04 12:00:00,
RWZI Aartselaar,2024-02-29 12:00:00,
RWZI Aartselaar,2024-02-29 12:00:00,
RWZI niet gedefinieerd,2024-02-27 12:00:00,
RWZI Sinaai,2024-02-27 12:00:00,
RWZI Ertvelde,2024-02-26 12:00:00,2024-02-26 12:00:00
RWZI Ertvelde,2024-02-26 12:00:00,
WZI Colruyt Barry Halle,2024-02-19 12:00:00,
WZI Colruyt Barry Halle,2024-02-19 12:00:00,
WZI Colruyt Barry Halle,2024-02-19 12:00:00,
RWZI Evergem,2024-02-19 12:00:00,
WZI Colruyt Barry Halle,2024-02-19 12:00:00,
RWZI niet gedefinieerd,2024-02-13 12:00:00,
RWZI Roeselare,2024-02-12 12:00:00,
RWZI Beernem,2024-02-12 12:00:00,2024-02-12 12:00:00
RWZI Grobbendonk,2024-02-09 12:00:00,
RWZI Mol,2024-02-09 12:00:00,
RWZI niet gedefinieerd,2024-02-08 12:00:00,
RWZI Antwerpen-Zuid,2024-02-07 12:00:00,
RWZI Mol,2024-02-07 12:00:00,
RWZI Overschelde,2024-02-05 12:00:00,
RWZI Overschelde,2024-02-05 12:00:00,
RWZI Kluisbergen,2024-01-31 12:00:00,
RWZI niet gedefinieerd,2024-01-30 12:00:00,
RWZI Tielt,2024-01-30 12:00:00,
RWZI Pulderbos,2024-01-29 12:00:00,
RWZI Brasschaat,2024-01-29 12:00:00,
RWZI Elsegem,2024-01-29 12:00:00,
RWZI Elsegem,2024-01-29 12:00:00,
RWZI Pulderbos,2024-01-29 12:00:00,
RWZI Ruddervoorde,2024-01-24 12:00:00,
RWZI niet gedefinieerd,2024-01-23 12:00:00,
RWZI Ronse,2024-01-23 12:00:00,
RWZI Merchtem,2024-01-22 12:00:00,
RWZI Antwerpen-Zuid,2024-01-21 12:00:00,
RWZI Ieper,2024-01-17 12:00:00,
RWZI Oud-Heverlee,2024-01-17 12:00:00,
RWZI niet gedefinieerd,2024-01-16 12:00:00,
RWZI Elsegem,2024-01-16 12:00:00,2024-01-16 12:00:00
RWZI Grobbendonk,2024-01-15 12:00:00,
RWZI Beernem,2024-01-15 12:00:00,
RWZI Tervuren,2024-01-13 12:00:00,
RWZI Beernem,2024-01-12 12:00:00,
RWZI Beernem,2024-01-12 12:00:00,2024-01-12 12:00:00
RWZI Zandbergen,2024-01-11 12:00:00,
RWZI Aalst,2024-01-10 12:00:00,
RWZI Antwerpen-Zuid,2024-01-09 12:00:00,
RWZI Aalst,2024-01-09 12:00:00,
RWZI Aalst,2024-01-09 12:00:00,
RWZI niet gedefinieerd,2024-01-04 12:00:00,
RWZI Antwerpen-Zuid,2024-01-03 12:00:00,
RWZI Antwerpen-Zuid,2024-01-03 12:00:00,
RWZI Antwerpen-Zuid,2024-01-02 12:00:00,
RWZI niet gedefinieerd,2023-12-21 12:00:00,
RWZI Neeroeteren,2023-12-20 12:00:00,
RWZI niet gedefinieerd,2023-12-19 12:00:00,
RWZI niet gedefinieerd,2023-12-19 12:00:00,
RWZI Zichen,2023-12-19 12:00:00,
RWZI Genk,2023-12-18 12:00:00,
RWZI Poperinge,2023-12-18 12:00:00,
RWZI Beernem,2023-12-18 12:00:00,
RWZI Steenokkerzeel-Noord,2023-12-18 12:00:00,
RWZI Bilzen,2023-12-18 12:00:00,
RWZI Bilzen,2023-12-16 12:00:00,
RWZI Evergem,2023-12-14 12:00:00,
RWZI Wommelgem,2023-12-13 12:00:00,
RWZI niet gedefinieerd,2023-12-12 12:00:00,
RWZI Kortenaken - Kersbeek-Miskom,2023-12-12 12:00:00,
RWZI Antwerpen-Zuid,2023-12-12 12:00:00,
RWZI Zonhoven,2023-12-12 12:00:00,
Riolstreng Dessel,2023-12-11 12:00:00,
RWZI Asse - Bollebeek,2023-12-11 12:00:00,
RWZI Beveren,2023-12-07 12:00:00,
RWZI Leuven,2023-12-05 12:00:00,2023-12-05 12:00:00
RWZI Lommel,2023-12-05 12:00:00,2023-12-05 12:00:00
RWZI Neeroeteren,2023-12-05 12:00:00,
RWZI Aalter,2023-12-04 12:00:00,2023-12-04 12:00:00
RWZI Hasselt,2023-12-04 12:00:00,
RWZI Poperinge,2023-11-30 12:00:00,
RWZI Oudenaarde,2023-11-30 12:00:00,
RWZI Berlare,2023-11-30 12:00:00,
RWZI Grobbendonk,2023-11-29 12:00:00,2023-11-29 12:00:00
RWZI Grobbendonk,2023-11-29 12:00:00,2023-11-29 12:00:00
RWZI Grobbendonk,2023-11-29 12:00:00,
RWZI Melle,2023-11-28 12:00:00,
RWZI niet gedefinieerd,2023-11-28 12:00:00,
RWZI Genk,2023-11-28 12:00:00,
RWZI Steenokkerzeel-Noord,2023-11-27 12:00:00,
RWZI Asse - Bollebeek,2023-11-27 12:00:00,
RWZI Aalter,2023-11-22 12:00:00,
RWZI Woumen,2023-11-22 12:00:00,
RWZI Neeroeteren,2023-11-22 12:00:00,
RWZI Aalter,2023-11-22 12:00:00,
RWZI Boortmeerbeek,2023-11-21 12:00:00,
RWZI Genk,2023-11-14 12:00:00,
RWZI niet gedefinieerd,2023-11-14 12:00:00,
RWZI niet gedefinieerd,2023-11-14 12:00:00,
RWZI Asse - Bollebeek,2023-11-13 12:00:00,
RWZI niet gedefinieerd,2023-11-08 12:00:00,
RWZI Evergem,2023-11-07 12:00:00,
RWZI Beverlo,2023-11-07 12:00:00,
RWZI Aalter,2023-11-06 12:00:00,
RWZI Genk,2023-11-06 12:00:00,2023-11-06 12:00:00
"Menen, gemeentelijk stelsel",2023-11-06 12:00:00,2023-11-06 12:00:00
RWZI Steenokkerzeel-Noord,2023-11-06 12:00:00,2023-11-06 12:00:00
RWZI Neeroeteren,2023-11-06 12:00:00,
RWZI niet gedefinieerd,2023-11-03 12:00:00,
"Neeroeteren, PS Jagersborgweg",2023-11-02 12:00:00,
"Neeroeteren, PS Jagersborgweg",2023-11-02 12:00:00,2023-11-02 12:00:00
RWZI Neeroeteren,2023-11-01 12:00:00,
RWZI niet gedefinieerd,2023-10-31 12:00:00,
RWZI Asse - Bollebeek,2023-10-30 12:00:00,
RWZI Poperinge,2023-10-29 12:00:00,2023-10-29 12:00:00
RWZI Neeroeteren,2023-10-24 12:00:00,
RWZI niet gedefinieerd,2023-10-24 12:00:00,
RWZI Wulpen,2023-10-23 12:00:00,2023-10-23 12:00:00
RWZI Aalter,2023-10-21 12:00:00,
RWZI Aalter,2023-10-20 12:00:00,
RWZI Beveren,2023-10-19 12:00:00,
RWZI Aalter,2023-10-19 12:00:00,2023-10-19 12:00:00
RWZI Aalter,2023-10-18 12:00:00,
RWZI niet gedefinieerd,2023-10-17 12:00:00,
RWZI Aalter,2023-10-17 12:00:00,
RWZI Genk,2023-10-17 12:00:00,
RWZI niet gedefinieerd,2023-10-17 12:00:00,
RWZI Aalter,2023-10-16 12:00:00,
RWZI Asse - Bollebeek,2023-10-16 12:00:00,
RWZI Aalter,2023-10-16 12:00:00,2023-10-16 12:00:00
RWZI Aalter,2023-10-16 12:00:00,
RWZI Aalter,2023-10-15 12:00:00,
RWZI Aalter,2023-10-14 12:00:00,
"Hamont-Achel, PS Kluizerdijk",2023-10-13 12:00:00,2023-10-13 12:00:00
"Hamont-Achel, PS Kluizerdijk",2023-10-13 12:00:00,2023-10-13 12:00:00
RWZI Aalter,2023-10-13 12:00:00,
RWZI Aalter,2023-10-12 12:00:00,
RWZI Evergem,2023-10-11 12:00:00,
RWZI Aalter,2023-10-10 12:00:00,
RWZI Aalter,2023-10-09 12:00:00,
RWZI Aalter,2023-10-08 12:00:00,
RWZI Aalter,2023-10-07 12:00:00,
RWZI Aalter,2023-10-06 12:00:00,
RWZI Aalter,2023-10-05 12:00:00,
RWZI Aalter,2023-10-04 12:00:00,
RWZI Neeroeteren,2023-10-03 12:00:00,
RWZI Aalter,2023-10-03 12:00:00,
RWZI niet gedefinieerd,2023-10-03 12:00:00,
RWZI Aalter,2023-10-02 12:00:00,
RWZI Genk,2023-10-02 12:00:00,
RWZI Aalter,2023-10-02 12:00:00,
RWZI Aalter,2023-10-02 12:00:00,
RWZI Aalter,2023-10-01 12:00:00,
RWZI Aalter,2023-09-30 12:00:00,
RWZI Aalter,2023-09-29 12:00:00,
RWZI Aalter,2023-09-28 12:00:00,
RWZI Neeroeteren,2023-09-27 12:00:00,
RWZI Aalter,2023-09-27 12:00:00,
RWZI Achel,2023-09-26 12:00:00,
RWZI Dendermonde,2023-09-20 12:00:00,
RWZI Dendermonde,2023-09-20 12:00:00,
RWZI niet gedefinieerd,2023-09-19 12:00:00,
RWZI Boortmeerbeek,2023-09-17 12:00:00,
RWZI Boortmeerbeek,2023-09-17 12:00:00,
RWZI Boortmeerbeek,2023-09-17 12:00:00,
RWZI Kortenaken - Kersbeek-Miskom,2023-09-14 12:00:00,
RWZI Dendermonde,2023-09-12 12:00:00,2023-09-12 12:00:00
RWZI Neeroeteren,2023-09-12 12:00:00,
RWZI Moorslede,2023-09-11 12:00:00,
RWZI niet gedefinieerd,2023-09-07 12:00:00,
RWZI niet gedefinieerd,2023-09-07 12:00:00,
RWZI niet gedefinieerd,2023-09-07 12:00:00,
RWZI Kortenaken - Kersbeek-Miskom,2023-09-07 12:00:00,
RWZI Aalter,2023-09-06 12:00:00,
RWZI Aalter,2023-09-06 12:00:00,
RWZI Neeroeteren,2023-09-06 12:00:00,
RWZI niet gedefinieerd,2023-09-05 12:00:00,
RWZI Aalter,2023-09-05 12:00:00,
RWZI Westerlo,2023-08-31 12:00:00,
RWZI Ledegem,2023-08-30 12:00:00,
RWZI Ledegem,2023-08-30 12:00:00,
RWZI Neeroeteren,2023-08-30 12:00:00,
RWZI niet gedefinieerd,2023-08-25 12:00:00,
RWZI Heist,2023-08-24 12:00:00,
RWZI niet gedefinieerd,2023-08-22 12:00:00,
RWZI Zichen,2023-08-22 12:00:00,
RWZI niet gedefinieerd,2023-08-17 12:00:00,
RWZI Gingelom - Muizen,2023-08-17 12:00:00,
RWZI niet gedefinieerd,2023-08-08 12:00:00,
RWZI Neeroeteren,2023-07-25 12:00:00,
RWZI niet gedefinieerd,2023-07-25 12:00:00,
RWZI Neeroeteren,2023-07-20 12:00:00,
RWZI Roeselare,2023-07-17 12:00:00,
RWZI Neeroeteren,2023-07-16 12:00:00,
RWZI Neeroeteren,2023-07-16 12:00:00,
RWZI Aalter,2023-07-13 12:00:00,
RWZI Aalter,2023-07-13 12:00:00,
RWZI Poperinge,2023-07-11 12:00:00,
RWZI niet gedefinieerd,2023-07-11 12:00:00,
RWZI Loker,2023-07-11 12:00:00,
RWZI Oud-Turnhout,2023-07-10 12:00:00,
RWZI niet gedefinieerd,2023-07-05 12:00:00,
RWZI Rollegem,2023-07-03 12:00:00,
RWZI Tielt-Winge,2023-07-03 12:00:00,
RWZI Rollegem,2023-07-03 12:00:00,
RWZI Rollegem,2023-06-28 12:00:00,
RWZI Genk,2023-06-28 12:00:00,
RWZI niet gedefinieerd,2023-06-27 12:00:00,
RWZI Boortmeerbeek,2023-06-27 12:00:00,
RWZI Neeroeteren,2023-06-26 12:00:00,2023-06-26 12:00:00
RWZI Koersel,2023-06-26 12:00:00,
RWZI Loker,2023-06-21 12:00:00,2023-06-21 12:00:00
RWZI Stekene,2023-06-21 12:00:00,2023-06-21 12:00:00
RWZI Nieuwkerke,2023-06-21 12:00:00,
RWZI Achel,2023-06-20 12:00:00,
RWZI Gooik - Oetingen,2023-06-20 12:00:00,
RWZI niet gedefinieerd,2023-06-20 12:00:00,
RWZI Ledegem,2023-06-20 12:00:00,
RWZI Kortenberg,2023-06-19 12:00:00,
RWZI Ledegem,2023-06-18 12:00:00,
RWZI Kinrooi-Molenbeersel,2023-06-18 12:00:00,
RWZI Neeroeteren,2023-06-15 12:00:00,
RWZI niet gedefinieerd,2023-06-13 12:00:00,
RWZI Boortmeerbeek,2023-06-12 12:00:00,
RWZI Neeroeteren,2023-06-12 12:00:00,
RWZI Kinrooi-Molenbeersel,2023-06-12 12:00:00,
RWZI niet gedefinieerd,2023-06-12 12:00:00,
RWZI Zonnebeke,2023-06-12 12:00:00,
RWZI Beveren,2023-06-12 12:00:00,
RWZI Kinrooi - Kessenich,2023-06-12 12:00:00,
RWZI Dendermonde,2023-06-07 12:00:00,2023-06-07 12:00:00
RWZI Dendermonde,2023-06-07 12:00:00,2023-06-07 12:00:00
RWZI Dendermonde,2023-06-07 12:00:00,
RWZI Zichen,2023-06-05 12:00:00,
RWZI Zichen,2023-06-05 12:00:00,
RWZI Zichen,2023-06-04 12:00:00,
RWZI Genk,2023-05-31 12:00:00,
RWZI niet gedefinieerd,2023-05-31 12:00:00,
RWZI Beveren - Leie,2023-05-31 12:00:00,
RWZI Beveren - Leie,2023-05-31 12:00:00,
RWZI Sint-Maria-Lierde,2023-05-30 12:00:00,
RWZI Tielt-Winge,2023-05-30 12:00:00,
RWZI Sint-Maria-Lierde,2023-05-30 12:00:00,
RWZI Kortenberg,2023-05-29 12:00:00,
RWZI Zandvoorde,2023-05-29 12:00:00,
RWZI Zonnebeke,2023-05-26 12:00:00,
RWZI Halen,2023-05-24 12:00:00,
RWZI Sinaai,2023-05-24 12:00:00,
RWZI Sint-Maria-Lierde,2023-05-23 12:00:00,
RWZI Sint-Maria-Lierde,2023-05-23 12:00:00,
"Aldeneik, PS Bosbeek",2023-05-22 12:00:00,
"Neeroeteren, PS Tienderstraat",2023-05-22 12:00:00,
RWZI Neeroeteren,2023-05-22 12:00:00,
"Neeroeteren, PS Jagersborgweg",2023-05-22 12:00:00,
RWZI Neeroeteren,2023-05-22 12:00:00,
RWZI niet gedefinieerd,2023-05-22 12:00:00,
RWZI Neeroeteren,2023-05-22 12:00:00,
RWZI Boortmeerbeek,2023-05-22 12:00:00,2023-05-22 12:00:00
RWZI Neeroeteren,2023-05-22 12:00:00,
RWZI Neeroeteren,2023-05-22 12:00:00,
RWZI Neeroeteren,2023-05-21 12:00:00,
RWZI Neeroeteren,2023-05-20 12:00:00,
RWZI Neeroeteren,2023-05-19 12:00:00,
RWZI niet gedefinieerd,2023-05-16 12:00:00,
RWZI Sint-Maria-Lierde,2023-05-15 12:00:00,
RWZI Sint-Maria-Lierde,2023-05-15 12:00:00,
RWZI Antwerpen-Zuid,2023-05-10 12:00:00,
RWZI Aartselaar,2023-05-09 12:00:00,
RWZI Antwerpen-Zuid,2023-05-09 12:00:00,
RWZI Ouwegem,2023-05-08 12:00:00,
RWZI Sint-Maria-Lierde,2023-05-08 12:00:00,
RWZI Tielt-Winge,2023-05-08 12:00:00,
RWZI Sint-Maria-Lierde,2023-05-08 12:00:00,
RWZI niet gedefinieerd,2023-05-02 12:00:00,
RWZI Sint-Pieters-Leeuw,2023-05-02 12:00:00,
RWZI Sint-Pieters-Leeuw,2023-05-02 12:00:00,
RWZI Lichtaart,2023-05-02 12:00:00,
RWZI Kortenberg,2023-05-02 12:00:00,
RWZI Boortmeerbeek,2023-05-02 12:00:00,
RWZI niet gedefinieerd,2023-05-02 12:00:00,
RWZI Sint-Pieters-Leeuw,2023-05-02 12:00:00,
RWZI Sint-Pieters-Leeuw,2023-05-02 12:00:00,
RWZI Lichtaart,2023-04-25 12:00:00,2023-04-25 12:00:00
RWZI Kortenaken - Kersbeek-Miskom,2023-04-24 12:00:00,
RWZI Sint-Pieters-Leeuw,2023-04-20 12:00:00,
RWZI Sint-Pieters-Leeuw,2023-04-20 12:00:00,
RWZI Overschelde,2023-04-18 12:00:00,
RWZI Poperinge,2023-04-18 12:00:00,
RWZI Beveren,2023-04-18 12:00:00,
RWZI niet gedefinieerd,2023-04-18 12:00:00,
RWZI Boortmeerbeek,2023-04-17 12:00:00,
RWZI Sint-Maria-Lierde,2023-04-17 12:00:00,2023-04-17 12:00:00
RWZI Overschelde,2023-04-17 12:00:00,
RWZI Overschelde,2023-04-17 12:00:00,
RWZI Koersel,2023-04-17 12:00:00,2023-04-17 12:00:00
RWZI Sint-Maria-Lierde,2023-04-17 12:00:00,2023-04-17 12:00:00
RWZI Deurne,2023-04-12 12:00:00,2023-04-12 12:00:00
RWZI niet gedefinieerd,2023-04-12 12:00:00,
RWZI Kortenberg,2023-04-11 12:00:00,
RWZI Nieuwkerke,2023-04-11 12:00:00,2023-04-11 12:00:00
RWZI Nieuwkerke,2023-04-10 12:00:00,
RWZI niet gedefinieerd,2023-04-05 12:00:00,
RWZI Ronse,2023-04-05 12:00:00,
RWZI niet gedefinieerd,2023-04-05 12:00:00,
RWZI niet gedefinieerd,2023-04-04 12:00:00,
RWZI Sint-Maria-Lierde,2023-04-03 12:00:00,2023-04-03 12:00:00
RWZI Sint-Maria-Lierde,2023-04-03 12:00:00,2023-04-03 12:00:00
RWZI Sint-Maria-Lierde,2023-04-03 12:00:00,2023-04-03 12:00:00
RWZI niet gedefinieerd,2023-03-31 12:00:00,
RWZI niet gedefinieerd,2023-03-27 12:00:00,
RWZI niet gedefinieerd,2023-03-27 12:00:00,
RWZI Meise - Oppem,2023-03-23 12:00:00,
RWZI Sint-Maria-Lierde,2023-03-22 12:00:00,2023-03-22 12:00:00
RWZI Sint-Maria-Lierde,2023-03-22 12:00:00,2023-03-22 12:00:00
RWZI Sint-Maria-Lierde,2023-03-22 12:00:00,2023-03-22 12:00:00
RWZI Steenokkerzeel-Noord,2023-03-22 12:00:00,
RWZI Steenokkerzeel-Noord,2023-03-22 12:00:00,
RWZI niet gedefinieerd,2023-03-21 12:00:00,
RWZI niet gedefinieerd,2023-03-21 12:00:00,
RWZI Beersel,2023-03-20 12:00:00,
RWZI Kortenberg,2023-03-20 12:00:00,2023-03-20 12:00:00
RWZI Boortmeerbeek,2023-03-20 12:00:00,2023-03-20 12:00:00
RWZI Eeklo,2023-03-15 12:00:00,
RWZI Beveren - Leie,2023-03-15 12:00:00,2023-03-15 12:00:00
RWZI Eeklo,2023-03-15 12:00:00,
RWZI Dendermonde,2023-03-13 12:00:00,
RWZI Dendermonde,2023-03-13 12:00:00,
RWZI Dendermonde,2023-03-13 12:00:00,
RWZI Dendermonde,2023-03-13 12:00:00,
RWZI Boom,2023-03-09 12:00:00,
RWZI Beersel,2023-03-09 12:00:00,
RWZI Beersel,2023-03-09 12:00:00,
RWZI Vosselaar,2023-03-09 12:00:00,2023-03-09 12:00:00
RWZI Beersel,2023-03-08 12:00:00,
RWZI Beersel,2023-03-08 12:00:00,
RWZI Grimbergen,2023-03-08 12:00:00,
RWZI Galmaarden,2023-03-08 12:00:00,2023-03-08 12:00:00
RWZI Ingooigem,2023-03-07 12:00:00,
RWZI Grimbergen,2023-03-07 12:00:00,2023-03-07 12:00:00
RWZI Galmaarden,2023-03-07 12:00:00,2023-03-07 12:00:00
RWZI Dendermonde,2023-03-07 12:00:00,
RWZI Dendermonde,2023-03-07 12:00:00,
RWZI Dendermonde,2023-03-07 12:00:00,
RWZI niet gedefinieerd,2023-03-07 12:00:00,
RWZI Ingooigem,2023-03-07 12:00:00,
RWZI Zemst - Hofstade,2023-03-06 12:00:00,
RWZI Sint-Maria-Lierde,2023-03-06 12:00:00,2023-03-06 12:00:00
RWZI Sint-Pieters-Leeuw,2023-03-06 12:00:00,
RWZI Hove,2023-03-06 12:00:00,
RWZI Sint-Lievens-Houtem - Bavegem,2023-03-06 12:00:00,
RWZI Sint-Maria-Lierde,2023-03-06 12:00:00,2023-03-06 12:00:00
RWZI Ronse,2023-03-02 12:00:00,
RWZI Sint-Maria-Lierde,2023-03-02 12:00:00,
RWZI Koersel,2023-03-02 12:00:00,
RWZI Sint-Maria-Lierde,2023-03-02 12:00:00,2023-03-02 12:00:00
RWZI niet gedefinieerd,2023-03-01 12:00:00,
RWZI niet gedefinieerd,2023-03-01 12:00:00,
RWZI Hoeselt,2023-02-28 12:00:00,
RWZI Boom,2023-02-27 12:00:00,2023-02-27 12:00:00
RWZI Eke,2023-02-27 12:00:00,
RWZI Lede,2023-02-27 12:00:00,
RWZI niet gedefinieerd,2023-02-21 12:00:00,
RWZI Boortmeerbeek,2023-02-20 12:00:00,
RWZI Tessenderlo,2023-02-20 12:00:00,
RWZI Boortmeerbeek,2023-02-13 12:00:00,
RWZI Hove,2023-02-13 12:00:00,2023-02-13 12:00:00
RWZI Boortmeerbeek,2023-02-12 12:00:00,2023-02-12 12:00:00
RWZI Boortmeerbeek,2023-02-11 12:00:00,
RWZI Boortmeerbeek,2023-02-11 12:00:00,
RWZI Boortmeerbeek,2023-02-10 12:00:00,
RWZI Boortmeerbeek,2023-02-10 12:00:00,2023-02-10 12:00:00
RWZI Boortmeerbeek,2023-02-09 12:00:00,
RWZI Boortmeerbeek,2023-02-09 12:00:00,
RWZI Roosbeek,2023-02-08 12:00:00,2023-02-08 12:00:00
RWZI Boortmeerbeek,2023-02-08 12:00:00,
RWZI Boortmeerbeek,2023-02-08 12:00:00,
RWZI Boortmeerbeek,2023-02-08 12:00:00,
RWZI Vissenaken,2023-02-08 12:00:00,
RWZI Boortmeerbeek,2023-02-07 12:00:00,
RWZI niet gedefinieerd,2023-02-07 12:00:00,
RWZI Gent,2023-02-06 12:00:00,
RWZI Boortmeerbeek,2023-02-06 12:00:00,
RWZI Koersel,2023-02-06 12:00:00,
RWZI Heusden,2023-02-06 12:00:00,
RWZI Brecht,2023-02-03 12:00:00,2023-02-03 12:00:00
RWZI Sint-Truiden,2023-01-30 12:00:00,
RWZI Sint-Truiden,2023-01-30 12:00:00,
RWZI Sint-Truiden,2023-01-30 12:00:00,
RWZI Sint-Truiden,2023-01-30 12:00:00,
RWZI Heule,2023-01-26 12:00:00,2023-01-26 12:00:00
RWZI Overschelde,2023-01-24 12:00:00,2023-01-24 12:00:00
RWZI Overschelde,2023-01-24 12:00:00,
RWZI Genk,2023-01-23 12:00:00,
RWZI Dilsen,2023-01-23 12:00:00,2023-01-23 12:00:00
RWZI niet gedefinieerd,2023-01-19 12:00:00,
RWZI Berlare,2023-01-16 12:00:00,
RWZI Reningelst,2023-01-12 12:00:00,
RWZI Reningelst,2023-01-12 12:00:00,
RWZI Reningelst,2023-01-12 12:00:00,
RWZI Reningelst,2023-01-12 12:00:00,
RWZI Alken,2023-01-10 12:00:00,2023-01-10 12:00:00
RWZI Bilzen,2023-01-09 12:00:00,
Slibdroger Houthalen,2022-12-21 12:00:00,
RWZI Asse - Bollebeek,2022-12-21 12:00:00,
RWZI niet gedefinieerd,2022-12-20 12:00:00,
RWZI niet gedefinieerd,2022-12-20 12:00:00,
RWZI Tongeren,2022-12-19 12:00:00,
RWZI Menen,2022-12-15 12:00:00,
RWZI Meise - Oppem,2022-12-15 12:00:00,
RWZI Menen,2022-12-13 12:00:00,2022-12-13 12:00:00
RWZI Menen,2022-12-13 12:00:00,
RWZI niet gedefinieerd,2022-12-13 12:00:00,
RWZI Wolfsdonk,2022-12-13 12:00:00,2022-12-13 12:00:00
RWZI Beerse,2022-12-12 12:00:00,
RWZI Vleteren,2022-12-09 12:00:00,
RWZI Vleteren,2022-12-09 12:00:00,
Riolstreng Menen,2022-12-07 12:00:00,2022-12-07 12:00:00
Riolstreng Menen,2022-12-07 12:00:00,2022-12-07 12:00:00
Riolstreng Menen,2022-12-07 12:00:00,2022-12-07 12:00:00
Riolstreng Menen,2022-12-07 12:00:00,2022-12-07 12:00:00
RWZI niet gedefinieerd,2022-12-06 12:00:00,
RWZI Stekene,2022-12-06 12:00:00,
RWZI Berendrecht,2022-12-05 12:00:00,
RWZI Menen,2022-12-05 12:00:00,2022-12-05 12:00:00
RWZI Kermt,2022-12-05 12:00:00,
RWZI Lanaken,2022-11-30 12:00:00,
RWZI niet gedefinieerd,2022-11-29 12:00:00,
RWZI niet gedefinieerd,2022-11-29 12:00:00,
RWZI Oosterzele,2022-11-28 12:00:00,
RWZI Boortmeerbeek,2022-11-28 12:00:00,
RWZI Kortenberg,2022-11-28 12:00:00,
RWZI Genk,2022-11-28 12:00:00,
RWZI Mechelen-Noord,2022-11-28 12:00:00,
RWZI Bilzen,2022-11-28 12:00:00,2022-11-28 12:00:00
RWZI Menen,2022-11-23 12:00:00,
RWZI Ruisbroek,2022-11-23 12:00:00,
RWZI Stekene,2022-11-22 12:00:00,2022-11-22 12:00:00
RWZI Ruddervoorde,2022-11-22 12:00:00,
RWZI niet gedefinieerd,2022-11-21 23:00:00,
RWZI niet gedefinieerd,2022-11-21 12:00:00,
RWZI niet gedefinieerd,2022-11-21 12:00:00,
RWZI Malle,2022-11-20 23:00:00,
RWZI niet gedefinieerd,2022-11-17 23:00:00,
RWZI niet gedefinieerd,2022-11-17 12:00:00,
RWZI niet gedefinieerd,2022-11-16 23:00:00,
RWZI niet gedefinieerd,2022-11-16 12:00:00,
RWZI Borgloon - Jesseren,2022-11-15 23:00:00,
RWZI niet gedefinieerd,2022-11-15 12:00:00,
RWZI niet gedefinieerd,2022-11-15 12:00:00,
RWZI Liedekerke,2022-11-14 23:00:00,
RWZI niet gedefinieerd,2022-11-14 23:00:00,
RWZI Leuven,2022-11-14 23:00:00,
RWZI Gent,2022-11-13 23:00:00,
RWZI Edegem,2022-11-13 23:00:00,
RWZI Hoogstraten,2022-11-13 23:00:00,
RWZI Dendermonde,2022-11-13 23:00:00,2022-11-13 23:00:00
RWZI Tielt,2022-11-09 23:00:00,2022-11-09 23:00:00
RWZI Aalst,2022-11-07 23:00:00,
RWZI niet gedefinieerd,2022-11-07 23:00:00,
RWZI Merksem,2022-11-06 23:00:00,2022-11-06 23:00:00
RWZI Berendrecht,2022-11-06 23:00:00,
RWZI Merksem,2022-11-06 23:00:00,2022-11-06 23:00:00
RWZI Sint-Truiden,2022-10-25 22:00:00,2022-10-25 22:00:00
RWZI Zelzate,2022-10-18 22:00:00,
RWZI niet gedefinieerd,2022-10-17 22:00:00,2022-10-17 22:00:00
RWZI Wulpen,2022-10-16 22:00:00,
RWZI Asse - Bollebeek,2022-10-16 22:00:00,2022-10-16 22:00:00
RWZI Destelbergen,2022-10-16 22:00:00,
RWZI Heule,2022-10-11 22:00:00,
RWZI Asse - Bollebeek,2022-10-10 22:00:00,
RWZI Mol,2022-10-10 22:00:00,
RWZI Leuven,2022-10-09 22:00:00,
RWZI Asse - Bollebeek,2022-10-09 22:00:00,
RWZI Asse - Bollebeek,2022-10-09 22:00:00,
RWZI niet gedefinieerd,2022-10-05 22:00:00,
RWZI Deurne,2022-10-04 22:00:00,
RWZI Stekene,2022-10-04 22:00:00,
RWZI Menen,2022-09-28 22:00:00,
RWZI niet gedefinieerd,2022-09-26 22:00:00,
RWZI niet gedefinieerd,2022-09-26 22:00:00,
RWZI Lommel,2022-09-25 22:00:00,2022-09-25 22:00:00
RWZI Liedekerke,2022-09-20 22:00:00,
RWZI Heist,2022-09-20 22:00:00,
RWZI Bambrugge,2022-09-19 22:00:00,2022-09-19 22:00:00
RWZI niet gedefinieerd,2022-09-19 22:00:00,
RWZI niet gedefinieerd,2022-09-19 22:00:00,
RWZI Halen,2022-09-18 22:00:00,
RWZI Leuven,2022-09-18 22:00:00,
RWZI Gent,2022-09-18 22:00:00,
RWZI Mechelen-Noord,2022-09-18 22:00:00,
RWZI niet gedefinieerd,2022-09-14 22:00:00,
RWZI niet gedefinieerd,2022-09-14 22:00:00,
RWZI niet gedefinieerd,2022-09-14 22:00:00,
RWZI Wingene,2022-09-14 22:00:00,
RWZI Mol,2022-09-13 22:00:00,
RWZI Hoogstraten,2022-09-13 22:00:00,
RWZI Genk,2022-09-11 22:00:00,2022-09-11 22:00:00
RWZI Gavere,2022-09-11 22:00:00,
RWZI Pittem,2022-09-11 22:00:00,2022-09-11 22:00:00
RWZI Wingene,2022-09-11 22:00:00,2022-09-11 22:00:00
RWZI Wulpen,2022-09-11 22:00:00,
RWZI Zottegem - Sint-Maria-Oudenhove,2022-09-06 22:00:00,2022-09-06 22:00:00
RWZI Zottegem - Sint-Maria-Oudenhove,2022-09-05 22:00:00,2022-09-05 22:00:00
RWZI niet gedefinieerd,2022-08-31 22:00:00,
RWZI Kinrooi - Kessenich,2022-08-29 22:00:00,
RWZI Menen,2022-08-28 22:00:00,
RWZI Turnhout,2022-08-23 22:00:00,
RWZI Morkhoven,2022-08-23 22:00:00,
RWZI Deinze,2022-08-22 22:00:00,2022-08-22 22:00:00
RWZI Deinze,2022-08-22 22:00:00,2022-08-22 22:00:00
RWZI Nijlen,2022-08-21 22:00:00,
RWZI Wingene,2022-08-18 22:00:00,2022-08-18 22:00:00
RWZI Asse - Bollebeek,2022-08-16 22:00:00,2022-08-16 22:00:00
RWZI Asse - Bollebeek,2022-08-16 22:00:00,2022-08-16 22:00:00
RWZI Asse - Bollebeek,2022-08-16 22:00:00,2022-08-16 22:00:00
RWZI Asse - Bollebeek,2022-08-16 22:00:00,2022-08-16 22:00:00
RWZI Asse - Bollebeek,2022-08-16 22:00:00,2022-08-16 22:00:00
RWZI Asse - Bollebeek,2022-08-15 22:00:00,2022-08-15 22:00:00
RWZI Asse - Bollebeek,2022-08-15 22:00:00,
RWZI niet gedefinieerd,2022-08-10 22:00:00,
RWZI niet gedefinieerd,2022-08-10 22:00:00,
RWZI Hoogstraten,2022-08-09 22:00:00,
RWZI Mol,2022-08-09 22:00:00,
RWZI niet gedefinieerd,2022-08-08 22:00:00,
RWZI niet gedefinieerd,2022-08-08 22:00:00,
RWZI Gavere,2022-08-07 22:00:00,
RWZI Wulpen,2022-08-07 22:00:00,
RWZI Asse - Bollebeek,2022-08-03 22:00:00,
RWZI Asse - Bollebeek,2022-08-03 22:00:00,
RWZI niet gedefinieerd,2022-07-31 22:00:00,
RWZI niet gedefinieerd,2022-07-31 22:00:00,
RWZI Antwerpen-Zuid,2022-07-31 22:00:00,
RWZI Deurne,2022-07-31 22:00:00,
RWZI Deurne,2022-07-27 22:00:00,
RWZI Antwerpen-Zuid,2022-07-27 22:00:00,
RWZI Asse - Bollebeek,2022-07-27 12:00:00,2022-07-27 12:00:00
RWZI Poperinge,2022-07-26 22:00:00,
RWZI Asse - Bollebeek,2022-07-26 12:00:00,2022-07-26 12:00:00
RWZI Asse - Bollebeek,2022-07-26 12:00:00,2022-07-26 12:00:00
RWZI Morkhoven,2022-07-25 22:00:00,
RWZI Merelbeke,2022-07-25 22:00:00,
RWZI Merelbeke,2022-07-25 22:00:00,
RWZI Overpelt,2022-07-17 22:00:00,
RWZI Dendermonde,2022-07-17 22:00:00,
RWZI Zonhoven,2022-07-17 22:00:00,
RWZI niet gedefinieerd,2022-07-07 22:00:00,
RWZI niet gedefinieerd,2022-07-06 22:00:00,
RWZI Jabbeke,2022-07-06 22:00:00,
RWZI Genk,2022-07-05 22:00:00,
RWZI Genk,2022-07-05 22:00:00,
RWZI Kampenhout,2022-07-03 22:00:00,
RWZI niet gedefinieerd,2022-06-29 22:00:00,
RWZI Kampenhout,2022-06-26 22:00:00,
RWZI Zandvoorde,2022-06-23 22:00:00,
RWZI Deinze - Grammene,2022-06-23 22:00:00,
RWZI niet gedefinieerd,2022-06-22 22:00:00,
RWZI Kampenhout,2022-06-21 22:00:00,
RWZI niet gedefinieerd,2022-06-21 22:00:00,
RWZI Rotselaar,2022-06-21 22:00:00,
RWZI Rotselaar,2022-06-21 22:00:00,
RWZI niet gedefinieerd,2022-06-14 22:00:00,
RWZI Alken,2022-06-14 22:00:00,
RWZI Oud-Turnhout,2022-06-14 22:00:00,
RWZI Stekene,2022-06-14 22:00:00,2022-06-14 22:00:00
RWZI niet gedefinieerd,2022-06-14 22:00:00,
RWZI niet gedefinieerd,2022-06-13 22:00:00,
RWZI niet gedefinieerd,2022-06-12 22:00:00,
RWZI niet gedefinieerd,2022-06-12 22:00:00,
RWZI niet gedefinieerd,2022-06-12 22:00:00,
RWZI Zonhoven,2022-06-12 22:00:00,
RWZI Brecht,2022-06-12 22:00:00,2022-06-12 22:00:00
RWZI Landen - Rumsdorp,2022-06-12 22:00:00,
RWZI Geraardsbergen,2022-06-07 22:00:00,
RWZI Malle,2022-06-07 22:00:00,
RWZI Aalst,2022-06-06 22:00:00,
RWZI Sint-Pieters-Leeuw,2022-06-01 22:00:00,
RWZI Sint-Pieters-Leeuw,2022-06-01 22:00:00,
RWZI Wingene,2022-05-31 22:00:00,2022-05-31 22:00:00
RWZI Menen,2022-05-30 22:00:00,
RWZI De Klinge,2022-05-30 22:00:00,
RWZI Oplinter,2022-05-29 22:00:00,
RWZI Koersel,2022-05-29 22:00:00,2022-05-29 22:00:00
RWZI niet gedefinieerd,2022-05-23 22:00:00,
Riolstreng Menen,2022-05-19 22:00:00,2022-05-19 22:00:00
Riolstreng Menen,2022-05-19 22:00:00,2022-05-19 22:00:00
RWZI Merchtem,2022-05-17 22:00:00,
RWZI Aalst,2022-05-16 22:00:00,2022-05-16 22:00:00
RWZI Galmaarden,2022-05-16 22:00:00,2022-05-16 22:00:00
RWZI niet gedefinieerd,2022-05-16 22:00:00,
RWZI Ruddervoorde,2022-05-15 22:00:00,2022-05-15 22:00:00
RWZI Hove,2022-05-15 22:00:00,
RWZI Sint-Pieters-Leeuw,2022-05-15 22:00:00,
RWZI Sint-Pieters-Leeuw,2022-05-15 22:00:00,
RWZI Zonnebeke,2022-05-13 22:00:00,2022-05-13 22:00:00
RWZI Zonhoven,2022-05-13 12:00:00,2022-05-13 12:00:00
RWZI Sint-Pieters-Leeuw,2022-05-10 22:00:00,2022-05-10 22:00:00
RWZI Berlaar,2022-05-10 22:00:00,
RWZI Sint-Pieters-Leeuw,2022-05-10 22:00:00,2022-05-10 22:00:00
RWZI niet gedefinieerd,2022-05-09 22:00:00,
RWZI Zandvoorde,2022-05-09 22:00:00,2022-05-09 22:00:00
RWZI Oplinter,2022-05-09 12:00:00,
RWZI Koersel,2022-05-09 12:00:00,
RWZI Zonnebeke,2022-05-08 22:00:00,
RWZI Zolder,2022-05-08 22:00:00,
RWZI Beveren - Leie,2022-05-04 22:00:00,2022-05-04 22:00:00
RWZI Genk,2022-05-04 22:00:00,
RWZI niet gedefinieerd,2022-05-03 22:00:00,
RWZI Zonhoven,2022-05-03 22:00:00,2022-05-03 22:00:00
RWZI niet gedefinieerd,2022-05-02 22:00:00,
RWZI Kinrooi-Molenbeersel,2022-05-01 22:00:00,
RWZI Malle,2022-05-01 22:00:00,2022-05-01 22:00:00
RWZI Kinrooi - Kessenich,2022-05-01 22:00:00,
RWZI Ruddervoorde,2022-05-01 22:00:00,2022-05-01 22:00:00
RWZI Zonhoven,2022-04-27 22:00:00,2022-04-27 22:00:00
RWZI Lommel,2022-04-26 22:00:00,
RWZI Sint-Truiden,2022-04-26 22:00:00,
RWZI Lommel,2022-04-26 22:00:00,
RWZI Lommel,2022-04-25 22:00:00,
Slibverwerking Brugge,2022-04-25 22:00:00,2022-04-25 22:00:00
RWZI Oplinter,2022-04-24 22:00:00,
RWZI Malle,2022-04-24 22:00:00,2022-04-24 22:00:00
RWZI Sint-Truiden,2022-04-24 22:00:00,2022-04-24 22:00:00
RWZI Grimbergen,2022-04-24 22:00:00,
RWZI Koersel,2022-04-24 22:00:00,
RWZI Kluisbergen,2022-04-24 22:00:00,
RWZI Zonhoven,2022-04-24 22:00:00,
RWZI Sint-Truiden,2022-04-24 22:00:00,
RWZI Sint-Truiden,2022-04-24 22:00:00,
RWZI Sint-Truiden,2022-04-24 22:00:00,2022-04-24 22:00:00
RWZI Heusden,2022-04-21 22:00:00,2022-04-21 22:00:00
RWZI Zonhoven,2022-04-21 22:00:00,
RWZI Zonhoven,2022-04-20 22:00:00,2022-04-20 22:00:00
RWZI Eeklo,2022-04-20 22:00:00,
RWZI Hove,2022-04-20 22:00:00,
RWZI Wingene,2022-04-19 22:00:00,
RWZI Berlare,2022-04-18 22:00:00,
RWZI Koersel,2022-04-18 22:00:00,
RWZI Zonhoven,2022-04-12 22:00:00,2022-04-12 22:00:00
RWZI Zonhoven,2022-04-12 22:00:00,2022-04-12 22:00:00
RWZI Zolder,2022-04-12 22:00:00,2022-04-12 22:00:00
RWZI Koersel,2022-04-12 22:00:00,2022-04-12 22:00:00
RWZI Zonhoven,2022-04-11 22:00:00,2022-04-11 22:00:00
RWZI Koersel,2022-04-11 22:00:00,2022-04-11 22:00:00
RWZI Brecht,2022-04-10 22:00:00,
RWZI Turnhout,2022-04-10 22:00:00,2022-04-10 22:00:00
RWZI Koersel,2022-04-10 22:00:00,
RWZI Oplinter,2022-04-10 22:00:00,
RWZI Kinrooi-Molenbeersel,2022-04-06 22:00:00,
RWZI niet gedefinieerd,2022-04-05 22:00:00,
RWZI niet gedefinieerd,2022-04-05 22:00:00,
RWZI Zonhoven,2022-04-04 22:00:00,2022-04-04 22:00:00
RWZI Loenhout,2022-04-04 22:00:00,
RWZI Hove,2022-04-04 22:00:00,
RWZI Blaasveld,2022-04-04 22:00:00,2022-04-04 22:00:00
RWZI Diest,2022-04-04 22:00:00,2022-04-04 22:00:00
RWZI Zonhoven,2022-04-04 22:00:00,2022-04-04 22:00:00
RWZI Zonhoven,2022-04-04 22:00:00,2022-04-04 22:00:00
RWZI Zwalm,2022-04-03 22:00:00,
RWZI Zonhoven,2022-04-03 22:00:00,2022-04-03 22:00:00
RWZI Koersel,2022-04-03 22:00:00,
RWZI Zonhoven,2022-04-03 22:00:00,2022-04-03 22:00:00
RWZI niet gedefinieerd,2022-04-03 22:00:00,
RWZI Borgloon - Jesseren,2022-04-03 22:00:00,
RWZI Neervelp,2022-03-30 22:00:00,
RWZI Gooik - Oetingen,2022-03-29 22:00:00,
RWZI Oplinter,2022-03-29 22:00:00,
RWZI Lede,2022-03-29 22:00:00,
RWZI Oud-Turnhout,2022-03-27 22:00:00,
RWZI Asse - Bollebeek,2022-03-27 22:00:00,2022-03-27 22:00:00
RWZI Zandvoorde,2022-03-27 22:00:00,
RWZI Zonhoven,2022-03-27 22:00:00,2022-03-27 22:00:00
RWZI Dilsen,2022-03-27 22:00:00,
RWZI Koersel,2022-03-27 22:00:00,
RWZI Tienen,2022-03-27 22:00:00,
RWZI Zandvoorde,2022-03-27 22:00:00,
RWZI Malle,2022-03-23 23:00:00,
RWZI Merksem,2022-03-22 23:00:00,2022-03-22 23:00:00
RWZI Deinze,2022-03-22 23:00:00,2022-03-22 23:00:00
RWZI Ruddervoorde,2022-03-21 23:00:00,2022-03-21 23:00:00
RWZI niet gedefinieerd,2022-03-21 23:00:00,
RWZI Hoogstraten,2022-03-21 23:00:00,
RWZI Koersel,2022-03-21 23:00:00,2022-03-21 23:00:00
RWZI Vosselaar,2022-03-20 23:00:00,2022-03-20 23:00:00
RWZI Poppel,2022-03-20 23:00:00,2022-03-20 23:00:00
RWZI Zandvoorde,2022-03-20 23:00:00,
RWZI Hamont,2022-03-19 23:00:00,
RWZI niet gedefinieerd,2022-03-15 23:00:00,
RWZI Ruddervoorde,2022-03-14 23:00:00,2022-03-14 23:00:00
RWZI Oplinter,2022-03-13 23:00:00,2022-03-13 23:00:00
RWZI Oud-Turnhout,2022-03-13 23:00:00,2022-03-13 23:00:00
RWZI Messelbroek,2022-03-13 23:00:00,2022-03-13 23:00:00
RWZI Gent,2022-03-13 23:00:00,
RWZI Gent,2022-03-13 23:00:00,
RWZI Sint-Pieters-Leeuw,2022-03-13 23:00:00,
RWZI Proven,2022-03-08 23:00:00,
RWZI Heist,2022-03-08 23:00:00,
RWZI Ruddervoorde,2022-03-08 23:00:00,2022-03-08 23:00:00
Riolstreng Menen,2022-03-07 23:00:00,2022-03-07 23:00:00
RWZI Brasschaat,2022-03-07 23:00:00,
RWZI Deurne,2022-03-07 23:00:00,
Riolstreng Menen,2022-03-07 23:00:00,2022-03-07 23:00:00
Riolstreng Menen,2022-03-07 23:00:00,2022-03-07 23:00:00
Riolstreng Menen,2022-03-07 23:00:00,2022-03-07 23:00:00
RWZI Merksem,2022-03-07 23:00:00,2022-03-07 23:00:00
RWZI Engsbergen,2022-03-06 23:00:00,2022-03-06 23:00:00
RWZI Vosselaar,2022-03-06 23:00:00,2022-03-06 23:00:00
RWZI Grimbergen,2022-03-06 23:00:00,
RWZI Genk,2022-03-01 23:00:00,2022-03-01 23:00:00
RWZI Engsbergen,2022-02-28 23:00:00,2022-02-28 23:00:00
RWZI Ruddervoorde,2022-02-28 23:00:00,2022-02-28 23:00:00
RWZI Blaasveld,2022-02-27 23:00:00,2022-02-27 23:00:00
RWZI Oplinter,2022-02-27 23:00:00,
RWZI Deurne,2022-02-27 23:00:00,2022-02-27 23:00:00
RWZI Deurne,2022-02-27 23:00:00,2022-02-27 23:00:00
RWZI Oostende,2022-02-27 23:00:00,2022-02-27 23:00:00
RWZI Zwalm,2022-02-27 23:00:00,2022-02-27 23:00:00
RWZI Asse - Bollebeek,2022-02-27 23:00:00,
RWZI niet gedefinieerd,2022-02-21 23:00:00,
RWZI Engsbergen,2022-02-21 23:00:00,
RWZI Oostende,2022-02-21 23:00:00,
RWZI Lichtaart,2022-02-21 23:00:00,
RWZI niet gedefinieerd,2022-02-21 23:00:00,
RWZI Oud-Turnhout,2022-02-20 23:00:00,
RWZI Hoogstraten,2022-02-20 23:00:00,
RWZI Melsbroek,2022-02-20 23:00:00,
RWZI Oostende,2022-02-20 23:00:00,2022-02-20 23:00:00
RWZI Grimbergen,2022-02-20 23:00:00,
RWZI Oostende,2022-02-20 23:00:00,
RWZI niet gedefinieerd,2022-02-17 23:00:00,
RWZI Zonhoven,2022-02-15 23:00:00,2022-02-15 23:00:00
RWZI Geel,2022-02-15 23:00:00,2022-02-15 23:00:00
RWZI Edegem,2022-02-14 23:00:00,2022-02-14 23:00:00
RWZI Schilde,2022-02-13 23:00:00,
RWZI Oud-Turnhout,2022-02-13 23:00:00,
RWZI Merelbeke,2022-02-13 23:00:00,
RWZI Brecht,2022-02-13 23:00:00,
RWZI Eisden,2022-02-11 23:00:00,
RWZI Eisden,2022-02-11 23:00:00,
"Wervik, PS Robert Klingstraat 88",2022-02-10 23:00:00,2022-02-10 23:00:00
RWZI Eisden,2022-02-10 23:00:00,2022-02-10 23:00:00
RWZI Eisden,2022-02-10 23:00:00,2022-02-10 23:00:00
RWZI Eisden,2022-02-09 23:00:00,2022-02-09 23:00:00
RWZI Merelbeke,2022-02-08 23:00:00,2022-02-08 23:00:00
RWZI Tielt,2022-02-07 23:00:00,2022-02-07 23:00:00
RWZI Menen,2022-02-06 23:00:00,2022-02-06 23:00:00
RWZI Grobbendonk,2022-02-06 23:00:00,2022-02-06 23:00:00
RWZI Vosselaar,2022-02-06 23:00:00,2022-02-06 23:00:00
RWZI Destelbergen,2022-02-06 23:00:00,
RWZI Loenhout,2022-02-06 23:00:00,2022-02-06 23:00:00
RWZI Merelbeke,2022-02-06 23:00:00,
RWZI Lichtaart,2022-02-06 23:00:00,2022-02-06 23:00:00
RWZI Menen,2022-02-05 23:00:00,2022-02-05 23:00:00
RWZI Grimbergen,2022-02-05 23:00:00,2022-02-05 23:00:00
RWZI Tielt,2022-02-03 23:00:00,2022-02-03 23:00:00
RWZI Merelbeke,2022-02-02 23:00:00,
RWZI Tielt,2022-02-02 23:00:00,2022-02-02 23:00:00
RWZI niet gedefinieerd,2022-02-02 23:00:00,
RWZI niet gedefinieerd,2022-02-02 23:00:00,
RWZI Zottegem - Sint-Maria-Oudenhove,2022-02-01 23:00:00,
RWZI niet gedefinieerd,2022-02-01 23:00:00,
RWZI Tielt,2022-01-31 23:00:00,2022-01-31 23:00:00
RWZI Tielt,2022-01-31 23:00:00,2022-01-31 23:00:00
RWZI Hamont,2022-01-31 23:00:00,2022-01-31 23:00:00
RWZI Tessenderlo,2022-01-30 23:00:00,2022-01-30 23:00:00
RWZI Malle,2022-01-30 23:00:00,
RWZI Tielt,2022-01-30 23:00:00,2022-01-30 23:00:00
RWZI Hamont,2022-01-30 23:00:00,
RWZI Schilde,2022-01-30 23:00:00,
RWZI Tessenderlo,2022-01-30 23:00:00,2022-01-30 23:00:00
RWZI Tielt,2022-01-27 23:00:00,
RWZI Tielt,2022-01-26 23:00:00,2022-01-26 23:00:00
RWZI Zonhoven,2022-01-26 23:00:00,2022-01-26 23:00:00
RWZI niet gedefinieerd,2022-01-26 23:00:00,
RWZI niet gedefinieerd,2022-01-26 23:00:00,
RWZI Zottegem - Sint-Maria-Oudenhove,2022-01-26 23:00:00,2022-01-26 23:00:00
RWZI Tielt,2022-01-25 23:00:00,
RWZI Liedekerke,2022-01-25 23:00:00,
RWZI Liedekerke,2022-01-25 23:00:00,2022-01-25 23:00:00
RWZI Zolder,2022-01-25 23:00:00,2022-01-25 23:00:00
RWZI Kallo,2022-01-25 23:00:00,2022-01-25 23:00:00
RWZI Sint-Pieters-Leeuw,2022-01-24 23:00:00,
RWZI Sint-Pieters-Leeuw,2022-01-24 23:00:00,
RWZI Vosselaar,2022-01-23 23:00:00,2022-01-23 23:00:00
RWZI Harelbeke,2022-01-23 23:00:00,2022-01-23 23:00:00
RWZI Essen,2022-01-23 23:00:00,2022-01-23 23:00:00
RWZI Lichtaart,2022-01-23 23:00:00,2022-01-23 23:00:00
RWZI Destelbergen,2022-01-23 23:00:00,
RWZI Merelbeke,2022-01-23 23:00:00,
RWZI Asse - Bollebeek,2022-01-23 23:00:00,2022-01-23 23:00:00
RWZI niet gedefinieerd,2022-01-20 23:00:00,
RWZI Kallo,2022-01-19 23:00:00,
RWZI Berlare,2022-01-19 23:00:00,2022-01-19 23:00:00
RWZI Wolfsdonk,2022-01-18 23:00:00,2022-01-18 23:00:00
RWZI Wolfsdonk,2022-01-18 23:00:00,2022-01-18 23:00:00
RWZI Neeroeteren,2022-01-18 23:00:00,
RWZI Brecht,2022-01-16 23:00:00,2022-01-16 23:00:00
RWZI Heist-op-den-Berg,2022-01-16 23:00:00,2022-01-16 23:00:00
RWZI niet gedefinieerd,2022-01-16 23:00:00,
RWZI niet gedefinieerd,2022-01-16 23:00:00,
RWZI Heule,2022-01-16 23:00:00,
RWZI niet gedefinieerd,2022-01-16 23:00:00,
RWZI Zottegem - Sint-Maria-Oudenhove,2022-01-16 23:00:00,
RWZI Kallo,2022-01-16 23:00:00,
RWZI Zolder,2022-01-11 23:00:00,2022-01-11 23:00:00
RWZI Tessenderlo,2022-01-11 23:00:00,2022-01-11 23:00:00
RWZI Blaasveld,2022-01-11 23:00:00,
RWZI Hoogstraten,2022-01-10 23:00:00,2022-01-10 23:00:00
RWZI Kallo,2022-01-10 23:00:00,
RWZI Ruddervoorde,2022-01-10 23:00:00,2022-01-10 23:00:00
RWZI Huldenberg,2022-01-10 23:00:00,
RWZI Sint-Pieters-Leeuw,2022-01-09 23:00:00,
RWZI Merelbeke,2022-01-09 23:00:00,
RWZI Zottegem - Sint-Maria-Oudenhove,2022-01-09 23:00:00,
RWZI Merksplas,2022-01-09 23:00:00,
RWZI niet gedefinieerd,2022-01-06 23:00:00,
RWZI Zandvoorde,2022-01-05 23:00:00,
RWZI Maarkedal - Oudenhove,2022-01-04 23:00:00,2022-01-04 23:00:00
RWZI Zottegem - Sint-Maria-Oudenhove,2022-01-04 23:00:00,
RWZI niet gedefinieerd,2022-01-04 23:00:00,
RWZI Engsbergen,2022-01-04 23:00:00,
RWZI Sint-Pieters-Leeuw,2022-01-04 23:00:00,
RWZI Merelbeke,2022-01-04 23:00:00,
RWZI Kallo,2022-01-04 23:00:00,
RWZI Roeselare,2022-01-04 23:00:00,
RWZI Aalter,2022-01-04 23:00:00,
RWZI Hoogstraten,2022-01-03 23:00:00,
RWZI Sint-Pieters-Leeuw,2021-12-21 23:00:00,
RWZI Sint-Pieters-Leeuw,2021-12-21 23:00:00,
RWZI Essen,2021-12-19 23:00:00,
RWZI Beerse,2021-12-19 23:00:00,
RWZI Zwalm,2021-12-19 23:00:00,
RWZI Nijlen,2021-12-19 23:00:00,
RWZI niet gedefinieerd,2021-12-16 23:00:00,
RWZI niet gedefinieerd,2021-12-16 23:00:00,
RWZI niet gedefinieerd,2021-12-15 23:00:00,
RWZI Zele,2021-12-13 23:00:00,2021-12-13 23:00:00
RWZI Zemst - Bosstraat,2021-12-13 23:00:00,2021-12-13 23:00:00
RWZI Hoogstraten,2021-12-12 23:00:00,
RWZI Zolder,2021-12-12 23:00:00,2021-12-12 23:00:00
RWZI Menen,2021-12-12 23:00:00,
RWZI Brecht,2021-12-12 23:00:00,2021-12-12 23:00:00
RWZI Zolder,2021-12-12 23:00:00,2021-12-12 23:00:00
RWZI Zemst - Bosstraat,2021-12-10 23:00:00,
RWZI niet gedefinieerd,2021-12-08 23:00:00,
RWZI Beerse,2021-12-08 23:00:00,
RWZI Zemst - Bosstraat,2021-12-07 23:00:00,2021-12-07 23:00:00
RWZI Zemst - Bosstraat,2021-12-07 23:00:00,2021-12-07 23:00:00
RWZI Blaasveld,2021-12-06 23:00:00,
RWZI Essen,2021-12-05 23:00:00,2021-12-05 23:00:00
RWZI Heusden,2021-12-05 23:00:00,2021-12-05 23:00:00
RWZI Zolder,2021-12-05 23:00:00,2021-12-05 23:00:00
RWZI Wolfsdonk,2021-12-05 23:00:00,2021-12-05 23:00:00
RWZI Wolfsdonk,2021-12-05 23:00:00,
RWZI niet gedefinieerd,2021-12-01 23:00:00,
RWZI Oud-Turnhout,2021-12-01 23:00:00,2021-12-01 23:00:00
RWZI Blaasveld,2021-12-01 23:00:00,2021-12-01 23:00:00
RWZI Oud-Turnhout,2021-11-29 23:00:00,2021-11-29 23:00:00
RWZI Gent,2021-11-29 23:00:00,
RWZI Malle,2021-11-29 23:00:00,2021-11-29 23:00:00
RWZI Mechelen-Noord,2021-11-29 23:00:00,2021-11-29 23:00:00
RWZI Mechelen-Noord,2021-11-29 23:00:00,2021-11-29 23:00:00
RWZI Heule,2021-11-24 23:00:00,
RWZI Heule,2021-11-24 23:00:00,
RWZI Zwalm,2021-11-23 23:00:00,2021-11-23 23:00:00
RWZI Menen,2021-11-22 23:00:00,
RWZI Oud-Turnhout,2021-11-22 23:00:00,2021-11-22 23:00:00
RWZI Bocholt,2021-11-22 23:00:00,
RWZI Essen,2021-11-21 23:00:00,2021-11-21 23:00:00
RWZI niet gedefinieerd,2021-11-21 23:00:00,
RWZI Wolfsdonk,2021-11-21 23:00:00,2021-11-21 23:00:00
RWZI Beerse,2021-11-21 23:00:00,
RWZI Zottegem - Sint-Maria-Oudenhove,2021-11-15 23:00:00,
Riolstreng Liedekerke,2021-11-15 23:00:00,2021-11-15 23:00:00
RWZI niet gedefinieerd,2021-11-15 23:00:00,
RWZI Sint-Pieters-Leeuw,2021-11-14 23:00:00,2021-11-14 23:00:00
RWZI Sint-Pieters-Leeuw,2021-11-14 23:00:00,2021-11-14 23:00:00
RWZI Aalter,2021-11-14 23:00:00,2021-11-14 23:00:00
RWZI Aalter,2021-11-14 23:00:00,2021-11-14 23:00:00
RWZI Meer,2021-11-07 23:00:00,2021-11-07 23:00:00
RWZI Ledegem,2021-11-07 23:00:00,2021-11-07 23:00:00
RWZI Zwalm,2021-11-07 23:00:00,
RWZI Eksel,2021-11-07 23:00:00,2021-11-07 23:00:00
RWZI Achel,2021-11-07 23:00:00,2021-11-07 23:00:00
RWZI Merelbeke,2021-11-07 23:00:00,2021-11-07 23:00:00
RWZI Meer,2021-11-07 23:00:00,2021-11-07 23:00:00
RWZI Vleteren,2021-11-04 23:00:00,2021-11-04 23:00:00
RWZI Poperinge,2021-11-04 23:00:00,2021-11-04 23:00:00
RWZI niet gedefinieerd,2021-11-04 23:00:00,
RWZI Essen,2021-11-02 23:00:00,2021-11-02 23:00:00
RWZI Mechelen-Noord,2021-11-01 23:00:00,2021-11-01 23:00:00
RWZI Mechelen-Noord,2021-11-01 23:00:00,2021-11-01 23:00:00
RWZI Beerse,2021-10-26 22:00:00,2021-10-26 22:00:00
RWZI Ouwegem,2021-10-24 22:00:00,2021-10-24 22:00:00
RWZI Zwalm,2021-10-24 22:00:00,
RWZI Merelbeke,2021-10-24 22:00:00,2021-10-24 22:00:00
RWZI Zonhoven,2021-10-19 22:00:00,
RWZI Brecht,2021-10-17 22:00:00,2021-10-17 22:00:00
RWZI Oud-Turnhout,2021-10-17 22:00:00,2021-10-17 22:00:00
RWZI Geel,2021-10-17 22:00:00,2021-10-17 22:00:00
RWZI Hoogstraten,2021-10-17 22:00:00,
RWZI Essen,2021-10-17 22:00:00,2021-10-17 22:00:00
RWZI Deurne,2021-10-14 22:00:00,
RWZI Dendermonde,2021-10-13 22:00:00,
RWZI Aalter,2021-10-13 22:00:00,2021-10-13 22:00:00
RWZI Dendermonde,2021-10-13 22:00:00,
RWZI Dendermonde,2021-10-13 22:00:00,
RWZI Aalter,2021-10-13 22:00:00,2021-10-13 22:00:00
RWZI niet gedefinieerd,2021-10-12 22:00:00,
RWZI Aalter,2021-10-12 22:00:00,2021-10-12 22:00:00
RWZI Mechelen-Noord,2021-10-11 22:00:00,2021-10-11 22:00:00
RWZI niet gedefinieerd,2021-10-11 22:00:00,
RWZI Mechelen-Noord,2021-10-11 22:00:00,2021-10-11 22:00:00
RWZI Beerse,2021-10-10 22:00:00,2021-10-10 22:00:00
RWZI Zwalm,2021-10-10 22:00:00,
RWZI Morkhoven,2021-10-04 22:00:00,
RWZI Essen,2021-10-03 22:00:00,
RWZI Zonhoven,2021-10-03 22:00:00,
RWZI niet gedefinieerd,2021-10-03 22:00:00,
RWZI Zwalm,2021-09-26 22:00:00,2021-09-26 22:00:00
RWZI Mechelen-Noord,2021-09-26 22:00:00,2021-09-26 22:00:00
RWZI Mechelen-Noord,2021-09-26 22:00:00,2021-09-26 22:00:00
RWZI Beerse,2021-09-26 22:00:00,2021-09-26 22:00:00
RWZI Merelbeke,2021-09-26 22:00:00,
RWZI Menen,2021-09-26 22:00:00,
RWZI Sint-Pieters-Leeuw,2021-09-21 22:00:00,
RWZI Sint-Pieters-Leeuw,2021-09-21 22:00:00,2021-09-21 22:00:00
RWZI Zele,2021-09-20 22:00:00,2021-09-20 22:00:00
RWZI Zonhoven,2021-09-20 22:00:00,
RWZI Menen,2021-09-15 22:00:00,
RWZI Heist,2021-09-14 22:00:00,
RWZI Berendrecht,2021-09-14 22:00:00,
RWZI niet gedefinieerd,2021-09-14 22:00:00,
RWZI Oplinter,2021-09-13 22:00:00,2021-09-13 22:00:00
RWZI Gent,2021-09-12 22:00:00,
RWZI Essen,2021-09-12 22:00:00,
RWZI Zwalm,2021-09-12 22:00:00,
RWZI Berendrecht,2021-09-08 22:00:00,2021-09-08 22:00:00
RWZI Berendrecht,2021-09-07 22:00:00,2021-09-07 22:00:00
RWZI Berendrecht,2021-09-06 22:00:00,2021-09-06 22:00:00
RWZI Berendrecht,2021-09-06 22:00:00,2021-09-06 22:00:00
RWZI Morkhoven,2021-09-05 22:00:00,
RWZI Nevele,2021-09-05 22:00:00,
RWZI Merelbeke,2021-09-05 22:00:00,
RWZI Beerse,2021-09-05 22:00:00,2021-09-05 22:00:00
RWZI Sint-Pieters-Leeuw,2021-09-05 22:00:00,
RWZI Sint-Pieters-Leeuw,2021-09-05 22:00:00,
RWZI Engsbergen,2021-09-05 22:00:00,
RWZI Merksplas,2021-09-05 22:00:00,
RWZI niet gedefinieerd,2021-08-31 22:00:00,
RWZI Morkhoven,2021-08-31 22:00:00,2021-08-31 22:00:00
RWZI Grimbergen,2021-08-30 22:00:00,2021-08-30 22:00:00
RWZI Nevele,2021-08-29 22:00:00,
RWZI Nevele,2021-08-29 22:00:00,
RWZI Zondereigen,2021-08-23 22:00:00,
RWZI Bornem - Oude Schelde,2021-08-23 22:00:00,
RWZI Zondereigen,2021-08-23 22:00:00,
RWZI Mechelen-Noord,2021-08-22 22:00:00,
RWZI Mechelen-Noord,2021-08-22 22:00:00,
RWZI Beernem,2021-08-21 22:00:00,
RWZI Heist,2021-08-20 22:00:00,
RWZI Nevele,2021-08-17 22:00:00,
RWZI Bierbeek,2021-08-17 22:00:00,
RWZI Kinrooi - Kessenich,2021-08-16 22:00:00,
RWZI Beerse,2021-08-16 22:00:00,
RWZI Zichem,2021-08-12 22:00:00,
RWZI Nevele,2021-08-11 22:00:00,
RWZI Menen,2021-08-11 22:00:00,
RWZI Hove,2021-08-10 22:00:00,
RWZI Grimbergen,2021-08-10 22:00:00,2021-08-10 22:00:00
RWZI Sint-Pieters-Leeuw,2021-08-09 22:00:00,2021-08-09 22:00:00
RWZI Sint-Pieters-Leeuw,2021-08-09 22:00:00,2021-08-09 22:00:00
RWZI Lokeren,2021-08-08 22:00:00,
RWZI Mechelen-Noord,2021-08-08 22:00:00,2021-08-08 22:00:00
RWZI Essen,2021-08-08 22:00:00,2021-08-08 22:00:00
RWZI Essen,2021-08-08 22:00:00,2021-08-08 22:00:00
RWZI Sint-Truiden,2021-08-05 22:00:00,
RWZI Nevele,2021-08-05 22:00:00,2021-08-05 22:00:00
RWZI Morkhoven,2021-08-03 22:00:00,2021-08-03 22:00:00
RWZI Hoeselt,2021-08-02 22:00:00,
RWZI Beerse,2021-08-02 22:00:00,2021-08-02 22:00:00
RWZI Menen,2021-08-02 22:00:00,2021-08-02 22:00:00
RWZI Essen,2021-08-01 22:00:00,
RWZI Merelbeke,2021-08-01 22:00:00,
RWZI Beernem,2021-07-26 22:00:00,2021-07-26 22:00:00
RWZI Mechelen-Noord,2021-07-25 22:00:00,
RWZI Menen,2021-07-25 22:00:00,
RWZI Mechelen-Noord,2021-07-25 22:00:00,
RWZI Achel,2021-07-24 22:00:00,
RWZI Hasselt,2021-07-21 22:00:00,
RWZI Merelbeke,2021-07-18 22:00:00,2021-07-18 22:00:00
RWZI Grimbergen,2021-07-15 22:00:00,
RWZI Sint-Pieters-Leeuw,2021-07-13 22:00:00,
RWZI Sint-Pieters-Leeuw,2021-07-13 22:00:00,
RWZI Menen,2021-07-13 22:00:00,2021-07-13 22:00:00
RWZI Zomergem,2021-07-12 22:00:00,2021-07-12 22:00:00
RWZI Beerse,2021-07-12 22:00:00,2021-07-12 22:00:00
RWZI Zomergem,2021-07-12 22:00:00,
RWZI Sint-Laureins - Sint-Margriete,2021-07-12 22:00:00,2021-07-12 22:00:00
RWZI Sint-Laureins - Sint-Margriete,2021-07-12 22:00:00,2021-07-12 22:00:00
RWZI Mechelen-Noord,2021-07-11 22:00:00,2021-07-11 22:00:00
RWZI Merelbeke,2021-07-11 22:00:00,
RWZI Zomergem,2021-07-11 22:00:00,
RWZI Oudenaarde,2021-07-06 22:00:00,2021-07-06 22:00:00
RWZI Sint-Pieters-Leeuw,2021-07-04 22:00:00,
RWZI Sint-Pieters-Leeuw,2021-07-04 22:00:00,
RWZI Beerse,2021-06-29 22:00:00,2021-06-29 22:00:00
RWZI Sint-Laureins - Sint-Margriete,2021-06-29 22:00:00,2021-06-29 22:00:00
RWZI Oudenaarde,2021-06-29 22:00:00,2021-06-29 22:00:00
RWZI Mechelen-Noord,2021-06-28 22:00:00,2021-06-28 22:00:00
RWZI Mechelen-Noord,2021-06-27 22:00:00,2021-06-27 22:00:00
RWZI Mechelen-Noord,2021-06-27 22:00:00,2021-06-27 22:00:00
RWZI Merelbeke,2021-06-27 22:00:00,2021-06-27 22:00:00
RWZI niet gedefinieerd,2021-06-23 22:00:00,
RWZI Menen,2021-06-23 22:00:00,2021-06-23 22:00:00
RWZI niet gedefinieerd,2021-06-23 22:00:00,
RWZI Morkhoven,2021-06-22 22:00:00,2021-06-22 22:00:00
WZI Colruyt Barry Halle,2021-06-20 22:00:00,
RWZI Hoogstraten,2021-06-20 22:00:00,
RWZI Sint-Pieters-Leeuw,2021-06-20 22:00:00,
RWZI Sint-Pieters-Leeuw,2021-06-20 22:00:00,
RWZI Merelbeke,2021-06-20 22:00:00,
WZI Colruyt Barry Halle,2021-06-20 22:00:00,
RWZI niet gedefinieerd,2021-06-17 22:00:00,
RWZI Mechelen-Noord,2021-06-15 22:00:00,2021-06-15 22:00:00
RWZI Beerse,2021-06-14 22:00:00,2021-06-14 22:00:00
RWZI Hoogstraten,2021-06-13 22:00:00,2021-06-13 22:00:00
RWZI Zandvoorde,2021-06-13 22:00:00,
RWZI Merelbeke,2021-06-13 22:00:00,
RWZI Zottegem - Sint-Maria-Oudenhove,2021-06-08 22:00:00,
RWZI niet gedefinieerd,2021-06-08 22:00:00,
RWZI Neervelp,2021-06-07 22:00:00,
RWZI Menen,2021-06-07 22:00:00,2021-06-07 22:00:00
RWZI Sint-Pieters-Leeuw,2021-06-06 22:00:00,
RWZI Sint-Pieters-Leeuw,2021-06-06 22:00:00,
RWZI Neervelp,2021-06-06 22:00:00,2021-06-06 22:00:00
RWZI Nevele,2021-06-06 22:00:00,
RWZI Schilde,2021-06-06 22:00:00,2021-06-06 22:00:00
RWZI Malle,2021-06-06 22:00:00,2021-06-06 22:00:00
RWZI Merksplas,2021-06-06 22:00:00,
RWZI Merelbeke,2021-06-06 22:00:00,2021-06-06 22:00:00
RWZI niet gedefinieerd,2021-05-31 22:00:00,
RWZI Beerse,2021-05-31 22:00:00,
RWZI Oud-Turnhout,2021-05-30 22:00:00,
RWZI Mechelen-Noord,2021-05-30 22:00:00,
RWZI Mechelen-Noord,2021-05-30 22:00:00,
RWZI Grimbergen,2021-05-30 22:00:00,2021-05-30 22:00:00
RWZI Kermt,2021-05-27 22:00:00,
RWZI Menen,2021-05-26 22:00:00,
RWZI Merelbeke,2021-05-25 22:00:00,
RWZI Sint-Pieters-Leeuw,2021-05-25 22:00:00,
RWZI Sint-Pieters-Leeuw,2021-05-25 22:00:00,
RWZI Menen,2021-05-24 22:00:00,
RWZI Hooglede - Hazelstraat,2021-05-22 22:00:00,
RWZI Mechelen-Noord,2021-05-18 22:00:00,2021-05-18 22:00:00
RWZI Mechelen-Noord,2021-05-18 22:00:00,2021-05-18 22:00:00
RWZI Beerse,2021-05-17 22:00:00,
RWZI Heist,2021-05-17 22:00:00,
RWZI Sint-Laureins - Sint-Margriete,2021-05-17 22:00:00,2021-05-17 22:00:00
RWZI Brecht,2021-05-16 22:00:00,
RWZI Menen,2021-05-10 22:00:00,
RWZI Morkhoven,2021-05-09 22:00:00,
RWZI Rillaar,2021-05-09 22:00:00,2021-05-09 22:00:00
RWZI Sint-Pieters-Leeuw,2021-05-09 22:00:00,
RWZI Merchtem,2021-05-09 22:00:00,
RWZI Merelbeke,2021-05-09 22:00:00,
RWZI Sint-Pieters-Leeuw,2021-05-09 22:00:00,
RWZI Beveren - Leie,2021-05-08 10:00:00,2021-05-08 10:00:00
RWZI Beveren - Leie,2021-05-08 10:00:00,2021-05-08 10:00:00
RWZI Essen,2021-05-04 22:00:00,
RWZI Essen,2021-05-04 22:00:00,
RWZI Beerse,2021-05-03 22:00:00,
RWZI Moerbeke,2021-05-03 22:00:00,
RWZI Tessenderlo,2021-05-03 22:00:00,
RWZI Moerbeke,2021-05-03 22:00:00,
RWZI Hoegaarden,2021-05-02 22:00:00,
RWZI Neervelp,2021-05-02 22:00:00,
RWZI Morkhoven,2021-04-28 22:00:00,
RWZI niet gedefinieerd,2021-04-28 22:00:00,
RWZI Bilzen,2021-04-27 22:00:00,
RWZI Menen,2021-04-27 22:00:00,
RWZI Aalter,2021-04-26 22:00:00,2021-04-26 22:00:00
RWZI Sint-Pieters-Leeuw,2021-04-25 22:00:00,
RWZI Kermt,2021-04-25 22:00:00,
RWZI Mechelen-Noord,2021-04-25 22:00:00,
RWZI Gooik - Oetingen,2021-04-25 22:00:00,
RWZI Gooik - Oetingen,2021-04-25 22:00:00,
RWZI Merksplas,2021-04-25 22:00:00,2021-04-25 22:00:00
RWZI Engsbergen,2021-04-25 22:00:00,
RWZI Sint-Pieters-Leeuw,2021-04-25 22:00:00,
RWZI Ertvelde,2021-04-25 22:00:00,2021-04-25 22:00:00
RWZI Deurne,2021-04-25 22:00:00,
RWZI Eisden,2021-04-21 22:00:00,
RWZI Roeselare,2021-04-21 22:00:00,
RWZI Rollegem,2021-04-20 22:00:00,
RWZI Malle,2021-04-20 22:00:00,
RWZI Beerse,2021-04-20 22:00:00,2021-04-20 22:00:00
RWZI Grimbergen,2021-04-20 22:00:00,2021-04-20 22:00:00
RWZI Kortemark,2021-04-19 22:00:00,2021-04-19 22:00:00
RWZI Zomergem,2021-04-18 22:00:00,
RWZI Zomergem,2021-04-18 22:00:00,
RWZI Neeroeteren,2021-04-17 22:00:00,
RWZI Neeroeteren,2021-04-17 22:00:00,
RWZI Neeroeteren,2021-04-16 22:00:00,
RWZI Neeroeteren,2021-04-16 22:00:00,
RWZI Sint-Pieters-Leeuw,2021-04-13 22:00:00,2021-04-13 22:00:00
RWZI Sint-Pieters-Leeuw,2021-04-13 22:00:00,2021-04-13 22:00:00
RWZI Berlare,2021-04-13 22:00:00,
RWZI Dendermonde,2021-04-13 22:00:00,
RWZI Morkhoven,2021-04-11 22:00:00,
RWZI Mechelen-Noord,2021-04-11 22:00:00,2021-04-11 22:00:00
RWZI Mechelen-Noord,2021-04-11 22:00:00,2021-04-11 22:00:00
RWZI Kallo,2021-04-11 22:00:00,2021-04-11 22:00:00
RWZI niet gedefinieerd,2021-04-11 22:00:00,
RWZI Kallo,2021-04-11 22:00:00,
RWZI niet gedefinieerd,2021-04-11 22:00:00,
RWZI Brakel,2021-04-11 22:00:00,
RWZI Lokeren,2021-04-11 22:00:00,
RWZI Lommel,2021-04-11 22:00:00,2021-04-11 22:00:00
RWZI Menen,2021-04-09 22:00:00,2021-04-09 22:00:00
RWZI Lo,2021-04-07 22:00:00,
RWZI Menen,2021-04-07 22:00:00,2021-04-07 22:00:00
RWZI Engsbergen,2021-04-06 22:00:00,
RWZI Kallo,2021-04-06 22:00:00,
RWZI Kortemark,2021-04-06 22:00:00,
RWZI Schilde,2021-04-06 22:00:00,
RWZI Malle,2021-04-06 22:00:00,
RWZI Aalter,2021-04-06 22:00:00,
RWZI Koersel,2021-04-06 22:00:00,
RWZI Burcht,2021-04-06 22:00:00,
RWZI Schoten,2021-04-06 22:00:00,
RWZI Grobbendonk,2021-04-06 22:00:00,
RWZI Ouwegem,2021-04-06 22:00:00,
RWZI Beerse,2021-04-06 22:00:00,
RWZI Woumen,2021-04-06 22:00:00,
RWZI Kallo,2021-04-05 22:00:00,
RWZI Londerzeel,2021-04-05 22:00:00,
RWZI Londerzeel,2021-04-05 22:00:00,
RWZI Kallo,2021-04-05 22:00:00,
RWZI Schilde,2021-04-05 22:00:00,
RWZI Grimbergen,2021-03-31 22:00:00,2021-03-31 22:00:00
RWZI Rillaar,2021-03-29 22:00:00,2021-03-29 22:00:00
RWZI Meer,2021-03-28 22:00:00,2021-03-28 22:00:00
RWZI Mechelen-Noord,2021-03-28 22:00:00,
RWZI Sint-Pieters-Leeuw,2021-03-28 22:00:00,
RWZI Sint-Pieters-Leeuw,2021-03-28 22:00:00,
RWZI Hasselt,2021-03-23 23:00:00,2021-03-23 23:00:00
RWZI Geel,2021-03-23 23:00:00,
RWZI Geel,2021-03-23 23:00:00,
RWZI Beerse,2021-03-22 23:00:00,
RWZI Pulderbos,2021-03-21 23:00:00,
RWZI Koersel,2021-03-21 23:00:00,
RWZI Grimbergen,2021-03-21 23:00:00,
RWZI Beveren - Leie,2021-03-21 23:00:00,
RWZI Rollegem,2021-03-21 23:00:00,
RWZI Bilzen,2021-03-21 23:00:00,
RWZI Malle,2021-03-21 23:00:00,
RWZI Wommelgem,2021-03-21 23:00:00,
RWZI Rillaar,2021-03-20 23:00:00,2021-03-20 23:00:00
RWZI Ertvelde,2021-03-17 23:00:00,
RWZI Zomergem,2021-03-16 11:00:00,
RWZI Zomergem,2021-03-16 11:00:00,
RWZI niet gedefinieerd,2021-03-15 23:00:00,
RWZI niet gedefinieerd,2021-03-15 23:00:00,
RWZI niet gedefinieerd,2021-03-15 23:00:00,
RWZI niet gedefinieerd,2021-03-15 23:00:00,
RWZI Kallo,2021-03-14 23:00:00,
RWZI Kallo,2021-03-14 23:00:00,2021-03-14 23:00:00
RWZI Sint-Pieters-Leeuw,2021-03-14 23:00:00,
RWZI Sint-Pieters-Leeuw,2021-03-14 23:00:00,
RWZI Zomergem,2021-03-13 23:00:00,
RWZI Rillaar,2021-03-13 23:00:00,2021-03-13 23:00:00
RWZI Zomergem,2021-03-12 23:00:00,2021-03-12 23:00:00
RWZI Zomergem,2021-03-11 23:00:00,
RWZI Pulderbos,2021-03-10 23:00:00,
RWZI Beerse,2021-03-08 23:00:00,
RWZI Malle,2021-03-07 23:00:00,2021-03-07 23:00:00
RWZI Sint-Pieters-Leeuw,2021-03-07 23:00:00,
RWZI Kruishoutem,2021-03-07 23:00:00,
RWZI Koersel,2021-03-07 23:00:00,2021-03-07 23:00:00
RWZI Ouwegem,2021-03-07 23:00:00,
RWZI Sint-Pieters-Leeuw,2021-03-07 23:00:00,
RWZI Zomergem,2021-03-05 23:00:00,
RWZI Zomergem,2021-03-03 23:00:00,2021-03-03 23:00:00
RWZI Sint-Pieters-Leeuw,2021-03-03 23:00:00,
RWZI Zonnebeke,2021-03-03 23:00:00,
RWZI Sint-Pieters-Leeuw,2021-03-03 23:00:00,
RWZI Beerse,2021-03-02 23:00:00,
RWZI Morkhoven,2021-03-02 23:00:00,
RWZI Neeroeteren,2021-03-02 23:00:00,
RWZI Zwalm,2021-03-02 23:00:00,
RWZI Beselare,2021-03-01 23:00:00,
RWZI niet gedefinieerd,2021-03-01 23:00:00,
RWZI Ertvelde,2021-03-01 23:00:00,
RWZI Antwerpen-Noord,2021-02-28 23:00:00,
RWZI Bilzen,2021-02-28 23:00:00,
RWZI Mechelen-Noord,2021-02-28 23:00:00,
RWZI Zomergem,2021-02-26 23:00:00,
RWZI Boechout,2021-02-24 23:00:00,2021-02-24 23:00:00
RWZI Boechout,2021-02-24 23:00:00,2021-02-24 23:00:00
RWZI Boechout,2021-02-24 23:00:00,
RWZI Lier,2021-02-22 23:00:00,
RWZI Lichtaart,2021-02-22 23:00:00,
RWZI Sint-Pieters-Leeuw,2021-02-21 23:00:00,2021-02-21 23:00:00
RWZI Heist,2021-02-21 23:00:00,
RWZI Sint-Pieters-Leeuw,2021-02-21 23:00:00,2021-02-21 23:00:00
RWZI Zomergem,2021-02-21 23:00:00,
RWZI Kortemark,2021-02-21 23:00:00,2021-02-21 23:00:00
RWZI Rillaar,2021-02-20 23:00:00,2021-02-20 23:00:00
RWZI Kortemark,2021-02-20 23:00:00,
RWZI Zomergem,2021-02-18 23:00:00,
RWZI Aalter,2021-02-17 23:00:00,
RWZI Aalter,2021-02-17 23:00:00,
RWZI Staden,2021-02-16 23:00:00,
RWZI Sint-Pieters-Leeuw,2021-02-16 23:00:00,
RWZI Sint-Pieters-Leeuw,2021-02-16 23:00:00,
RWZI Menen,2021-02-15 23:00:00,
RWZI Aalter,2021-02-15 23:00:00,
RWZI Mechelen-Noord,2021-02-14 23:00:00,
RWZI Mechelen-Noord,2021-02-14 23:00:00,
RWZI Malle,2021-02-14 23:00:00,2021-02-14 23:00:00
RWZI Eksel,2021-02-14 23:00:00,
RWZI Beveren - Leie,2021-02-14 23:00:00,
Slibdroger Deurne,2021-02-10 23:00:00,
RWZI Kinrooi - Kessenich,2021-02-10 23:00:00,2021-02-10 23:00:00
RWZI Neeroeteren,2021-02-10 23:00:00,
RWZI Beerse,2021-02-09 23:00:00,
RWZI Heist,2021-02-09 23:00:00,
RWZI Tessenderlo,2021-02-08 23:00:00,
RWZI Grimbergen,2021-02-07 23:00:00,
RWZI Aalter,2021-02-07 23:00:00,
RWZI Aalter,2021-02-07 23:00:00,
RWZI Morkhoven,2021-02-03 23:00:00,
RWZI Nieuwerkerken - Wijer,2021-02-02 23:00:00,2021-02-02 23:00:00
RWZI Zonhoven,2021-02-01 23:00:00,
RWZI Beerse,2021-01-31 23:00:00,
RWZI Menen,2021-01-31 23:00:00,
RWZI Grimbergen,2021-01-31 23:00:00,
RWZI Sint-Pieters-Leeuw,2021-01-31 23:00:00,
RWZI Sint-Pieters-Leeuw,2021-01-31 23:00:00,
RWZI Mechelen-Noord,2021-01-31 23:00:00,
RWZI Mechelen-Noord,2021-01-31 23:00:00,
RWZI Parike,2021-01-31 23:00:00,2021-01-31 23:00:00
WZI Colruyt Barry Halle,2021-01-31 23:00:00,
WZI Colruyt Barry Halle,2021-01-31 23:00:00,
RWZI Westerlo,2021-01-31 23:00:00,
RWZI Lede,2021-01-26 23:00:00,
RWZI Boechout,2021-01-26 23:00:00,
RWZI Kallo,2021-01-26 23:00:00,2021-01-26 23:00:00
RWZI Kallo,2021-01-26 23:00:00,2021-01-26 23:00:00
RWZI Neeroeteren,2021-01-26 23:00:00,2021-01-26 23:00:00
RWZI Beerse,2021-01-26 23:00:00,
RWZI Houthalen-Centrum,2021-01-26 23:00:00,2021-01-26 23:00:00
RWZI Arendonk,2021-01-25 23:00:00,
RWZI Westerlo,2021-01-25 23:00:00,
RWZI Menen,2021-01-24 23:00:00,
RWZI Westerlo,2021-01-24 23:00:00,2021-01-24 23:00:00
RWZI Deinze,2021-01-19 23:00:00,
RWZI Menen,2021-01-19 23:00:00,
RWZI niet gedefinieerd,2021-01-19 11:00:00,
RWZI niet gedefinieerd,2021-01-18 23:00:00,
RWZI Essen,2021-01-18 23:00:00,
RWZI Essen,2021-01-18 23:00:00,2021-01-18 23:00:00
RWZI Bilzen,2021-01-18 23:00:00,
RWZI Heist,2021-01-17 23:00:00,
RWZI Beerse,2021-01-17 23:00:00,
RWZI Wannegem - Lede,2021-01-17 23:00:00,2021-01-17 23:00:00
RWZI Schilde,2021-01-14 23:00:00,2021-01-14 23:00:00
RWZI Vleteren,2021-01-13 23:00:00,
RWZI Lichtaart,2021-01-13 23:00:00,2021-01-13 23:00:00
RWZI Kinrooi - Kessenich,2021-01-12 23:00:00,
RWZI Neeroeteren,2021-01-12 23:00:00,
RWZI Beveren - Leie,2021-01-12 23:00:00,
RWZI Mesen,2021-01-12 23:00:00,2021-01-12 23:00:00
RWZI Kinrooi - Kessenich,2021-01-11 23:00:00,
RWZI Mesen,2021-01-11 23:00:00,2021-01-11 23:00:00
RWZI Mesen,2021-01-11 23:00:00,2021-01-11 23:00:00
RWZI Beerse,2021-01-11 23:00:00,
RWZI Neeroeteren,2021-01-11 23:00:00,2021-01-11 23:00:00
RWZI Kinrooi - Kessenich,2021-01-11 23:00:00,
RWZI Neeroeteren,2021-01-11 23:00:00,2021-01-11 23:00:00
RWZI Kallo,2021-01-10 23:00:00,2021-01-10 23:00:00
RWZI Kallo,2021-01-10 23:00:00,
RWZI Mechelen-Noord,2021-01-10 23:00:00,
RWZI Mechelen-Noord,2021-01-10 23:00:00,2021-01-10 23:00:00
RWZI Neeroeteren,2021-01-10 23:00:00,2021-01-10 23:00:00
RWZI Lichtaart,2021-01-10 23:00:00,2021-01-10 23:00:00
RWZI Kinrooi - Kessenich,2021-01-10 23:00:00,
RWZI Neeroeteren,2021-01-07 23:00:00,2021-01-07 23:00:00
RWZI Kinrooi - Kessenich,2021-01-07 23:00:00,
RWZI Sint-Maria-Lierde,2021-01-06 23:00:00,2021-01-06 23:00:00
RWZI Lichtaart,2021-01-06 23:00:00,2021-01-06 23:00:00
RWZI Lichtaart,2021-01-06 23:00:00,2021-01-06 23:00:00
RWZI Lichtaart,2021-01-06 23:00:00,2021-01-06 23:00:00
RWZI Lichtaart,2021-01-06 23:00:00,2021-01-06 23:00:00
RWZI Lichtaart,2021-01-05 23:00:00,2021-01-05 23:00:00
RWZI Leuven,2021-01-05 23:00:00,
RWZI Wolfsdonk,2021-01-05 23:00:00,
RWZI Rillaar,2021-01-04 23:00:00,2021-01-04 23:00:00
RWZI Rillaar,2021-01-04 23:00:00,
RWZI Duffel,2021-01-04 23:00:00,
RWZI Heusden,2021-01-04 23:00:00,
RWZI Genk,2020-12-21 23:00:00,
RWZI Beerse,2020-12-20 23:00:00,2020-12-20 23:00:00
RWZI Tielt-Winge,2020-12-20 23:00:00,
RWZI Sint-Pieters-Leeuw,2020-12-20 23:00:00,
RWZI Sint-Pieters-Leeuw,2020-12-20 23:00:00,
RWZI Antwerpen-Zuid,2020-12-20 23:00:00,
RWZI Jabbeke,2020-12-20 23:00:00,2020-12-20 23:00:00
RWZI Jabbeke,2020-12-20 23:00:00,2020-12-20 23:00:00
RWZI Jabbeke,2020-12-20 23:00:00,2020-12-20 23:00:00
RWZI Parike,2020-12-16 23:00:00,
RWZI niet gedefinieerd,2020-12-16 11:00:00,
RWZI niet gedefinieerd,2020-12-16 11:00:00,
RWZI Menen,2020-12-14 23:00:00,2020-12-14 23:00:00
RWZI Beerse,2020-12-14 23:00:00,
RWZI Antwerpen-Zuid,2020-12-13 23:00:00,2020-12-13 23:00:00
RWZI Zoutleeuw,2020-12-13 23:00:00,
RWZI Berendrecht,2020-12-13 23:00:00,2020-12-13 23:00:00
RWZI Morkhoven,2020-12-13 23:00:00,
RWZI Zomergem,2020-12-13 23:00:00,2020-12-13 23:00:00
RWZI Lichtaart,2020-12-13 23:00:00,2020-12-13 23:00:00
RWZI Ouwegem,2020-12-13 23:00:00,2020-12-13 23:00:00
RWZI Lichtaart,2020-12-10 23:00:00,2020-12-10 23:00:00
Riolstreng Arendonk,2020-12-10 23:00:00,2020-12-10 23:00:00
RWZI Parike,2020-12-08 23:00:00,2020-12-08 23:00:00
RWZI Parike,2020-12-08 23:00:00,2020-12-08 23:00:00
RWZI Zondereigen,2020-12-07 23:00:00,2020-12-07 23:00:00
RWZI Zondereigen,2020-12-07 23:00:00,2020-12-07 23:00:00
RWZI Merelbeke,2020-12-06 23:00:00,
RWZI Mechelen-Noord,2020-12-06 23:00:00,2020-12-06 23:00:00
RWZI Hasselt,2020-12-06 23:00:00,
RWZI Zondereigen,2020-12-06 23:00:00,2020-12-06 23:00:00
RWZI Mechelen-Noord,2020-12-06 23:00:00,2020-12-06 23:00:00
RWZI Staden,2020-12-06 23:00:00,2020-12-06 23:00:00
RWZI Beerse,2020-12-06 23:00:00,2020-12-06 23:00:00
RWZI Aalbeke - Centrum,2020-12-02 23:00:00,
RWZI Morkhoven,2020-12-02 23:00:00,2020-12-02 23:00:00
RWZI Beernem,2020-12-02 23:00:00,2020-12-02 23:00:00
RWZI Beernem,2020-12-01 23:00:00,
RWZI niet gedefinieerd,2020-11-30 23:00:00,
RWZI Dendermonde,2020-11-30 23:00:00,2020-11-30 23:00:00
RWZI Destelbergen,2020-11-30 23:00:00,
RWZI Waregem,2020-11-30 23:00:00,2020-11-30 23:00:00
RWZI Essen,2020-11-30 23:00:00,
RWZI Kalmthout,2020-11-30 23:00:00,2020-11-30 23:00:00
RWZI niet gedefinieerd,2020-11-30 23:00:00,
RWZI Essen,2020-11-30 23:00:00,
RWZI Sint-Pieters-Leeuw,2020-11-29 23:00:00,2020-11-29 23:00:00
RWZI Sint-Pieters-Leeuw,2020-11-29 23:00:00,2020-11-29 23:00:00
RWZI Merelbeke,2020-11-29 23:00:00,
RWZI Zoutleeuw,2020-11-29 23:00:00,
Riolstreng Arendonk,2020-11-26 23:00:00,
RWZI Zomergem,2020-11-25 23:00:00,
RWZI Zomergem,2020-11-25 23:00:00,
RWZI Beersel,2020-11-24 23:00:00,2020-11-24 23:00:00
RWZI Beersel,2020-11-24 23:00:00,
RWZI Antwerpen-Zuid,2020-11-23 23:00:00,2020-11-23 23:00:00
RWZI Ouwegem,2020-11-23 23:00:00,
RWZI Berlare,2020-11-22 23:00:00,
RWZI Beernem,2020-11-22 23:00:00,2020-11-22 23:00:00
RWZI Beerse,2020-11-22 23:00:00,2020-11-22 23:00:00
RWZI Wulpen,2020-11-22 23:00:00,2020-11-22 23:00:00
RWZI Berendrecht,2020-11-22 23:00:00,
RWZI Beernem,2020-11-22 23:00:00,2020-11-22 23:00:00
RWZI Aalbeke - Centrum,2020-11-22 23:00:00,
RWZI Merksem,2020-11-22 23:00:00,
RWZI Wulpen,2020-11-22 23:00:00,
RWZI Beernem,2020-11-20 23:00:00,2020-11-20 23:00:00
RWZI Wulpen,2020-11-18 23:00:00,2020-11-18 23:00:00
RWZI Wulpen,2020-11-18 23:00:00,
WZI Colruyt Barry Halle,2020-11-17 23:00:00,
RWZI Zoutleeuw,2020-11-16 23:00:00,
RWZI Beerse,2020-11-15 23:00:00,2020-11-15 23:00:00
RWZI Menen,2020-11-15 23:00:00,2020-11-15 23:00:00
RWZI Oud-Turnhout,2020-11-15 23:00:00,
RWZI Tielt-Winge,2020-11-15 23:00:00,
RWZI Merelbeke,2020-11-15 23:00:00,
RWZI Antwerpen-Zuid,2020-11-11 23:00:00,
RWZI Sint-Pieters-Leeuw,2020-11-11 23:00:00,
RWZI Sint-Pieters-Leeuw,2020-11-11 23:00:00,
RWZI Merelbeke,2020-11-08 23:00:00,
RWZI Borgloon - Tivoli,2020-11-04 23:00:00,
RWZI Borgloon - Tivoli,2020-11-04 23:00:00,
RWZI niet gedefinieerd,2020-11-02 23:00:00,
RWZI Dendermonde,2020-11-02 23:00:00,2020-11-02 23:00:00
RWZI Mechelen-Noord,2020-11-01 23:00:00,
RWZI Mechelen-Noord,2020-11-01 23:00:00,2020-11-01 23:00:00
RWZI Schoten,2020-11-01 23:00:00,2020-11-01 23:00:00
RWZI niet gedefinieerd,2020-10-28 23:00:00,
RWZI Schoten,2020-10-28 23:00:00,2020-10-28 23:00:00
RWZI Antwerpen-Zuid,2020-10-27 23:00:00,2020-10-27 23:00:00
RWZI Morkhoven,2020-10-26 23:00:00,2020-10-26 23:00:00
RWZI Westerlo,2020-10-26 23:00:00,2020-10-26 23:00:00
RWZI Beerse,2020-10-26 23:00:00,2020-10-26 23:00:00
RWZI Meer,2020-10-21 22:00:00,2020-10-21 22:00:00
RWZI Dendermonde,2020-10-20 22:00:00,2020-10-20 22:00:00
RWZI Parike,2020-10-20 22:00:00,
RWZI Boom,2020-10-19 22:00:00,
RWZI Zoutleeuw,2020-10-19 22:00:00,
RWZI Sint-Pieters-Leeuw,2020-10-18 22:00:00,
RWZI Overschelde,2020-10-18 22:00:00,
RWZI Tielt-Winge,2020-10-18 22:00:00,
RWZI Sint-Pieters-Leeuw,2020-10-18 22:00:00,
RWZI Sint-Pieters-Leeuw,2020-10-18 22:00:00,
RWZI Merelbeke,2020-10-18 22:00:00,
RWZI Gavere,2020-10-18 22:00:00,
RWZI Melle,2020-10-18 22:00:00,
RWZI Roeselare,2020-10-18 22:00:00,
RWZI niet gedefinieerd,2020-10-15 22:00:00,
RWZI Antwerpen-Zuid,2020-10-14 22:00:00,2020-10-14 22:00:00
RWZI niet gedefinieerd,2020-10-13 22:00:00,
RWZI Zomergem,2020-10-13 22:00:00,
RWZI niet gedefinieerd,2020-10-13 22:00:00,
RWZI Ruisbroek,2020-10-12 22:00:00,
RWZI Tielt-Winge,2020-10-12 22:00:00,
RWZI Roeselare,2020-10-12 22:00:00,
RWZI Blaasveld,2020-10-12 22:00:00,
RWZI Merelbeke,2020-10-11 22:00:00,2020-10-11 22:00:00
RWZI Zwalm,2020-10-11 22:00:00,2020-10-11 22:00:00
RWZI Roeselare,2020-10-11 22:00:00,2020-10-11 22:00:00
RWZI Tielt-Winge,2020-10-06 22:00:00,
RWZI Tielt-Winge,2020-10-06 22:00:00,
RWZI Beernem,2020-10-06 22:00:00,
RWZI Beernem,2020-10-05 22:00:00,
RWZI Zichen,2020-10-04 22:00:00,
RWZI Mechelen-Noord,2020-10-04 22:00:00,2020-10-04 22:00:00
RWZI Mechelen-Noord,2020-10-04 22:00:00,2020-10-04 22:00:00
RWZI Deinze,2020-10-04 22:00:00,
RWZI Berlare,2020-10-04 22:00:00,
RWZI Grimbergen,2020-10-04 22:00:00,2020-10-04 22:00:00
RWZI Aarschot,2020-10-04 22:00:00,
RWZI Boekhoute,2020-10-04 22:00:00,
RWZI Heist,2020-10-04 22:00:00,
RWZI Merksem,2020-10-04 22:00:00,
RWZI Beveren - Leie,2020-09-30 22:00:00,2020-09-30 22:00:00
RWZI Beveren - Leie,2020-09-30 22:00:00,
RWZI Beveren - Leie,2020-09-30 22:00:00,
RWZI Beveren - Leie,2020-09-30 22:00:00,2020-09-30 22:00:00
RWZI Beveren - Leie,2020-09-30 22:00:00,2020-09-30 22:00:00
RWZI Antwerpen-Zuid,2020-09-29 22:00:00,2020-09-29 22:00:00
RWZI Blaasveld,2020-09-27 22:00:00,2020-09-27 22:00:00
RWZI Parike,2020-09-26 22:00:00,2020-09-26 22:00:00
Slibdroger Deurne,2020-09-25 22:00:00,2020-09-25 22:00:00
Slibdroger Deurne,2020-09-25 22:00:00,2020-09-25 22:00:00
RWZI Oud-Turnhout,2020-09-20 22:00:00,2020-09-20 22:00:00
RWZI Tielt-Winge,2020-09-20 22:00:00,2020-09-20 22:00:00
RWZI Antwerpen-Zuid,2020-09-15 22:00:00,2020-09-15 22:00:00
RWZI Zomergem,2020-09-15 22:00:00,
RWZI Tielt-Winge,2020-09-13 22:00:00,2020-09-13 22:00:00
RWZI Merelbeke,2020-09-13 22:00:00,
RWZI Merksem,2020-09-13 22:00:00,2020-09-13 22:00:00
RWZI Merelbeke,2020-09-13 22:00:00,
RWZI Geel,2020-09-08 22:00:00,2020-09-08 22:00:00
RWZI Dendermonde,2020-09-07 22:00:00,2020-09-07 22:00:00
RWZI Heist,2020-09-06 22:00:00,
RWZI Mechelen-Noord,2020-09-06 22:00:00,2020-09-06 22:00:00
RWZI Mechelen-Noord,2020-09-06 22:00:00,2020-09-06 22:00:00
RWZI Bilzen,2020-09-06 22:00:00,
RWZI Sint-Pieters-Leeuw,2020-09-06 22:00:00,
RWZI Sint-Pieters-Leeuw,2020-09-06 22:00:00,
RWZI Riksingen,2020-09-06 22:00:00,
RWZI Berendrecht,2020-09-06 22:00:00,
RWZI Heist,2020-09-06 22:00:00,
RWZI Heist,2020-09-06 22:00:00,
RWZI Heist,2020-09-06 22:00:00,
RWZI Heist,2020-09-06 22:00:00,
RWZI Heist,2020-09-06 22:00:00,
RWZI Heist,2020-09-06 22:00:00,
RWZI Koekelare,2020-09-01 22:00:00,2020-09-01 22:00:00
RWZI Koekelare,2020-09-01 22:00:00,2020-09-01 22:00:00
RWZI Antwerpen-Zuid,2020-08-31 22:00:00,
RWZI Merelbeke,2020-08-30 22:00:00,
RWZI Koersel,2020-08-30 22:00:00,
RWZI Sint-Lievens-Houtem - Bavegem,2020-08-30 22:00:00,2020-08-30 22:00:00
RWZI Genk,2020-08-30 22:00:00,2020-08-30 22:00:00
RWZI Genk,2020-08-30 22:00:00,2020-08-30 22:00:00
RWZI Sint-Pieters-Leeuw,2020-08-30 22:00:00,
RWZI Sint-Pieters-Leeuw,2020-08-30 22:00:00,
RWZI Nevele,2020-08-30 22:00:00,
RWZI Riksingen,2020-08-30 22:00:00,
RWZI Ieper - Hollebeke,2020-08-26 22:00:00,2020-08-26 22:00:00
RWZI Beernem,2020-08-26 22:00:00,2020-08-26 22:00:00
RWZI Geetbets,2020-08-25 22:00:00,
RWZI Zoutleeuw,2020-08-25 22:00:00,
RWZI Bilzen,2020-08-24 22:00:00,2020-08-24 22:00:00
RWZI Gavere,2020-08-24 22:00:00,
RWZI Asse - Bollebeek,2020-08-24 22:00:00,2020-08-24 22:00:00
RWZI Merelbeke,2020-08-24 22:00:00,
RWZI Nevele,2020-08-23 22:00:00,2020-08-23 22:00:00
RWZI Aalbeke - Centrum,2020-08-23 22:00:00,
RWZI Zichen,2020-08-23 22:00:00,
RWZI Zichem,2020-08-23 22:00:00,
RWZI Overschelde,2020-08-23 22:00:00,2020-08-23 22:00:00
RWZI Sint-Pieters-Leeuw,2020-08-23 22:00:00,
RWZI Sint-Pieters-Leeuw,2020-08-23 22:00:00,2020-08-23 22:00:00
RWZI Poperinge,2020-08-18 22:00:00,
RWZI Antwerpen-Zuid,2020-08-18 22:00:00,2020-08-18 22:00:00
RWZI Alken,2020-08-18 22:00:00,
RWZI Sint-Pieters-Leeuw,2020-08-16 22:00:00,
RWZI Sint-Pieters-Leeuw,2020-08-16 22:00:00,
RWZI Merelbeke,2020-08-16 22:00:00,
RWZI Aartselaar,2020-08-15 22:00:00,2020-08-15 22:00:00
RWZI Beernem,2020-08-12 22:00:00,2020-08-12 22:00:00
RWZI Merksem,2020-08-12 22:00:00,2020-08-12 22:00:00
RWZI Messelbroek,2020-08-12 22:00:00,2020-08-12 22:00:00
RWZI niet gedefinieerd,2020-08-11 22:00:00,
RWZI niet gedefinieerd,2020-08-11 22:00:00,
RWZI Dendermonde,2020-08-11 22:00:00,
RWZI Messelbroek,2020-08-11 22:00:00,2020-08-11 22:00:00
RWZI Sint-Pieters-Leeuw,2020-08-11 22:00:00,
RWZI Sint-Pieters-Leeuw,2020-08-11 22:00:00,
RWZI Merelbeke,2020-08-11 22:00:00,2020-08-11 22:00:00
RWZI Lommel,2020-08-09 22:00:00,
RWZI Lommel,2020-08-08 22:00:00,2020-08-08 22:00:00
RWZI Lommel,2020-08-06 22:00:00,2020-08-06 22:00:00
RWZI Koersel,2020-08-04 22:00:00,
RWZI Engsbergen,2020-08-04 22:00:00,
RWZI Zonhoven,2020-08-04 22:00:00,
RWZI Koersel,2020-08-04 22:00:00,
RWZI Engsbergen,2020-08-04 22:00:00,
RWZI Heusden,2020-08-04 22:00:00,
RWZI Engsbergen,2020-08-04 22:00:00,2020-08-04 22:00:00
RWZI Engsbergen,2020-08-03 22:00:00,2020-08-03 22:00:00
RWZI Antwerpen-Zuid,2020-08-03 22:00:00,
RWZI niet gedefinieerd,2020-08-03 22:00:00,
RWZI Engsbergen,2020-08-03 22:00:00,
RWZI Aalbeke - Centrum,2020-08-02 22:00:00,
RWZI Sint-Pieters-Leeuw,2020-08-02 22:00:00,
RWZI Sint-Pieters-Leeuw,2020-08-02 22:00:00,
RWZI Heist,2020-08-02 22:00:00,
RWZI Mechelen-Noord,2020-08-02 22:00:00,2020-08-02 22:00:00
RWZI Mechelen-Noord,2020-08-02 22:00:00,2020-08-02 22:00:00
RWZI Mechelen-Noord,2020-07-27 22:00:00,
RWZI Merelbeke,2020-07-26 22:00:00,
"Vleteren, PSB Westvleteren",2020-07-26 22:00:00,2020-07-26 22:00:00
RWZI Vleteren,2020-07-26 22:00:00,2020-07-26 22:00:00
RWZI Sint-Pieters-Leeuw,2020-07-26 22:00:00,
RWZI Sint-Pieters-Leeuw,2020-07-26 22:00:00,
RWZI niet gedefinieerd,2020-07-22 22:00:00,
RWZI Antwerpen-Zuid,2020-07-21 22:00:00,2020-07-21 22:00:00
RWZI Beerse,2020-07-21 22:00:00,
RWZI Beerse,2020-07-16 22:00:00,2020-07-16 22:00:00
RWZI Beerse,2020-07-16 22:00:00,2020-07-16 22:00:00
RWZI Dendermonde,2020-07-14 22:00:00,
RWZI Roeselare,2020-07-14 22:00:00,
RWZI Wetteren,2020-07-13 22:00:00,2020-07-13 22:00:00
RWZI Heist,2020-07-13 22:00:00,
RWZI Merelbeke,2020-07-12 22:00:00,
RWZI Bilzen,2020-07-12 22:00:00,
RWZI Sint-Pieters-Leeuw,2020-07-12 22:00:00,
RWZI Sint-Pieters-Leeuw,2020-07-12 22:00:00,
RWZI Mechelen-Noord,2020-07-06 22:00:00,2020-07-06 22:00:00
RWZI Mechelen-Noord,2020-07-06 22:00:00,2020-07-06 22:00:00
RWZI Antwerpen-Zuid,2020-07-06 22:00:00,
Slibdroger Deurne,2020-07-05 22:00:00,2020-07-05 22:00:00
Slibdroger Deurne,2020-07-05 22:00:00,2020-07-05 22:00:00
RWZI Beerse,2020-06-30 22:00:00,2020-06-30 22:00:00
RWZI Sint-Pieters-Leeuw,2020-06-30 22:00:00,
RWZI Sint-Pieters-Leeuw,2020-06-30 22:00:00,
RWZI Mechelen-Noord,2020-06-29 22:00:00,
RWZI Poperinge,2020-06-29 22:00:00,2020-06-29 22:00:00
RWZI niet gedefinieerd,2020-06-29 22:00:00,
RWZI Beerse,2020-06-28 22:00:00,2020-06-28 22:00:00
RWZI Merelbeke,2020-06-28 22:00:00,2020-06-28 22:00:00
RWZI Bilzen,2020-06-28 22:00:00,
RWZI Sint-Maria-Aalter,2020-06-28 22:00:00,
RWZI niet gedefinieerd,2020-06-25 22:00:00,
RWZI Brugge,2020-06-24 22:00:00,
RWZI Aalbeke - Centrum,2020-06-23 22:00:00,
RWZI niet gedefinieerd,2020-06-23 22:00:00,2020-06-23 22:00:00
RWZI Antwerpen-Zuid,2020-06-22 22:00:00,2020-06-22 22:00:00
RWZI niet gedefinieerd,2020-06-22 22:00:00,
RWZI Engsbergen,2020-06-22 22:00:00,
RWZI Mechelen-Noord,2020-06-22 22:00:00,2020-06-22 22:00:00
RWZI Mechelen-Noord,2020-06-22 22:00:00,2020-06-22 22:00:00
RWZI niet gedefinieerd,2020-06-22 10:00:00,
RWZI Sint-Pieters-Leeuw,2020-06-21 22:00:00,
RWZI Tielt-Winge,2020-06-21 22:00:00,
RWZI Sint-Pieters-Leeuw,2020-06-21 22:00:00,
RWZI Latem,2020-06-21 10:00:00,2020-06-21 10:00:00
RWZI Deurle,2020-06-21 10:00:00,2020-06-21 10:00:00
RWZI niet gedefinieerd,2020-06-15 22:00:00,
RWZI Dendermonde,2020-06-15 22:00:00,
RWZI niet gedefinieerd,2020-06-15 22:00:00,
RWZI niet gedefinieerd,2020-06-15 22:00:00,
RWZI Sint-Pieters-Leeuw,2020-06-14 22:00:00,
RWZI Sint-Pieters-Leeuw,2020-06-14 22:00:00,
RWZI Diest,2020-06-14 22:00:00,
RWZI Hooglede - Hazelstraat,2020-06-14 22:00:00,2020-06-14 22:00:00
RWZI Bilzen,2020-06-14 22:00:00,2020-06-14 22:00:00
RWZI Zichen,2020-06-10 22:00:00,
RWZI Tielt-Winge,2020-06-09 22:00:00,
RWZI Tielt-Winge,2020-06-09 22:00:00,
RWZI Messelbroek,2020-06-09 22:00:00,2020-06-09 22:00:00
RWZI Gent,2020-06-09 22:00:00,2020-06-09 22:00:00
RWZI Antwerpen-Zuid,2020-06-08 22:00:00,2020-06-08 22:00:00
RWZI Sint-Pieters-Leeuw,2020-06-08 22:00:00,2020-06-08 22:00:00
RWZI Pittem,2020-06-08 22:00:00,2020-06-08 22:00:00
RWZI Sint-Pieters-Leeuw,2020-06-08 22:00:00,2020-06-08 22:00:00
RWZI Bilzen,2020-06-07 22:00:00,2020-06-07 22:00:00
RWZI Beerse,2020-06-07 22:00:00,2020-06-07 22:00:00
RWZI Koersel,2020-06-07 22:00:00,
RWZI Sint-Pieters-Leeuw,2020-06-07 22:00:00,2020-06-07 22:00:00
RWZI Sint-Pieters-Leeuw,2020-06-07 22:00:00,2020-06-07 22:00:00
RWZI Beerse,2020-06-02 22:00:00,
RWZI Wommelgem,2020-06-01 22:00:00,
RWZI Sint-Amands,2020-06-01 22:00:00,
RWZI Diest,2020-06-01 22:00:00,
RWZI Antwerpen-Zuid,2020-05-25 22:00:00,
RWZI Koersel,2020-05-25 22:00:00,
RWZI Zondereigen,2020-05-24 22:00:00,2020-05-24 22:00:00
RWZI Deurle,2020-05-19 10:00:00,2020-05-19 10:00:00
RWZI Sint-Pieters-Leeuw,2020-05-18 22:00:00,
RWZI Sint-Pieters-Leeuw,2020-05-18 22:00:00,
RWZI Diest,2020-05-18 22:00:00,
RWZI Dendermonde,2020-05-18 22:00:00,
RWZI Latem,2020-05-18 22:00:00,2020-05-18 22:00:00
RWZI Gent,2020-05-18 22:00:00,
RWZI Beerse,2020-05-17 22:00:00,
RWZI Aalbeke - Centrum,2020-05-17 22:00:00,
RWZI Nevele,2020-05-17 22:00:00,
RWZI Aalbeke - Centrum,2020-05-17 22:00:00,
RWZI Engsbergen,2020-05-12 22:00:00,
RWZI Antwerpen-Zuid,2020-05-12 22:00:00,
RWZI Dendermonde,2020-05-11 22:00:00,
RWZI Sint-Amands,2020-05-10 22:00:00,
RWZI Tessenderlo,2020-05-10 22:00:00,
RWZI Sint-Pieters-Leeuw,2020-05-10 22:00:00,
RWZI Diest,2020-05-10 22:00:00,
RWZI Sint-Pieters-Leeuw,2020-05-10 22:00:00,
RWZI Gent,2020-05-10 22:00:00,
RWZI Heist,2020-05-10 22:00:00,
RWZI Dendermonde,2020-05-07 22:00:00,
RWZI niet gedefinieerd,2020-05-07 10:00:00,
RWZI niet gedefinieerd,2020-05-07 10:00:00,
RWZI niet gedefinieerd,2020-05-07 10:00:00,
RWZI niet gedefinieerd,2020-05-07 10:00:00,
RWZI Hasselt,2020-05-06 22:00:00,
RWZI niet gedefinieerd,2020-05-05 22:00:00,
RWZI Zichem,2020-05-05 22:00:00,
RWZI niet gedefinieerd,2020-05-05 22:00:00,
RWZI niet gedefinieerd,2020-05-05 10:00:00,
RWZI niet gedefinieerd,2020-05-05 10:00:00,
RWZI niet gedefinieerd,2020-05-05 10:00:00,
RWZI niet gedefinieerd,2020-05-04 22:00:00,
RWZI Antwerpen-Zuid,2020-05-04 22:00:00,
RWZI Nieuwkerke,2020-05-04 22:00:00,2020-05-04 22:00:00
RWZI Nieuwkerke,2020-05-04 22:00:00,2020-05-04 22:00:00
RWZI Wimmertingen,2020-05-03 22:00:00,
RWZI Heist,2020-05-03 22:00:00,
RWZI De Klinge,2020-05-03 22:00:00,
RWZI Lichtaart,2020-05-03 22:00:00,2020-05-03 22:00:00
RWZI Sint-Pieters-Leeuw,2020-05-03 22:00:00,
RWZI Sint-Pieters-Leeuw,2020-05-03 22:00:00,
RWZI Ieper - Hollebeke,2020-05-03 22:00:00,2020-05-03 22:00:00
RWZI Beverlo,2020-04-29 22:00:00,
RWZI Koersel,2020-04-29 22:00:00,
RWZI Kermt,2020-04-28 22:00:00,
RWZI Antwerpen-Zuid,2020-04-27 22:00:00,2020-04-27 22:00:00
RWZI Brakel,2020-04-27 22:00:00,2020-04-27 22:00:00
RWZI Engsbergen,2020-04-27 22:00:00,2020-04-27 22:00:00
RWZI Loker,2020-04-27 22:00:00,2020-04-27 22:00:00
RWZI Engsbergen,2020-04-27 22:00:00,
RWZI Kieldrecht,2020-04-26 22:00:00,
RWZI Beerse,2020-04-26 22:00:00,2020-04-26 22:00:00
RWZI Mechelen-Noord,2020-04-26 22:00:00,2020-04-26 22:00:00
RWZI Engsbergen,2020-04-24 22:00:00,2020-04-24 22:00:00
RWZI Baliebrugge,2020-04-22 22:00:00,
RWZI Houthalen-Oost,2020-04-22 22:00:00,
RWZI niet gedefinieerd,2020-04-22 22:00:00,
RWZI niet gedefinieerd,2020-04-22 22:00:00,
RWZI niet gedefinieerd,2020-04-22 22:00:00,
RWZI Baliebrugge,2020-04-22 22:00:00,
RWZI Hasselt,2020-04-21 22:00:00,
RWZI Genk,2020-04-21 22:00:00,
RWZI Pittem,2020-04-20 22:00:00,2020-04-20 22:00:00
RWZI Oud-Turnhout,2020-04-20 22:00:00,
RWZI Beveren,2020-04-20 22:00:00,
RWZI Antwerpen-Zuid,2020-04-20 22:00:00,2020-04-20 22:00:00
RWZI Wommelgem,2020-04-19 22:00:00,
RWZI Dendermonde,2020-04-19 22:00:00,2020-04-19 22:00:00
RWZI Wommelgem,2020-04-19 22:00:00,
RWZI Aarschot,2020-04-19 22:00:00,
RWZI Ruddervoorde,2020-04-19 22:00:00,2020-04-19 22:00:00
RWZI Bornem - Oude Schelde,2020-04-19 22:00:00,2020-04-19 22:00:00
RWZI Ruddervoorde,2020-04-19 22:00:00,2020-04-19 22:00:00
RWZI Sint-Pieters-Leeuw,2020-04-19 22:00:00,
RWZI Beerse,2020-04-19 22:00:00,
RWZI Bornem - Oude Schelde,2020-04-18 22:00:00,2020-04-18 22:00:00
RWZI Ledegem,2020-04-17 22:00:00,2020-04-17 22:00:00
RWZI Zonhoven,2020-04-16 22:00:00,
Essers Tessenderlo (Aqua&#43;),2020-04-14 22:00:00,
RWZI Diest,2020-04-14 22:00:00,2020-04-14 22:00:00
RWZI Tessenderlo,2020-04-14 22:00:00,
RWZI Engsbergen,2020-04-13 22:00:00,2020-04-13 22:00:00
RWZI Laarne,2020-04-13 22:00:00,
RWZI Sint-Amands,2020-04-13 22:00:00,
RWZI Sint-Amands,2020-04-13 22:00:00,
RWZI Ertvelde,2020-04-13 22:00:00,
RWZI Destelbergen,2020-04-13 22:00:00,
RWZI Antwerpen-Zuid,2020-04-13 22:00:00,2020-04-13 22:00:00
RWZI Nevele,2020-04-13 22:00:00,
RWZI Berendrecht,2020-04-09 22:00:00,
RWZI Zichem,2020-04-08 22:00:00,
RWZI Nevele,2020-04-07 22:00:00,2020-04-07 22:00:00
RWZI Menen,2020-04-06 22:00:00,2020-04-06 22:00:00
RWZI Dendermonde,2020-04-06 22:00:00,2020-04-06 22:00:00
RWZI Mesen,2020-04-06 22:00:00,2020-04-06 22:00:00
WZI Colruyt Barry Halle,2020-04-05 22:00:00,
RWZI Kieldrecht,2020-04-05 22:00:00,
RWZI Beerse,2020-04-05 22:00:00,2020-04-05 22:00:00
RWZI Galmaarden,2020-04-05 22:00:00,
WZI Sus Campiniae Oevel,2020-04-05 22:00:00,
RWZI Pittem,2020-04-05 22:00:00,2020-04-05 22:00:00
RWZI Zichen,2020-04-05 22:00:00,
RWZI Galmaarden,2020-04-02 22:00:00,
RWZI Tessenderlo,2020-04-01 22:00:00,
RWZI Engsbergen,2020-04-01 22:00:00,
RWZI Engsbergen,2020-04-01 22:00:00,
RWZI Engsbergen,2020-04-01 22:00:00,2020-04-01 22:00:00
RWZI Hasselt,2020-03-31 22:00:00,
RWZI Neeroeteren,2020-03-31 22:00:00,
RWZI Kieldrecht,2020-03-31 22:00:00,
RWZI Oud-Heverlee,2020-03-31 22:00:00,
RWZI Kieldrecht,2020-03-31 22:00:00,
RWZI De Klinge,2020-03-30 22:00:00,
RWZI Kieldrecht,2020-03-30 22:00:00,
RWZI Kieldrecht,2020-03-30 22:00:00,
RWZI Menen,2020-03-30 22:00:00,
RWZI Engsbergen,2020-03-30 22:00:00,
RWZI Kortemark,2020-03-29 22:00:00,
RWZI Gent,2020-03-29 22:00:00,
RWZI Heldergem,2020-03-29 22:00:00,
RWZI Woumen,2020-03-29 22:00:00,
RWZI Beerse,2020-03-29 22:00:00,
RWZI Landen - Rumsdorp,2020-03-25 23:00:00,
RWZI Sint-Joris-Winge,2020-03-24 23:00:00,
RWZI Hamont,2020-03-24 23:00:00,
RWZI Messelbroek,2020-03-24 23:00:00,
RWZI Tielt-Winge,2020-03-24 23:00:00,
RWZI Deurne,2020-03-24 23:00:00,
RWZI Dendermonde,2020-03-23 23:00:00,
RWZI Hamme,2020-03-23 23:00:00,
RWZI Beveren - Leie,2020-03-23 23:00:00,
RWZI Beveren - Leie,2020-03-23 23:00:00,
RWZI Bambrugge,2020-03-23 23:00:00,
RWZI Teuven,2020-03-23 23:00:00,
RWZI Zichen,2020-03-22 23:00:00,
RWZI Hasselt,2020-03-18 23:00:00,
RWZI Moorslede,2020-03-18 23:00:00,
RWZI Essen,2020-03-18 23:00:00,2020-03-18 23:00:00
RWZI Overschelde,2020-03-17 23:00:00,
RWZI Merchtem,2020-03-17 23:00:00,
RWZI Merchtem,2020-03-17 23:00:00,
RWZI Antwerpen-Zuid,2020-03-16 23:00:00,2020-03-16 23:00:00
RWZI Zondereigen,2020-03-16 23:00:00,2020-03-16 23:00:00
RWZI Ingooigem,2020-03-15 23:00:00,2020-03-15 23:00:00
RWZI Zondereigen,2020-03-14 23:00:00,2020-03-14 23:00:00
RWZI Zondereigen,2020-03-14 23:00:00,2020-03-14 23:00:00
RWZI Gent,2020-03-12 23:00:00,
RWZI Merchtem,2020-03-12 23:00:00,
RWZI Merksplas,2020-03-11 23:00:00,
RWZI Antwerpen-Zuid,2020-03-11 23:00:00,
RWZI Brecht,2020-03-11 23:00:00,
RWZI Deurne,2020-03-10 23:00:00,
RWZI niet gedefinieerd,2020-03-10 23:00:00,
RWZI Ravels,2020-03-10 23:00:00,
RWZI Turnhout,2020-03-10 23:00:00,
RWZI Oud-Turnhout,2020-03-10 23:00:00,
RWZI Gent,2020-03-10 23:00:00,
RWZI Sint-Truiden,2020-03-09 23:00:00,
RWZI Halen,2020-03-09 23:00:00,2020-03-09 23:00:00
RWZI Halen,2020-03-09 23:00:00,2020-03-09 23:00:00
RWZI Halen,2020-03-09 23:00:00,2020-03-09 23:00:00
RWZI Halen,2020-03-09 23:00:00,2020-03-09 23:00:00
RWZI Londerzeel,2020-03-08 23:00:00,
RWZI Sint-Maria-Aalter,2020-03-08 23:00:00,
RWZI De Klinge,2020-03-08 23:00:00,
RWZI Kinrooi - Kessenich,2020-03-04 23:00:00,
RWZI Kinrooi-Molenbeersel,2020-03-04 23:00:00,
RWZI Kinrooi-Molenbeersel,2020-03-04 23:00:00,
RWZI Kinrooi - Kessenich,2020-03-04 23:00:00,
RWZI Gent,2020-03-04 23:00:00,2020-03-04 23:00:00
RWZI Sint-Pieters-Leeuw,2020-03-03 23:00:00,
RWZI Sint-Pieters-Leeuw,2020-03-03 23:00:00,
RWZI Antwerpen-Zuid,2020-03-02 23:00:00,
RWZI Heist,2020-03-01 23:00:00,
RWZI Neeroeteren,2020-03-01 23:00:00,
RWZI Oud-Turnhout,2020-03-01 23:00:00,
RWZI Ledegem,2020-03-01 23:00:00,
RWZI Heist,2020-03-01 23:00:00,
RWZI Berendrecht,2020-03-01 23:00:00,2020-03-01 23:00:00
RWZI Berendrecht,2020-02-28 23:00:00,2020-02-28 23:00:00
RWZI niet gedefinieerd,2020-02-28 11:00:00,
RWZI niet gedefinieerd,2020-02-28 11:00:00,
RWZI niet gedefinieerd,2020-02-27 23:00:00,
RWZI Halen,2020-02-27 23:00:00,2020-02-27 23:00:00
RWZI Moorslede,2020-02-26 23:00:00,
RWZI Halen,2020-02-26 23:00:00,2020-02-26 23:00:00
RWZI Halen,2020-02-26 23:00:00,
RWZI Diest,2020-02-26 23:00:00,2020-02-26 23:00:00
RWZI Londerzeel,2020-02-25 23:00:00,
RWZI Halen,2020-02-25 23:00:00,2020-02-25 23:00:00
RWZI Antwerpen-Zuid,2020-02-24 23:00:00,
RWZI Dendermonde,2020-02-24 23:00:00,2020-02-24 23:00:00
RWZI Londerzeel,2020-02-23 23:00:00,
RWZI Moorslede,2020-02-23 23:00:00,2020-02-23 23:00:00
RWZI Meise - Oppem,2020-02-23 23:00:00,
RWZI Moorslede,2020-02-23 23:00:00,2020-02-23 23:00:00
RWZI Neeroeteren,2020-02-22 23:00:00,2020-02-22 23:00:00
RWZI Moorslede,2020-02-18 23:00:00,
RWZI Berendrecht,2020-02-18 23:00:00,
RWZI Antwerpen-Zuid,2020-02-17 23:00:00,
RWZI Westerlo,2020-02-17 23:00:00,
WZI Sus Campiniae Oevel,2020-02-16 23:00:00,
RWZI Moorslede,2020-02-16 23:00:00,
RWZI niet gedefinieerd,2020-02-16 23:00:00,
RWZI Hasselt,2020-02-16 23:00:00,
RWZI Mesen,2020-02-16 23:00:00,
RWZI Berendrecht,2020-02-16 23:00:00,2020-02-16 23:00:00
RWZI Berendrecht,2020-02-16 23:00:00,
RWZI Oud-Heverlee,2020-02-16 23:00:00,
RWZI Deurne,2020-02-16 23:00:00,
Essers Tessenderlo (Aqua&#43;),2020-02-14 11:00:00,
RWZI niet gedefinieerd,2020-02-13 23:00:00,
RWZI niet gedefinieerd,2020-02-13 23:00:00,
RWZI Sint-Pieters-Leeuw,2020-02-13 23:00:00,2020-02-13 23:00:00
RWZI Sint-Pieters-Leeuw,2020-02-13 23:00:00,2020-02-13 23:00:00
RWZI Riemst,2020-02-12 23:00:00,
RWZI Sint-Pieters-Leeuw,2020-02-12 23:00:00,2020-02-12 23:00:00
RWZI Gent,2020-02-11 23:00:00,
RWZI Maldegem,2020-02-11 23:00:00,
RWZI Brugge,2020-02-11 23:00:00,2020-02-11 23:00:00
RWZI Brugge,2020-02-11 23:00:00,2020-02-11 23:00:00
RWZI Brugge,2020-02-11 23:00:00,2020-02-11 23:00:00
RWZI Zoutleeuw,2020-02-11 23:00:00,
RWZI Sint-Truiden,2020-02-11 23:00:00,
RWZI Poperinge,2020-02-11 23:00:00,
RWZI De Klinge,2020-02-11 23:00:00,
RWZI Houthalen-Oost,2020-02-10 23:00:00,
RWZI Ledegem,2020-02-10 23:00:00,2020-02-10 23:00:00
RWZI Kortemark,2020-02-10 23:00:00,
RWZI Antwerpen-Zuid,2020-02-09 23:00:00,
RWZI Berendrecht,2020-02-09 23:00:00,
RWZI niet gedefinieerd,2020-02-04 23:00:00,
RWZI Neeroeteren,2020-02-04 23:00:00,2020-02-04 23:00:00
RWZI Antwerpen-Zuid,2020-02-03 23:00:00,2020-02-03 23:00:00
RWZI Essen,2020-02-02 23:00:00,2020-02-02 23:00:00
RWZI Ingooigem,2020-02-02 23:00:00,
RWZI Essen,2020-02-02 23:00:00,
RWZI Mol - Postel,2020-01-30 23:00:00,2020-01-30 23:00:00
RWZI Zemst - Bosstraat,2020-01-29 23:00:00,
RWZI Genk,2020-01-28 23:00:00,
RWZI Meise - Oppem,2020-01-28 23:00:00,
RWZI Neeroeteren,2020-01-27 23:00:00,
RWZI Antwerpen-Zuid,2020-01-27 23:00:00,
RWZI Ledegem,2020-01-27 23:00:00,2020-01-27 23:00:00
RWZI Nijlen,2020-01-27 23:00:00,
RWZI Ledegem,2020-01-27 23:00:00,2020-01-27 23:00:00
RWZI Ledegem,2020-01-27 23:00:00,2020-01-27 23:00:00
RWZI Ledegem,2020-01-27 23:00:00,2020-01-27 23:00:00
RWZI Dendermonde,2020-01-27 23:00:00,
RWZI Zichen,2020-01-26 23:00:00,2020-01-26 23:00:00
RWZI Moorslede,2020-01-26 23:00:00,
RWZI Ledegem,2020-01-26 23:00:00,2020-01-26 23:00:00
RWZI Ledegem,2020-01-26 23:00:00,2020-01-26 23:00:00
RWZI Zichen,2020-01-26 23:00:00,2020-01-26 23:00:00
RWZI Grobbendonk,2020-01-26 23:00:00,
RWZI Bornem,2020-01-25 23:00:00,
WZI Total Nazareth richting Kortrijk,2020-01-23 23:00:00,
RWZI Zichen,2020-01-22 23:00:00,
RWZI niet gedefinieerd,2020-01-22 23:00:00,
RWZI Ninove,2020-01-21 23:00:00,
RWZI Antwerpen-Zuid,2020-01-20 23:00:00,
RWZI Oud-Turnhout,2020-01-19 23:00:00,
RWZI Zichen,2020-01-19 23:00:00,
RWZI Schoten,2020-01-19 23:00:00,
RWZI Beveren - Leie,2020-01-15 23:00:00,
RWZI Ledegem,2020-01-14 23:00:00,2020-01-14 23:00:00
RWZI Genk,2020-01-14 23:00:00,
RWZI niet gedefinieerd,2020-01-14 11:00:00,2020-01-14 11:00:00
RWZI Dendermonde,2020-01-13 23:00:00,
RWZI Dendermonde,2020-01-13 23:00:00,
RWZI Zonhoven,2020-01-13 23:00:00,2020-01-13 23:00:00
RWZI Gent,2020-01-13 23:00:00,
RWZI Berendrecht,2020-01-12 23:00:00,2020-01-12 23:00:00
RWZI Tervuren,2020-01-12 23:00:00,
RWZI Zonhoven,2020-01-12 23:00:00,2020-01-12 23:00:00
RWZI Berendrecht,2020-01-12 23:00:00,2020-01-12 23:00:00
RWZI Ledegem,2020-01-12 23:00:00,
RWZI Berendrecht,2020-01-11 23:00:00,2020-01-11 23:00:00
RWZI Berendrecht,2020-01-11 23:00:00,2020-01-11 23:00:00
RWZI Zondereigen,2020-01-10 23:00:00,
RWZI Zondereigen,2020-01-10 23:00:00,
RWZI Berendrecht,2020-01-09 23:00:00,2020-01-09 23:00:00
RWZI Ledegem,2020-01-08 23:00:00,2020-01-08 23:00:00
RWZI Koersel,2020-01-06 23:00:00,
RWZI Heusden,2020-01-05 23:00:00,
RWZI Kallo,2020-01-05 23:00:00,2020-01-05 23:00:00
RWZI Essen,2020-01-05 23:00:00,
RWZI Ruddervoorde,2020-01-05 23:00:00,2020-01-05 23:00:00
RWZI Zomergem,2020-01-05 23:00:00,
RWZI Ruddervoorde,2020-01-02 23:00:00,
RWZI Ruddervoorde,2019-12-24 23:00:00,
RWZI Ruddervoorde,2019-12-24 23:00:00,2019-12-24 23:00:00
RWZI Ruddervoorde,2019-12-24 23:00:00,2019-12-24 23:00:00
RWZI Ruddervoorde,2019-12-24 23:00:00,2019-12-24 23:00:00
RWZI Genk,2019-12-17 23:00:00,
Essers Tessenderlo (Aqua&#43;),2019-12-17 23:00:00,
RWZI Ledegem,2019-12-16 23:00:00,
RWZI Ledegem,2019-12-16 23:00:00,2019-12-16 23:00:00
RWZI Ledegem,2019-12-16 23:00:00,2019-12-16 23:00:00
RWZI Zomergem,2019-12-16 23:00:00,2019-12-16 23:00:00
RWZI Antwerpen-Zuid,2019-12-15 23:00:00,2019-12-15 23:00:00
RWZI Zonhoven,2019-12-15 23:00:00,2019-12-15 23:00:00
RWZI Berendrecht,2019-12-15 23:00:00,2019-12-15 23:00:00
RWZI Merelbeke,2019-12-15 23:00:00,
RWZI Zomergem,2019-12-11 23:00:00,
RWZI Heist,2019-12-11 23:00:00,
RWZI niet gedefinieerd,2019-12-11 23:00:00,
RWZI Wijtschate,2019-12-10 23:00:00,
RWZI Nieuwkerke,2019-12-10 23:00:00,
RWZI Proven,2019-12-10 23:00:00,
RWZI Heist,2019-12-10 23:00:00,
RWZI Ledegem,2019-12-10 23:00:00,2019-12-10 23:00:00
RWZI niet gedefinieerd,2019-12-09 23:00:00,
RWZI niet gedefinieerd,2019-12-09 23:00:00,
RWZI Bilzen,2019-12-08 23:00:00,
RWZI Antwerpen-Zuid,2019-12-08 23:00:00,2019-12-08 23:00:00
RWZI Genk,2019-12-08 23:00:00,
RWZI Heusden,2019-12-08 23:00:00,
RWZI Brugge,2019-12-08 23:00:00,2019-12-08 23:00:00
RWZI Wolfsdonk,2019-12-08 23:00:00,
RWZI Brugge,2019-12-08 23:00:00,2019-12-08 23:00:00
RWZI niet gedefinieerd,2019-12-05 23:00:00,
RWZI Lokeren - Doorslaar,2019-12-04 23:00:00,2019-12-04 23:00:00
RWZI Genk,2019-12-04 23:00:00,2019-12-04 23:00:00
RWZI Genk,2019-12-03 23:00:00,
RWZI Rollegem,2019-12-03 23:00:00,
RWZI Antwerpen-Zuid,2019-12-03 23:00:00,
RWZI Rollegem,2019-12-03 23:00:00,2019-12-03 23:00:00
RWZI Ledegem,2019-12-03 23:00:00,2019-12-03 23:00:00
RWZI Ledegem,2019-12-02 23:00:00,
RWZI Ledegem,2019-12-02 23:00:00,2019-12-02 23:00:00
RWZI Merelbeke,2019-12-01 23:00:00,
RWZI Merelbeke,2019-12-01 23:00:00,
RWZI Ledegem,2019-12-01 23:00:00,2019-12-01 23:00:00
RWZI Heist,2019-12-01 23:00:00,
RWZI Tervuren,2019-12-01 23:00:00,2019-12-01 23:00:00
RWZI Bornem,2019-12-01 23:00:00,
RWZI Bornem,2019-12-01 23:00:00,
RWZI Turnhout,2019-12-01 23:00:00,2019-12-01 23:00:00
RWZI Ledegem,2019-11-30 23:00:00,2019-11-30 23:00:00
RWZI Turnhout,2019-11-28 23:00:00,2019-11-28 23:00:00
RWZI Asse - Bollebeek,2019-11-28 23:00:00,2019-11-28 23:00:00
RWZI Borgloon - Tivoli,2019-11-27 23:00:00,
RWZI Destelbergen,2019-11-27 23:00:00,2019-11-27 23:00:00
RWZI Asse - Bollebeek,2019-11-27 23:00:00,2019-11-27 23:00:00
RWZI Asse - Bollebeek,2019-11-27 23:00:00,2019-11-27 23:00:00
RWZI Duffel,2019-11-26 23:00:00,2019-11-26 23:00:00
RWZI Asse - Bollebeek,2019-11-26 23:00:00,2019-11-26 23:00:00
RWZI Borgloon - Tivoli,2019-11-26 23:00:00,
RWZI Borgloon - Tivoli,2019-11-26 23:00:00,
RWZI niet gedefinieerd,2019-11-26 23:00:00,
RWZI Asse - Bollebeek,2019-11-26 23:00:00,2019-11-26 23:00:00
RWZI Borgloon - Tivoli,2019-11-26 23:00:00,
RWZI Duffel,2019-11-26 23:00:00,2019-11-26 23:00:00
RWZI Asse - Bollebeek,2019-11-25 23:00:00,2019-11-25 23:00:00
RWZI Asse - Bollebeek,2019-11-25 23:00:00,2019-11-25 23:00:00
RWZI Oud-Turnhout,2019-11-25 23:00:00,
RWZI Antwerpen-Zuid,2019-11-25 23:00:00,
RWZI Asse - Bollebeek,2019-11-24 23:00:00,2019-11-24 23:00:00
RWZI Borgloon - Tivoli,2019-11-24 23:00:00,
RWZI Borgloon - Tivoli,2019-11-24 23:00:00,
RWZI Destelbergen,2019-11-24 23:00:00,
RWZI Asse - Bollebeek,2019-11-24 23:00:00,2019-11-24 23:00:00
RWZI Borgloon - Tivoli,2019-11-24 23:00:00,
RWZI Borgloon - Tivoli,2019-11-24 23:00:00,
RWZI Lanaken,2019-11-24 23:00:00,
RWZI Beveren - Leie,2019-11-21 23:00:00,2019-11-21 23:00:00
RWZI Beveren - Leie,2019-11-21 23:00:00,
RWZI Bilzen,2019-11-20 23:00:00,
Riolstreng Hoeselt,2019-11-19 23:00:00,2019-11-19 23:00:00
RWZI Brugge,2019-11-19 23:00:00,2019-11-19 23:00:00
RWZI Zomergem,2019-11-19 23:00:00,
RWZI niet gedefinieerd,2019-11-19 23:00:00,
RWZI Borgloon - Tivoli,2019-11-19 23:00:00,
RWZI Destelbergen,2019-11-19 23:00:00,2019-11-19 23:00:00
RWZI Borgloon - Tivoli,2019-11-19 23:00:00,
RWZI Berendrecht,2019-11-19 23:00:00,
RWZI Genk,2019-11-18 23:00:00,
RWZI Gent,2019-11-18 23:00:00,
RWZI Genk,2019-11-18 23:00:00,2019-11-18 23:00:00
RWZI Genk,2019-11-18 23:00:00,2019-11-18 23:00:00
RWZI Genk,2019-11-18 23:00:00,
RWZI Genk,2019-11-18 23:00:00,2019-11-18 23:00:00
RWZI Antwerpen-Zuid,2019-11-18 23:00:00,
RWZI Brugge,2019-11-17 23:00:00,
RWZI Merelbeke,2019-11-17 23:00:00,
RWZI Destelbergen,2019-11-17 23:00:00,2019-11-17 23:00:00
RWZI Brugge,2019-11-17 23:00:00,
RWZI Brugge,2019-11-17 23:00:00,2019-11-17 23:00:00
RWZI Brugge,2019-11-17 23:00:00,2019-11-17 23:00:00
RWZI Brugge,2019-11-17 23:00:00,2019-11-17 23:00:00
RWZI Brugge,2019-11-17 23:00:00,2019-11-17 23:00:00
RWZI Moorslede,2019-11-17 23:00:00,
RWZI Berendrecht,2019-11-16 23:00:00,
RWZI Moorslede,2019-11-15 23:00:00,
RWZI niet gedefinieerd,2019-11-14 11:00:00,
RWZI niet gedefinieerd,2019-11-14 11:00:00,
RWZI niet gedefinieerd,2019-11-14 11:00:00,
Essers Tessenderlo (Aqua&#43;),2019-11-14 11:00:00,
RWZI niet gedefinieerd,2019-11-14 11:00:00,
RWZI niet gedefinieerd,2019-11-14 11:00:00,
RWZI niet gedefinieerd,2019-11-14 11:00:00,
RWZI Zomergem,2019-11-12 23:00:00,
RWZI Ledegem,2019-11-12 23:00:00,
RWZI Brugge,2019-11-11 23:00:00,
RWZI Brugge,2019-11-11 23:00:00,2019-11-11 23:00:00
RWZI Destelbergen,2019-11-11 23:00:00,2019-11-11 23:00:00
RWZI Brasschaat,2019-11-11 23:00:00,
RWZI Antwerpen-Zuid,2019-11-11 23:00:00,2019-11-11 23:00:00
RWZI Brugge,2019-11-11 23:00:00,
RWZI Borgloon - Tivoli,2019-11-07 23:00:00,2019-11-07 23:00:00
RWZI Borgloon - Tivoli,2019-11-06 23:00:00,
RWZI Dendermonde,2019-11-06 23:00:00,
RWZI Antwerpen-Zuid,2019-11-05 23:00:00,
RWZI Borgloon - Tivoli,2019-11-04 23:00:00,
"Genk, PS Diepenbekerbos",2019-11-04 23:00:00,
RWZI Oud-Turnhout,2019-11-04 23:00:00,2019-11-04 23:00:00
RWZI Ledegem,2019-11-04 23:00:00,2019-11-04 23:00:00
RWZI Vosselaar,2019-11-04 23:00:00,
RWZI Arendonk,2019-11-04 23:00:00,
RWZI Wolfsdonk,2019-11-03 23:00:00,
RWZI Zonhoven,2019-11-03 23:00:00,
RWZI Brugge,2019-11-03 23:00:00,2019-11-03 23:00:00
RWZI Merelbeke,2019-11-03 23:00:00,2019-11-03 23:00:00
RWZI Brugge,2019-11-03 23:00:00,2019-11-03 23:00:00
RWZI Destelbergen,2019-11-03 23:00:00,2019-11-03 23:00:00
RWZI Destelbergen,2019-10-27 23:00:00,
RWZI Hoeselt,2019-10-27 23:00:00,2019-10-27 23:00:00
RWZI Hoeselt,2019-10-23 22:00:00,2019-10-23 22:00:00
RWZI Boom,2019-10-23 22:00:00,
RWZI Brasschaat,2019-10-23 22:00:00,
RWZI Boom,2019-10-23 22:00:00,
RWZI Tielt-Winge,2019-10-23 22:00:00,
RWZI Hoeselt,2019-10-23 22:00:00,
RWZI Latem,2019-10-23 12:00:00,2019-10-23 12:00:00
RWZI Borgloon - Tivoli,2019-10-22 22:00:00,
RWZI Brugge,2019-10-22 22:00:00,2019-10-22 22:00:00
RWZI Latem,2019-10-22 22:00:00,2019-10-22 22:00:00
RWZI Latem,2019-10-22 22:00:00,2019-10-22 22:00:00
RWZI Zomergem,2019-10-21 22:00:00,
RWZI Brugge,2019-10-21 22:00:00,2019-10-21 22:00:00
RWZI Turnhout,2019-10-20 22:00:00,2019-10-20 22:00:00
RWZI Destelbergen,2019-10-20 22:00:00,2019-10-20 22:00:00
RWZI Merelbeke,2019-10-20 22:00:00,2019-10-20 22:00:00
RWZI Antwerpen-Zuid,2019-10-20 22:00:00,
RWZI Antwerpen-Zuid,2019-10-20 22:00:00,
RWZI Berendrecht,2019-10-20 22:00:00,2019-10-20 22:00:00
RWZI Westrozebeke,2019-10-15 22:00:00,
RWZI Borgloon - Tivoli,2019-10-15 22:00:00,
RWZI Borgloon - Tivoli,2019-10-15 22:00:00,
RWZI Borgloon - Tivoli,2019-10-15 22:00:00,
RWZI Borgloon - Tivoli,2019-10-15 22:00:00,
RWZI Brugge,2019-10-14 22:00:00,2019-10-14 22:00:00
RWZI Brugge,2019-10-14 22:00:00,2019-10-14 22:00:00
RWZI Wolfsdonk,2019-10-13 22:00:00,
RWZI Londerzeel,2019-10-13 22:00:00,2019-10-13 22:00:00
RWZI Merelbeke,2019-10-13 22:00:00,
RWZI Borgloon - Tivoli,2019-10-10 12:00:00,
RWZI Borgloon - Tivoli,2019-10-10 12:00:00,
RWZI Borgloon - Tivoli,2019-10-10 12:00:00,
RWZI Borgloon - Tivoli,2019-10-10 12:00:00,
RWZI Dendermonde,2019-10-08 22:00:00,
RWZI Antwerpen-Zuid,2019-10-08 22:00:00,
RWZI Sint-Niklaas,2019-10-03 22:00:00,2019-10-03 22:00:00
RWZI Sint-Niklaas,2019-10-03 22:00:00,2019-10-03 22:00:00
Essers Tessenderlo (Aqua&#43;),2019-10-03 10:00:00,
RWZI niet gedefinieerd,2019-10-02 10:00:00,
RWZI niet gedefinieerd,2019-10-02 10:00:00,
RWZI niet gedefinieerd,2019-10-02 10:00:00,
RWZI niet gedefinieerd,2019-10-02 10:00:00,
RWZI niet gedefinieerd,2019-10-02 10:00:00,
RWZI niet gedefinieerd,2019-10-02 10:00:00,
RWZI Boorsem,2019-10-01 22:00:00,
RWZI Zolder,2019-10-01 22:00:00,
RWZI Merelbeke,2019-09-30 22:00:00,
RWZI niet gedefinieerd,2019-09-30 22:00:00,
RWZI Antwerpen-Zuid,2019-09-29 22:00:00,
RWZI Boorsem,2019-09-29 22:00:00,
Essers Tessenderlo (Aqua&#43;),2019-09-24 22:00:00,
RWZI Turnhout,2019-09-24 22:00:00,
RWZI Antwerpen-Zuid,2019-09-24 22:00:00,
RWZI Destelbergen,2019-09-23 22:00:00,2019-09-23 22:00:00
RWZI Maldegem,2019-09-23 22:00:00,2019-09-23 22:00:00
RWZI Oosterzele,2019-09-22 22:00:00,2019-09-22 22:00:00
RWZI Roeselare,2019-09-22 22:00:00,
RWZI Oosterzele,2019-09-22 22:00:00,2019-09-22 22:00:00
RWZI Merelbeke,2019-09-22 22:00:00,
RWZI Genk,2019-09-22 22:00:00,
RWZI Antwerpen-Zuid,2019-09-22 22:00:00,2019-09-22 22:00:00
RWZI Hoegaarden - Hoksem,2019-09-22 12:00:00,
RWZI niet gedefinieerd,2019-09-19 22:00:00,
RWZI Zonhoven,2019-09-18 22:00:00,
RWZI Maldegem,2019-09-17 22:00:00,2019-09-17 22:00:00
RWZI Riemst,2019-09-16 22:00:00,
RWZI Wolfsdonk,2019-09-15 22:00:00,
RWZI Maldegem,2019-09-15 22:00:00,2019-09-15 22:00:00
RWZI Merelbeke,2019-09-15 22:00:00,2019-09-15 22:00:00
RWZI Brugge,2019-09-15 22:00:00,2019-09-15 22:00:00
RWZI Rollegem,2019-09-15 22:00:00,
RWZI Sint-Pieters-Leeuw,2019-09-15 22:00:00,
RWZI Rollegem,2019-09-12 22:00:00,
RWZI Rollegem,2019-09-12 22:00:00,
RWZI Rollegem,2019-09-11 22:00:00,
RWZI Genk,2019-09-11 22:00:00,
Essers Tessenderlo (Aqua&#43;),2019-09-10 22:00:00,
RWZI Poperinge,2019-09-03 22:00:00,2019-09-03 22:00:00
RWZI Leuven,2019-09-03 22:00:00,
RWZI Brugge,2019-09-03 22:00:00,
RWZI Antwerpen-Zuid,2019-09-03 22:00:00,
RWZI Westerlo,2019-09-03 22:00:00,
RWZI Morkhoven,2019-09-03 22:00:00,
RWZI Londerzeel,2019-09-01 22:00:00,2019-09-01 22:00:00
RWZI Brugge,2019-09-01 22:00:00,2019-09-01 22:00:00
Essers Tessenderlo (Aqua&#43;),2019-08-27 22:00:00,
Essers Tessenderlo (Aqua&#43;),2019-08-27 22:00:00,
RWZI Moorslede,2019-08-26 22:00:00,2019-08-26 22:00:00
RWZI Antwerpen-Zuid,2019-08-26 22:00:00,
RWZI Moorslede,2019-08-26 22:00:00,2019-08-26 22:00:00
RWZI Schilde,2019-08-26 22:00:00,
RWZI Moorslede,2019-08-26 22:00:00,
RWZI Merelbeke,2019-08-25 22:00:00,
RWZI Destelbergen,2019-08-25 22:00:00,
RWZI Schilde,2019-08-25 22:00:00,
RWZI Gent,2019-08-21 22:00:00,
RWZI Gent,2019-08-21 22:00:00,
RWZI Dendermonde,2019-08-20 22:00:00,
RWZI Sint-Maria-Aalter,2019-08-19 22:00:00,
RWZI Sint-Maria-Aalter,2019-08-19 22:00:00,
RWZI Sint-Maria-Aalter,2019-08-19 22:00:00,
RWZI niet gedefinieerd,2019-08-18 22:00:00,
RWZI niet gedefinieerd,2019-08-18 22:00:00,
RWZI Kieldrecht,2019-08-18 22:00:00,
Riolstreng Kieldrecht,2019-08-18 22:00:00,
RWZI niet gedefinieerd,2019-08-13 22:00:00,
RWZI Brugge,2019-08-13 22:00:00,2019-08-13 22:00:00
RWZI Lommel,2019-08-12 22:00:00,2019-08-12 22:00:00
RWZI niet gedefinieerd,2019-08-07 22:00:00,
RWZI Antwerpen-Zuid,2019-08-06 22:00:00,
RWZI Loker,2019-08-04 22:00:00,2019-08-04 22:00:00
RWZI Brugge,2019-08-01 22:00:00,2019-08-01 22:00:00
RWZI Brugge,2019-07-31 22:00:00,2019-07-31 22:00:00
RWZI Brugge,2019-07-31 22:00:00,2019-07-31 22:00:00
RWZI Brugge,2019-07-31 22:00:00,2019-07-31 22:00:00
RWZI Roeselare,2019-07-30 22:00:00,
RWZI Destelbergen,2019-07-29 22:00:00,
RWZI Turnhout,2019-07-29 22:00:00,
RWZI Antwerpen-Zuid,2019-07-29 22:00:00,
RWZI Heist,2019-07-28 22:00:00,
RWZI Merelbeke,2019-07-28 22:00:00,
RWZI Antwerpen-Zuid,2019-07-23 22:00:00,
Essers Tessenderlo (Aqua&#43;),2019-07-23 10:00:00,
RWZI Antwerpen-Zuid,2019-07-21 22:00:00,
RWZI Wolfsdonk,2019-07-21 22:00:00,
RWZI Nieuwkerke,2019-07-20 22:00:00,
RWZI Proven,2019-07-20 22:00:00,
RWZI Sint-Lievens-Houtem - Bavegem,2019-07-17 22:00:00,2019-07-17 22:00:00
RWZI Zottegem - Sint-Maria-Oudenhove,2019-07-16 22:00:00,
RWZI Zottegem - Sint-Maria-Oudenhove,2019-07-16 22:00:00,
Riolstreng Roeselare,2019-07-16 22:00:00,2019-07-16 22:00:00
RWZI Pervijze,2019-07-16 22:00:00,2019-07-16 22:00:00
RWZI Brugge,2019-07-15 22:00:00,2019-07-15 22:00:00
RWZI Ieper - Hollebeke,2019-07-14 22:00:00,2019-07-14 22:00:00
RWZI Ieper - Hollebeke,2019-07-14 22:00:00,2019-07-14 22:00:00
RWZI Ieper - Hollebeke,2019-07-12 22:00:00,2019-07-12 22:00:00
RWZI Nijlen,2019-07-09 22:00:00,2019-07-09 22:00:00
RWZI Loker,2019-07-09 22:00:00,2019-07-09 22:00:00
RWZI Loker,2019-07-09 22:00:00,2019-07-09 22:00:00
RWZI Loker,2019-07-09 22:00:00,2019-07-09 22:00:00
RWZI Bornem,2019-07-08 22:00:00,2019-07-08 22:00:00
RWZI Bornem,2019-07-08 22:00:00,2019-07-08 22:00:00
RWZI Antwerpen-Zuid,2019-07-07 22:00:00,2019-07-07 22:00:00
RWZI Destelbergen,2019-07-07 22:00:00,
RWZI Jabbeke,2019-07-04 22:00:00,2019-07-04 22:00:00
Essers Tessenderlo (Aqua&#43;),2019-07-04 10:00:00,
Essers Tessenderlo (Aqua&#43;),2019-07-04 10:00:00,
RWZI Helkijn,2019-07-03 22:00:00,2019-07-03 22:00:00
RWZI Jabbeke,2019-07-03 22:00:00,
RWZI Lichtaart,2019-07-02 22:00:00,
RWZI Berlare,2019-07-02 22:00:00,
RWZI Roeselare,2019-06-30 22:00:00,
RWZI Parike,2019-06-25 22:00:00,
RWZI Loker,2019-06-24 22:00:00,2019-06-24 22:00:00
RWZI Merelbeke,2019-06-24 10:00:00,2019-06-24 10:00:00
RWZI Merelbeke,2019-06-24 10:00:00,2019-06-24 10:00:00
RWZI Merelbeke,2019-06-24 10:00:00,2019-06-24 10:00:00
RWZI Merelbeke,2019-06-24 10:00:00,2019-06-24 10:00:00
RWZI Westerlo,2019-06-23 22:00:00,
RWZI Wolfsdonk,2019-06-23 22:00:00,
RWZI Antwerpen-Zuid,2019-06-23 22:00:00,
RWZI Dikkelvenne,2019-06-22 22:00:00,
RWZI Dikkelvenne,2019-06-21 22:00:00,
RWZI Dikkelvenne,2019-06-20 22:00:00,
RWZI Dikkelvenne,2019-06-19 22:00:00,
RWZI Jabbeke,2019-06-19 22:00:00,
RWZI Brugge,2019-06-19 22:00:00,
RWZI Tienen,2019-06-18 22:00:00,2019-06-18 22:00:00
RWZI Jabbeke,2019-06-18 22:00:00,
RWZI Dikkelvenne,2019-06-18 22:00:00,
RWZI Antwerpen-Zuid,2019-06-18 22:00:00,
RWZI Dikkelvenne,2019-06-17 22:00:00,
RWZI niet gedefinieerd,2019-06-17 22:00:00,
RWZI Genk,2019-06-16 22:00:00,2019-06-16 22:00:00
RWZI Dikkelvenne,2019-06-16 22:00:00,
RWZI Jabbeke,2019-06-16 22:00:00,
RWZI Tessenderlo,2019-06-16 22:00:00,
RWZI Merelbeke,2019-06-16 22:00:00,2019-06-16 22:00:00
RWZI Moorslede,2019-06-16 22:00:00,
RWZI Wolfsdonk,2019-06-16 22:00:00,
RWZI Dikkelvenne,2019-06-15 22:00:00,
RWZI Dikkelvenne,2019-06-14 22:00:00,
RWZI Dikkelvenne,2019-06-14 22:00:00,
RWZI Dikkelvenne,2019-06-12 22:00:00,
RWZI Dikkelvenne,2019-06-11 22:00:00,
RWZI Genk,2019-06-11 22:00:00,
RWZI Zondereigen,2019-06-10 22:00:00,
RWZI Dikkelvenne,2019-06-10 22:00:00,
RWZI Dikkelvenne,2019-06-09 22:00:00,
RWZI Ledegem,2019-06-06 22:00:00,
RWZI Westerlo,2019-06-02 22:00:00,
RWZI Roeselare,2019-06-02 22:00:00,
RWZI Merelbeke,2019-06-02 22:00:00,
RWZI Wolfsdonk,2019-06-02 22:00:00,
RWZI Brugge,2019-05-27 22:00:00,
RWZI Brugge,2019-05-27 22:00:00,
RWZI Brugge,2019-05-27 22:00:00,
RWZI Brugge,2019-05-27 10:00:00,
RWZI Brugge,2019-05-27 10:00:00,
RWZI Brugge,2019-05-27 10:00:00,
RWZI Brugge,2019-05-27 10:00:00,
RWZI Wolfsdonk,2019-05-26 22:00:00,
RWZI Brugge,2019-05-26 22:00:00,
RWZI Brugge,2019-05-26 22:00:00,
RWZI Brugge,2019-05-26 22:00:00,
RWZI Brugge,2019-05-26 22:00:00,
RWZI Brugge,2019-05-26 22:00:00,
RWZI Brugge,2019-05-26 22:00:00,
RWZI Brugge,2019-05-26 22:00:00,
RWZI Brugge,2019-05-25 22:00:00,2019-05-25 22:00:00
RWZI Brugge,2019-05-25 22:00:00,
RWZI Brugge,2019-05-24 22:00:00,
RWZI Brugge,2019-05-24 22:00:00,
RWZI Gistel - Moere,2019-05-23 10:00:00,2019-05-23 10:00:00
RWZI Gistel - Moere,2019-05-23 10:00:00,2019-05-23 10:00:00
RWZI Gistel - Moere,2019-05-23 10:00:00,2019-05-23 10:00:00
RWZI Hoogstraten,2019-05-22 22:00:00,
RWZI Gistel - Moere,2019-05-22 22:00:00,2019-05-22 22:00:00
RWZI Gistel - Moere,2019-05-22 22:00:00,2019-05-22 22:00:00
RWZI Tessenderlo,2019-05-22 22:00:00,
RWZI Westerlo,2019-05-21 22:00:00,2019-05-21 22:00:00
RWZI Tervuren,2019-05-21 22:00:00,
RWZI Tervuren,2019-05-21 22:00:00,
RWZI Ravels,2019-05-19 22:00:00,
RWZI Sint-Pieters-Leeuw,2019-05-19 22:00:00,
RWZI Sint-Pieters-Leeuw,2019-05-19 22:00:00,
RWZI Sint-Pieters-Leeuw,2019-05-19 22:00:00,
RWZI Roeselare,2019-05-19 22:00:00,2019-05-19 22:00:00
RWZI Wolfsdonk,2019-05-19 22:00:00,
RWZI Zondereigen,2019-05-15 22:00:00,2019-05-15 22:00:00
RWZI Brugge,2019-05-12 22:00:00,
RWZI Roeselare,2019-05-12 22:00:00,
RWZI Brugge,2019-05-12 22:00:00,2019-05-12 22:00:00
RWZI Gent,2019-05-12 22:00:00,
RWZI Brugge,2019-05-11 22:00:00,2019-05-11 22:00:00
Essers Tessenderlo (Aqua&#43;),2019-05-08 22:00:00,
RWZI Sint-Amands,2019-05-08 22:00:00,
RWZI Sint-Amands,2019-05-08 22:00:00,2019-05-08 22:00:00
RWZI Merksplas,2019-05-08 22:00:00,
RWZI Westerlo,2019-05-08 10:00:00,2019-05-08 10:00:00
RWZI Antwerpen-Zuid,2019-05-07 22:00:00,
RWZI Sint-Truiden,2019-05-07 22:00:00,
RWZI Sint-Truiden,2019-05-07 22:00:00,
RWZI niet gedefinieerd,2019-05-07 22:00:00,
RWZI Roeselare,2019-05-06 22:00:00,
RWZI Destelbergen,2019-05-06 22:00:00,
RWZI niet gedefinieerd,2019-05-06 22:00:00,
RWZI Neeroeteren,2019-05-05 22:00:00,
RWZI Essen,2019-05-05 22:00:00,
RWZI Brugge,2019-05-05 22:00:00,2019-05-05 22:00:00
RWZI Alken,2019-05-05 22:00:00,
RWZI Alken,2019-05-05 22:00:00,
RWZI Gooik - Oetingen,2019-05-05 22:00:00,
RWZI Essen,2019-05-05 22:00:00,
RWZI Dilsen,2019-05-05 22:00:00,
RWZI Dilsen,2019-05-05 22:00:00,
RWZI Wolfsdonk,2019-05-05 22:00:00,
Riolstreng Ruisbroek,2019-05-01 22:00:00,2019-05-01 22:00:00
Riolstreng Ruisbroek,2019-05-01 22:00:00,2019-05-01 22:00:00
RWZI Tessenderlo,2019-05-01 22:00:00,
"Ruisbroek, PSB Dr. Fr. De Wachterlaan",2019-05-01 22:00:00,2019-05-01 22:00:00
RWZI Ruisbroek,2019-04-29 22:00:00,
RWZI Oostende,2019-04-29 22:00:00,2019-04-29 22:00:00
RWZI Ieper - Hollebeke,2019-04-29 10:00:00,
RWZI Ieper - Hollebeke,2019-04-29 10:00:00,
RWZI Sint-Amands,2019-04-28 22:00:00,
RWZI Hooglede - Hazelstraat,2019-04-28 22:00:00,2019-04-28 22:00:00
RWZI Wolfsdonk,2019-04-28 22:00:00,
RWZI Kermt,2019-04-28 22:00:00,
RWZI Hooglede - Hazelstraat,2019-04-28 22:00:00,
RWZI Hooglede - Hazelstraat,2019-04-28 22:00:00,2019-04-28 22:00:00
RWZI Hooglede - Hazelstraat,2019-04-28 22:00:00,
"Ruisbroek, PSB Dr. Fr. De Wachterlaan",2019-04-28 22:00:00,
RWZI Westerlo,2019-04-24 22:00:00,2019-04-24 22:00:00
RWZI Geraardsbergen,2019-04-24 22:00:00,2019-04-24 22:00:00
RWZI Merelbeke,2019-04-22 22:00:00,2019-04-22 22:00:00
RWZI Dendermonde,2019-04-22 22:00:00,
RWZI Geel,2019-04-22 22:00:00,
RWZI Wolfsdonk,2019-04-22 22:00:00,
RWZI Zomergem,2019-04-22 22:00:00,
RWZI Zomergem,2019-04-22 22:00:00,
RWZI Gooik - Oetingen,2019-04-22 22:00:00,
RWZI Koersel,2019-04-22 22:00:00,
WZI Sus Campiniae Oevel,2019-04-22 22:00:00,
RWZI Geel,2019-04-22 22:00:00,
RWZI Turnhout,2019-04-22 22:00:00,2019-04-22 22:00:00
RWZI Ruisbroek,2019-04-18 22:00:00,2019-04-18 22:00:00
RWZI Ruisbroek,2019-04-18 22:00:00,
RWZI Ruisbroek,2019-04-18 22:00:00,
RWZI Westerlo,2019-04-18 22:00:00,2019-04-18 22:00:00
RWZI Mechelen-Noord,2019-04-17 22:00:00,
RWZI Mechelen-Noord,2019-04-17 22:00:00,2019-04-17 22:00:00
RWZI Mechelen-Noord,2019-04-17 22:00:00,
RWZI Boechout,2019-04-17 22:00:00,
RWZI Dendermonde,2019-04-17 22:00:00,
RWZI Sint-Lievens-Houtem - Bavegem,2019-04-17 22:00:00,
RWZI Ruisbroek,2019-04-17 22:00:00,
RWZI Roeselare,2019-04-16 22:00:00,
RWZI Ruisbroek,2019-04-16 22:00:00,2019-04-16 22:00:00
RWZI Zondereigen,2019-04-15 22:00:00,2019-04-15 22:00:00
RWZI Antwerpen-Zuid,2019-04-15 22:00:00,
RWZI Zondereigen,2019-04-15 22:00:00,
RWZI Zondereigen,2019-04-15 22:00:00,2019-04-15 22:00:00
RWZI Geraardsbergen,2019-04-15 22:00:00,
RWZI Ruisbroek,2019-04-15 22:00:00,2019-04-15 22:00:00
RWZI Ruisbroek,2019-04-14 22:00:00,2019-04-14 22:00:00
RWZI Wolfsdonk,2019-04-14 22:00:00,2019-04-14 22:00:00
RWZI Merelbeke,2019-04-14 22:00:00,
RWZI Berlare,2019-04-14 22:00:00,
RWZI Ruisbroek,2019-04-13 22:00:00,
RWZI Ruisbroek,2019-04-12 22:00:00,
RWZI Lokeren - Doorslaar,2019-04-10 22:00:00,
RWZI Hasselt,2019-04-10 22:00:00,2019-04-10 22:00:00
RWZI Beveren - Leie,2019-04-10 22:00:00,
RWZI niet gedefinieerd,2019-04-09 22:00:00,
RWZI niet gedefinieerd,2019-04-09 22:00:00,
RWZI Turnhout,2019-04-08 22:00:00,
RWZI Roeselare,2019-04-08 22:00:00,2019-04-08 22:00:00
RWZI Beselare,2019-04-08 22:00:00,
RWZI Ronse,2019-04-08 22:00:00,
RWZI Geel - Mosselgoren,2019-04-07 22:00:00,2019-04-07 22:00:00
RWZI Geel - Mosselgoren,2019-04-07 22:00:00,2019-04-07 22:00:00
RWZI Geel - Mosselgoren,2019-04-07 22:00:00,2019-04-07 22:00:00
RWZI Merelbeke,2019-04-07 22:00:00,
RWZI Geel - Mosselgoren,2019-04-07 22:00:00,2019-04-07 22:00:00
RWZI Hamont,2019-04-07 22:00:00,
RWZI Geel - Mosselgoren,2019-04-07 22:00:00,2019-04-07 22:00:00
RWZI Neeroeteren,2019-04-07 22:00:00,2019-04-07 22:00:00
RWZI Geel - Mosselgoren,2019-04-07 22:00:00,2019-04-07 22:00:00
RWZI Geel - Mosselgoren,2019-04-07 22:00:00,2019-04-07 22:00:00
RWZI Houthalen-Centrum,2019-04-04 22:00:00,2019-04-04 22:00:00
RWZI Houthalen-Centrum,2019-04-04 22:00:00,2019-04-04 22:00:00
RWZI Ingooigem,2019-04-03 22:00:00,
RWZI Zomergem,2019-04-02 22:00:00,
RWZI Mol,2019-04-02 22:00:00,
RWZI Zomergem,2019-04-02 22:00:00,
RWZI Merksem,2019-04-01 22:00:00,2019-04-01 22:00:00
RWZI Zwalm,2019-04-01 22:00:00,
RWZI Schilde,2019-04-01 22:00:00,
RWZI Bornem,2019-03-31 22:00:00,
RWZI Kieldrecht,2019-03-31 22:00:00,
RWZI Roeselare,2019-03-31 22:00:00,
RWZI Wolfsdonk,2019-03-31 22:00:00,2019-03-31 22:00:00
RWZI Neeroeteren,2019-03-31 22:00:00,
RWZI Mechelen-Noord,2019-03-27 23:00:00,2019-03-27 23:00:00
RWZI Mechelen-Noord,2019-03-27 23:00:00,2019-03-27 23:00:00
RWZI Houthalen-Centrum,2019-03-27 23:00:00,2019-03-27 23:00:00
RWZI Mechelen-Noord,2019-03-27 23:00:00,2019-03-27 23:00:00
RWZI Ieper - Hollebeke,2019-03-26 23:00:00,2019-03-26 23:00:00
RWZI Ieper - Hollebeke,2019-03-26 23:00:00,2019-03-26 23:00:00
RWZI Ieper - Hollebeke,2019-03-26 23:00:00,2019-03-26 23:00:00
RWZI Mechelen-Noord,2019-03-26 23:00:00,2019-03-26 23:00:00
RWZI Riemst,2019-03-26 23:00:00,
RWZI niet gedefinieerd,2019-03-25 23:00:00,
RWZI Wannegem - Lede,2019-03-25 23:00:00,
RWZI niet gedefinieerd,2019-03-25 23:00:00,
RWZI Wannegem - Lede,2019-03-25 23:00:00,
RWZI Grobbendonk,2019-03-24 23:00:00,2019-03-24 23:00:00
RWZI Malle,2019-03-24 23:00:00,
RWZI Herentals,2019-03-24 23:00:00,2019-03-24 23:00:00
RWZI Nijlen,2019-03-24 23:00:00,
RWZI Herentals,2019-03-24 23:00:00,
RWZI Malle,2019-03-24 23:00:00,
RWZI Grobbendonk,2019-03-24 23:00:00,
RWZI Nijlen,2019-03-24 23:00:00,2019-03-24 23:00:00
RWZI Heist,2019-03-24 23:00:00,
RWZI Merelbeke,2019-03-24 23:00:00,
RWZI Roeselare,2019-03-24 23:00:00,
RWZI Heist,2019-03-24 23:00:00,
RWZI Hamont,2019-03-20 23:00:00,2019-03-20 23:00:00
RWZI Hamont,2019-03-20 23:00:00,2019-03-20 23:00:00
RWZI Tervuren,2019-03-19 23:00:00,
RWZI Menen,2019-03-18 23:00:00,
RWZI Pulderbos,2019-03-18 23:00:00,2019-03-18 23:00:00
RWZI Menen,2019-03-18 23:00:00,
WZI Sus Campiniae Oevel,2019-03-18 23:00:00,
RWZI Asse - Bollebeek,2019-03-18 23:00:00,
RWZI Ieper,2019-03-18 23:00:00,
RWZI Moorslede,2019-03-18 23:00:00,
Essers Tessenderlo (Aqua&#43;),2019-03-18 23:00:00,
RWZI Pulderbos,2019-03-18 23:00:00,2019-03-18 23:00:00
RWZI Aalst,2019-03-17 23:00:00,
RWZI Brugge,2019-03-17 23:00:00,
RWZI Arendonk,2019-03-13 23:00:00,
RWZI Meer,2019-03-12 23:00:00,2019-03-12 23:00:00
RWZI Antwerpen-Zuid,2019-03-12 23:00:00,
RWZI Hoogstraten,2019-03-12 23:00:00,
RWZI Roeselare,2019-03-11 23:00:00,
RWZI Leuven,2019-03-11 23:00:00,
RWZI Sint-Maria-Aalter,2019-03-10 23:00:00,
RWZI Brugge,2019-03-10 23:00:00,2019-03-10 23:00:00
RWZI Turnhout,2019-03-10 23:00:00,
RWZI Destelbergen,2019-03-10 23:00:00,
RWZI Merelbeke,2019-03-10 23:00:00,
RWZI Roeselare,2019-03-06 23:00:00,2019-03-06 23:00:00
RWZI Moorslede,2019-03-06 23:00:00,
RWZI Jabbeke,2019-03-03 23:00:00,
RWZI Hooglede - Hazelstraat,2019-03-03 23:00:00,2019-03-03 23:00:00
RWZI Brugge,2019-03-03 23:00:00,
RWZI Zondereigen,2019-03-03 23:00:00,2019-03-03 23:00:00
RWZI Zondereigen,2019-03-03 23:00:00,2019-03-03 23:00:00
RWZI Hooglede - Hazelstraat,2019-03-03 23:00:00,2019-03-03 23:00:00
RWZI niet gedefinieerd,2019-03-03 23:00:00,
RWZI Merelbeke,2019-03-03 23:00:00,
Riolstreng Beveren - Leie,2019-02-28 11:00:00,2019-02-28 11:00:00
Riolstreng Beveren - Leie,2019-02-27 23:00:00,
RWZI Zemst - Hofstade,2019-02-27 23:00:00,
RWZI Galmaarden,2019-02-27 23:00:00,
RWZI Zemst - Hofstade,2019-02-27 23:00:00,
Riolstreng Beveren - Leie,2019-02-27 23:00:00,2019-02-27 23:00:00
RWZI Beveren - Leie,2019-02-26 23:00:00,2019-02-26 23:00:00
RWZI Dikkelvenne,2019-02-26 23:00:00,2019-02-26 23:00:00
RWZI Dikkelvenne,2019-02-26 23:00:00,
RWZI niet gedefinieerd,2019-02-26 23:00:00,
RWZI niet gedefinieerd,2019-02-26 23:00:00,
RWZI Vosselaar,2019-02-26 23:00:00,
RWZI Beveren - Leie,2019-02-26 23:00:00,
RWZI Leuven,2019-02-25 23:00:00,
RWZI Schilde,2019-02-25 23:00:00,
RWZI Bornem,2019-02-25 23:00:00,
RWZI Bornem,2019-02-25 23:00:00,
RWZI Beveren - Leie,2019-02-25 23:00:00,
RWZI Sint-Truiden,2019-02-25 23:00:00,2019-02-25 23:00:00
RWZI Bilzen,2019-02-25 23:00:00,
RWZI Sint-Truiden,2019-02-25 23:00:00,2019-02-25 23:00:00
Riolstreng Beveren - Leie,2019-02-25 23:00:00,2019-02-25 23:00:00
Riolstreng Beveren - Leie,2019-02-25 23:00:00,2019-02-25 23:00:00
RWZI Dikkelvenne,2019-02-25 23:00:00,2019-02-25 23:00:00
RWZI Hove,2019-02-24 23:00:00,
RWZI Beveren - Leie,2019-02-24 23:00:00,2019-02-24 23:00:00
RWZI Sint-Maria-Aalter,2019-02-24 23:00:00,
RWZI Aalst,2019-02-24 23:00:00,
RWZI Brugge,2019-02-24 23:00:00,
RWZI Zomergem,2019-02-20 23:00:00,
Riolstreng Kieldrecht,2019-02-20 23:00:00,2019-02-20 23:00:00
Riolstreng Kieldrecht,2019-02-20 23:00:00,2019-02-20 23:00:00
RWZI Kieldrecht,2019-02-20 23:00:00,2019-02-20 23:00:00
RWZI Kieldrecht,2019-02-20 23:00:00,2019-02-20 23:00:00
RWZI Kieldrecht,2019-02-20 23:00:00,
RWZI Zomergem,2019-02-20 23:00:00,
RWZI Kieldrecht,2019-02-20 23:00:00,2019-02-20 23:00:00
RWZI Zondereigen,2019-02-20 23:00:00,2019-02-20 23:00:00
RWZI Zondereigen,2019-02-20 23:00:00,2019-02-20 23:00:00
Riolstreng Kieldrecht,2019-02-20 23:00:00,2019-02-20 23:00:00
RWZI Galmaarden,2019-02-19 23:00:00,
RWZI Leuven,2019-02-18 23:00:00,
RWZI Schilde,2019-02-18 23:00:00,
Essers Tessenderlo (Aqua&#43;),2019-02-18 23:00:00,
RWZI Brugge,2019-02-18 23:00:00,
RWZI Moorslede,2019-02-18 23:00:00,
RWZI Meer,2019-02-15 23:00:00,2019-02-15 23:00:00
RWZI Brugge,2019-02-14 23:00:00,2019-02-14 23:00:00
RWZI Meer,2019-02-14 23:00:00,2019-02-14 23:00:00
RWZI Brugge,2019-02-14 23:00:00,2019-02-14 23:00:00
RWZI Brugge,2019-02-14 23:00:00,2019-02-14 23:00:00
RWZI Brugge,2019-02-14 23:00:00,2019-02-14 23:00:00
RWZI Zondereigen,2019-02-13 23:00:00,2019-02-13 23:00:00
RWZI Zondereigen,2019-02-13 23:00:00,2019-02-13 23:00:00
RWZI Kieldrecht,2019-02-12 23:00:00,2019-02-12 23:00:00
RWZI Zomergem,2019-02-12 23:00:00,2019-02-12 23:00:00
RWZI Antwerpen-Zuid,2019-02-12 23:00:00,
RWZI Engsbergen,2019-02-12 23:00:00,
RWZI Turnhout,2019-02-11 23:00:00,2019-02-11 23:00:00
RWZI Leuven,2019-02-11 23:00:00,
RWZI Kieldrecht,2019-02-11 23:00:00,2019-02-11 23:00:00
RWZI Kieldrecht,2019-02-11 23:00:00,2019-02-11 23:00:00
RWZI Boechout,2019-02-11 23:00:00,2019-02-11 23:00:00
RWZI Kieldrecht,2019-02-11 23:00:00,2019-02-11 23:00:00
RWZI Kallo,2019-02-11 23:00:00,
RWZI Kallo,2019-02-11 23:00:00,
RWZI Destelbergen,2019-02-10 23:00:00,
RWZI Kieldrecht,2019-02-10 23:00:00,2019-02-10 23:00:00
RWZI Kieldrecht,2019-02-10 23:00:00,
RWZI Kallo,2019-02-10 23:00:00,
RWZI Kieldrecht,2019-02-10 23:00:00,2019-02-10 23:00:00
RWZI Boechout,2019-02-10 23:00:00,2019-02-10 23:00:00
RWZI Berendrecht,2019-02-10 23:00:00,
RWZI Kieldrecht,2019-02-09 23:00:00,
RWZI Boechout,2019-02-09 23:00:00,
RWZI Kieldrecht,2019-02-08 23:00:00,
RWZI Kieldrecht,2019-02-07 23:00:00,2019-02-07 23:00:00
RWZI Zondereigen,2019-02-06 23:00:00,2019-02-06 23:00:00
RWZI Moorslede,2019-02-06 23:00:00,2019-02-06 23:00:00
RWZI Lichtaart,2019-02-06 23:00:00,
RWZI Beveren,2019-02-05 23:00:00,2019-02-05 23:00:00
RWZI Zwalm,2019-02-05 23:00:00,
RWZI Herentals,2019-02-05 23:00:00,2019-02-05 23:00:00
RWZI Heist-op-den-Berg,2019-02-05 23:00:00,
RWZI Herentals,2019-02-05 23:00:00,2019-02-05 23:00:00
RWZI Mesen,2019-02-05 23:00:00,
RWZI niet gedefinieerd,2019-02-05 23:00:00,
RWZI Roeselare,2019-02-05 23:00:00,2019-02-05 23:00:00
RWZI Liedekerke,2019-02-05 23:00:00,
RWZI Leuven,2019-02-04 23:00:00,
RWZI Brugge,2019-02-03 23:00:00,2019-02-03 23:00:00
RWZI Hove,2019-02-03 23:00:00,
RWZI Aalst,2019-02-03 23:00:00,
RWZI Merelbeke,2019-02-03 23:00:00,
RWZI niet gedefinieerd,2019-02-03 23:00:00,
RWZI Hoegaarden,2019-02-03 23:00:00,
RWZI Poppel,2019-02-03 23:00:00,
RWZI Zemst - Hofstade,2019-02-03 23:00:00,2019-02-03 23:00:00
RWZI Kallo,2019-01-30 23:00:00,
RWZI Zomergem,2019-01-30 23:00:00,2019-01-30 23:00:00
RWZI Helkijn,2019-01-30 23:00:00,2019-01-30 23:00:00
RWZI Vleteren,2019-01-30 23:00:00,
RWZI Brugge,2019-01-30 23:00:00,
RWZI Brugge,2019-01-30 23:00:00,2019-01-30 23:00:00
RWZI Brugge,2019-01-30 23:00:00,2019-01-30 23:00:00
RWZI Brugge,2019-01-30 23:00:00,
RWZI Sint-Truiden,2019-01-29 23:00:00,
RWZI Sint-Truiden,2019-01-29 23:00:00,
RWZI Maarkedal - Oudenhove,2019-01-28 23:00:00,2019-01-28 23:00:00
RWZI Lokeren - Doorslaar,2019-01-28 23:00:00,2019-01-28 23:00:00
RWZI Maarkedal - Oudenhove,2019-01-28 23:00:00,2019-01-28 23:00:00
RWZI Poppel,2019-01-28 23:00:00,
RWZI Brugge,2019-01-27 23:00:00,2019-01-27 23:00:00
RWZI Helkijn,2019-01-27 23:00:00,2019-01-27 23:00:00
RWZI Helkijn,2019-01-27 23:00:00,2019-01-27 23:00:00
RWZI Turnhout,2019-01-27 23:00:00,
RWZI Lede,2019-01-27 23:00:00,
RWZI Brugge,2019-01-26 23:00:00,2019-01-26 23:00:00
RWZI Helkijn,2019-01-26 23:00:00,2019-01-26 23:00:00
RWZI Maarkedal - Oudenhove,2019-01-26 23:00:00,2019-01-26 23:00:00
RWZI Maarkedal - Oudenhove,2019-01-25 23:00:00,2019-01-25 23:00:00
RWZI Borgloon - Tivoli,2019-01-23 23:00:00,2019-01-23 23:00:00
RWZI Borgloon - Tivoli,2019-01-23 23:00:00,
RWZI Sint-Truiden,2019-01-21 23:00:00,
RWZI Sint-Truiden,2019-01-21 23:00:00,
RWZI Hoogstraten,2019-01-21 23:00:00,
RWZI Berendrecht,2019-01-21 23:00:00,
RWZI Hoeselt,2019-01-16 23:00:00,
Riolstreng Menen,2019-01-15 23:00:00,
RWZI Moorslede,2019-01-15 23:00:00,
Riolstreng Kalmthout,2019-01-15 23:00:00,2019-01-15 23:00:00
RWZI Poppel,2019-01-15 23:00:00,2019-01-15 23:00:00
RWZI Antwerpen-Zuid,2019-01-15 23:00:00,
RWZI Turnhout,2019-01-14 23:00:00,
RWZI Destelbergen,2019-01-14 23:00:00,
RWZI niet gedefinieerd,2019-01-14 23:00:00,
RWZI niet gedefinieerd,2019-01-14 23:00:00,
RWZI Turnhout,2019-01-14 23:00:00,
RWZI Roeselare,2019-01-14 23:00:00,
RWZI Ravels,2019-01-13 23:00:00,
RWZI Tielt-Winge,2019-01-13 23:00:00,
RWZI Merelbeke,2019-01-13 23:00:00,
RWZI Brugge,2019-01-13 23:00:00,
RWZI Schilde,2019-01-13 23:00:00,
RWZI Engsbergen,2019-01-13 23:00:00,
RWZI Engsbergen,2019-01-13 23:00:00,
RWZI niet gedefinieerd,2019-01-13 23:00:00,
Riolstreng Bornem,2019-01-10 23:00:00,2019-01-10 23:00:00
RWZI Zonnebeke,2019-01-10 23:00:00,
RWZI Zonnebeke,2019-01-10 23:00:00,
RWZI Bornem,2019-01-10 23:00:00,2019-01-10 23:00:00
Riolstreng Bornem,2019-01-10 23:00:00,2019-01-10 23:00:00
RWZI Ledegem,2019-01-09 23:00:00,
RWZI Zonnebeke,2019-01-09 23:00:00,2019-01-09 23:00:00
RWZI Zonnebeke,2019-01-08 23:00:00,2019-01-08 23:00:00
RWZI Zonnebeke,2019-01-08 23:00:00,2019-01-08 23:00:00
RWZI Peer,2019-01-07 23:00:00,
RWZI Bilzen,2019-01-07 23:00:00,
RWZI Brugge,2019-01-06 23:00:00,
RWZI Ruddervoorde,2019-01-06 23:00:00,2019-01-06 23:00:00
"Waardamme, PSB Kortrijksestraat",2019-01-06 23:00:00,2019-01-06 23:00:00
RWZI Beselare,2019-01-06 23:00:00,
RWZI Beselare,2019-01-06 23:00:00,
RWZI Borgloon - Jesseren,2019-01-02 23:00:00,
RWZI Hasselt,2019-01-01 23:00:00,
RWZI Borgloon - Jesseren,2019-01-01 23:00:00,
RWZI niet gedefinieerd,2018-12-17 23:00:00,
RWZI Zondereigen,2018-12-16 23:00:00,
RWZI Wingene,2018-12-16 23:00:00,
RWZI niet gedefinieerd,2018-12-16 23:00:00,
RWZI Sinaai,2018-12-16 23:00:00,
RWZI Zondereigen,2018-12-16 23:00:00,
Slibdroger Deurne,2018-12-15 23:00:00,2018-12-15 23:00:00
Slibdroger Deurne,2018-12-15 23:00:00,
RWZI Wingene,2018-12-14 23:00:00,2018-12-14 23:00:00
RWZI niet gedefinieerd,2018-12-11 23:00:00,
RWZI Wingene,2018-12-11 23:00:00,
RWZI niet gedefinieerd,2018-12-11 23:00:00,
RWZI niet gedefinieerd,2018-12-10 23:00:00,
RWZI Zele,2018-12-09 23:00:00,
RWZI Poppel,2018-12-09 23:00:00,
RWZI Bree,2018-12-09 23:00:00,
RWZI niet gedefinieerd,2018-12-05 23:00:00,
RWZI niet gedefinieerd,2018-12-05 23:00:00,
RWZI Wingene,2018-12-05 23:00:00,
RWZI Pittem,2018-12-05 23:00:00,2018-12-05 23:00:00
RWZI Engsbergen,2018-12-04 23:00:00,
RWZI Zondereigen,2018-12-04 23:00:00,2018-12-04 23:00:00
RWZI Boekhoute,2018-12-04 23:00:00,
RWZI Zondereigen,2018-12-04 23:00:00,2018-12-04 23:00:00
RWZI Brecht,2018-12-04 23:00:00,
RWZI Meer,2018-12-04 23:00:00,2018-12-04 23:00:00
RWZI Sinaai,2018-12-04 23:00:00,
RWZI Zele,2018-12-03 23:00:00,
RWZI Zele,2018-12-03 23:00:00,
RWZI Zele,2018-12-03 23:00:00,
RWZI Lanaken,2018-12-02 23:00:00,
RWZI Landen - Eliksem,2018-12-02 23:00:00,
RWZI Sint-Pieters-Leeuw,2018-12-02 23:00:00,2018-12-02 23:00:00
RWZI Zele,2018-11-28 23:00:00,
RWZI Zele,2018-11-28 23:00:00,2018-11-28 23:00:00
RWZI Beveren aan de Ijzer,2018-11-28 23:00:00,
RWZI Maldegem,2018-11-28 23:00:00,2018-11-28 23:00:00
Riolstreng Maldegem,2018-11-28 23:00:00,2018-11-28 23:00:00
RWZI Zele,2018-11-27 23:00:00,
RWZI Zele,2018-11-27 23:00:00,2018-11-27 23:00:00
RWZI Zele,2018-11-26 23:00:00,2018-11-26 23:00:00
RWZI niet gedefinieerd,2018-11-26 23:00:00,
RWZI niet gedefinieerd,2018-11-26 23:00:00,
RWZI niet gedefinieerd,2018-11-26 23:00:00,
RWZI niet gedefinieerd,2018-11-26 23:00:00,
RWZI niet gedefinieerd,2018-11-26 23:00:00,
RWZI Turnhout,2018-11-25 23:00:00,2018-11-25 23:00:00
RWZI Antwerpen-Zuid,2018-11-25 23:00:00,
RWZI Wolfsdonk,2018-11-25 23:00:00,2018-11-25 23:00:00
RWZI Roeselare,2018-11-25 23:00:00,2018-11-25 23:00:00
RWZI Destelbergen,2018-11-25 23:00:00,2018-11-25 23:00:00
RWZI Merelbeke,2018-11-25 23:00:00,2018-11-25 23:00:00
RWZI Engsbergen,2018-11-20 23:00:00,2018-11-20 23:00:00
RWZI Boom,2018-11-18 23:00:00,
RWZI Brugge,2018-11-18 23:00:00,2018-11-18 23:00:00
RWZI Boom,2018-11-18 23:00:00,
RWZI Zomergem,2018-11-13 23:00:00,
RWZI Brugge,2018-11-11 23:00:00,2018-11-11 23:00:00
RWZI niet gedefinieerd,2018-11-07 23:00:00,
RWZI Roeselare,2018-11-06 23:00:00,
RWZI Sint-Pieters-Leeuw,2018-11-06 23:00:00,
RWZI Sint-Pieters-Leeuw,2018-11-06 23:00:00,
RWZI niet gedefinieerd,2018-11-05 23:00:00,
Riolstreng Hooglede - Hazelstraat,2018-11-04 23:00:00,
Riolstreng Hooglede - Hazelstraat,2018-11-04 23:00:00,
RWZI Zonhoven,2018-11-04 23:00:00,
RWZI Wingene,2018-11-04 23:00:00,
RWZI Wommelgem,2018-11-04 23:00:00,
RWZI Sint-Pieters-Leeuw,2018-11-04 23:00:00,
Riolstreng Hooglede - Hazelstraat,2018-11-04 23:00:00,
Riolstreng Hooglede - Hazelstraat,2018-11-04 23:00:00,2018-11-04 23:00:00
Riolstreng Hooglede - Hazelstraat,2018-11-04 23:00:00,2018-11-04 23:00:00
Riolstreng Hooglede - Hazelstraat,2018-11-04 23:00:00,
Riolstreng Hooglede - Hazelstraat,2018-11-04 23:00:00,2018-11-04 23:00:00
Riolstreng Hooglede - Hazelstraat,2018-11-04 23:00:00,
RWZI Zondereigen,2018-10-29 23:00:00,2018-10-29 23:00:00
RWZI Zondereigen,2018-10-29 23:00:00,2018-10-29 23:00:00
RWZI Zondereigen,2018-10-29 23:00:00,2018-10-29 23:00:00
RWZI Roeselare,2018-10-29 23:00:00,
RWZI Merelbeke,2018-10-28 23:00:00,
RWZI Ronse,2018-10-26 22:00:00,2018-10-26 22:00:00
RWZI Ronse,2018-10-25 22:00:00,2018-10-25 22:00:00
RWZI niet gedefinieerd,2018-10-24 22:00:00,
RWZI Engsbergen,2018-10-23 22:00:00,2018-10-23 22:00:00
Riolstreng Nieuwkerke,2018-10-22 22:00:00,2018-10-22 22:00:00
RWZI Destelbergen,2018-10-21 22:00:00,2018-10-21 22:00:00
RWZI Teuven,2018-10-21 22:00:00,
RWZI Roeselare,2018-10-17 22:00:00,2018-10-17 22:00:00
RWZI Koersel,2018-10-17 22:00:00,2018-10-17 22:00:00
RWZI Koersel,2018-10-16 22:00:00,2018-10-16 22:00:00
RWZI Koersel,2018-10-16 22:00:00,2018-10-16 22:00:00
RWZI Koersel,2018-10-16 22:00:00,2018-10-16 22:00:00
RWZI Roeselare,2018-10-16 22:00:00,2018-10-16 22:00:00
RWZI Koersel,2018-10-16 22:00:00,2018-10-16 22:00:00
RWZI Koersel,2018-10-15 22:00:00,2018-10-15 22:00:00
RWZI niet gedefinieerd,2018-10-15 22:00:00,
RWZI Wichelen,2018-10-14 22:00:00,
RWZI Wichelen,2018-10-14 22:00:00,
RWZI Destelbergen,2018-10-14 22:00:00,
RWZI Sint-Lievens-Esse,2018-10-10 22:00:00,
RWZI Brugge,2018-10-09 22:00:00,
RWZI Brugge,2018-10-08 22:00:00,
Riolstreng Hooglede - Hazelstraat,2018-10-07 22:00:00,
Riolstreng Hooglede - Hazelstraat,2018-10-07 22:00:00,
Riolstreng Hooglede - Hazelstraat,2018-10-07 22:00:00,
RWZI Lokeren,2018-10-07 22:00:00,
Riolstreng Hooglede - Hazelstraat,2018-10-07 22:00:00,
Riolstreng Hooglede - Hazelstraat,2018-10-07 22:00:00,
Riolstreng Hooglede - Hazelstraat,2018-10-07 22:00:00,
Riolstreng Hooglede - Hazelstraat,2018-10-07 22:00:00,
Riolstreng Hooglede - Hazelstraat,2018-10-07 22:00:00,
RWZI Brugge,2018-10-02 22:00:00,2018-10-02 22:00:00
RWZI niet gedefinieerd,2018-10-02 22:00:00,
RWZI Brugge,2018-10-02 22:00:00,2018-10-02 22:00:00
RWZI niet gedefinieerd,2018-10-01 22:00:00,
RWZI Borgloon - Nerem,2018-09-25 22:00:00,2018-09-25 22:00:00
RWZI Borgloon - Nerem,2018-09-25 22:00:00,2018-09-25 22:00:00
RWZI Engsbergen,2018-09-25 22:00:00,2018-09-25 22:00:00
RWZI Borgloon - Nerem,2018-09-25 22:00:00,
RWZI Arendonk,2018-09-24 22:00:00,2018-09-24 22:00:00
RWZI Lichtaart,2018-09-24 22:00:00,
RWZI Bambrugge,2018-09-23 22:00:00,2018-09-23 22:00:00
RWZI Merelbeke,2018-09-23 22:00:00,2018-09-23 22:00:00
RWZI Turnhout,2018-09-23 22:00:00,2018-09-23 22:00:00
RWZI Destelbergen,2018-09-23 22:00:00,
RWZI Zondereigen,2018-09-20 22:00:00,
RWZI Roeselare,2018-09-18 22:00:00,2018-09-18 22:00:00
RWZI Destelbergen,2018-09-18 22:00:00,2018-09-18 22:00:00
RWZI Staden,2018-09-17 22:00:00,
RWZI Staden,2018-09-17 22:00:00,
RWZI Staden,2018-09-17 22:00:00,
RWZI Tielt-Winge,2018-09-16 22:00:00,2018-09-16 22:00:00
RWZI Borgloon - Nerem,2018-09-11 22:00:00,
RWZI Borgloon - Nerem,2018-09-11 22:00:00,2018-09-11 22:00:00
RWZI Zondereigen,2018-09-11 22:00:00,
RWZI Sint-Amands,2018-09-11 22:00:00,2018-09-11 22:00:00
RWZI Dendermonde,2018-09-11 22:00:00,2018-09-11 22:00:00
RWZI Aarschot,2018-09-10 22:00:00,
RWZI Messelbroek,2018-09-10 22:00:00,
RWZI Sint-Joris-Winge,2018-09-10 22:00:00,
RWZI Zondereigen,2018-09-10 22:00:00,
RWZI Rotselaar,2018-09-10 22:00:00,
RWZI Antwerpen-Zuid,2018-09-09 22:00:00,
RWZI Lanaken,2018-09-05 22:00:00,
RWZI Galmaarden - Waarbeke,2018-09-04 22:00:00,2018-09-04 22:00:00
RWZI Zondereigen,2018-09-03 22:00:00,2018-09-03 22:00:00
RWZI Tielt-Winge,2018-09-03 22:00:00,
RWZI Ieper - Hollebeke,2018-09-03 22:00:00,
RWZI Ieper - Hollebeke,2018-09-03 22:00:00,2018-09-03 22:00:00
RWZI Huldenberg,2018-09-02 22:00:00,
"Dendermonde, PS Hoogveld aan Grote Beek",2018-08-30 22:00:00,2018-08-30 22:00:00
RWZI Beveren aan de Ijzer,2018-08-29 22:00:00,
RWZI Zomergem,2018-08-29 22:00:00,2018-08-29 22:00:00
RWZI Zomergem,2018-08-29 22:00:00,
RWZI Geetbets,2018-08-28 22:00:00,2018-08-28 22:00:00
RWZI Engsbergen,2018-08-28 22:00:00,
RWZI Nevele,2018-08-28 22:00:00,2018-08-28 22:00:00
RWZI Zondereigen,2018-08-27 22:00:00,2018-08-27 22:00:00
RWZI Heist,2018-08-26 22:00:00,
RWZI Zondereigen,2018-08-26 22:00:00,2018-08-26 22:00:00
RWZI Zondereigen,2018-08-23 22:00:00,2018-08-23 22:00:00
RWZI Schilde,2018-08-22 22:00:00,2018-08-22 22:00:00
RWZI Tielt-Winge,2018-08-22 22:00:00,2018-08-22 22:00:00
RWZI Viersel,2018-08-22 22:00:00,2018-08-22 22:00:00
RWZI Merelbeke,2018-08-19 22:00:00,
RWZI Roeselare,2018-08-07 22:00:00,2018-08-07 22:00:00
RWZI niet gedefinieerd,2018-08-06 22:00:00,
RWZI niet gedefinieerd,2018-08-06 22:00:00,
RWZI Boom,2018-08-05 22:00:00,
RWZI Staden,2018-08-05 22:00:00,
RWZI Edegem,2018-08-05 22:00:00,
RWZI Merelbeke,2018-08-05 22:00:00,
RWZI Staden,2018-08-05 22:00:00,
RWZI niet gedefinieerd,2018-08-02 22:00:00,
RWZI Meer,2018-08-01 22:00:00,2018-08-01 22:00:00
RWZI Zoutleeuw,2018-08-01 22:00:00,
RWZI Dilsen,2018-08-01 22:00:00,
RWZI niet gedefinieerd,2018-07-26 22:00:00,
RWZI Moorslede,2018-07-25 22:00:00,
RWZI Moorslede,2018-07-24 22:00:00,
RWZI Moorslede,2018-07-24 22:00:00,
RWZI Aarschot,2018-07-24 22:00:00,2018-07-24 22:00:00
RWZI Hooglede - Hazelstraat,2018-07-23 22:00:00,2018-07-23 22:00:00
RWZI Hooglede - Hazelstraat,2018-07-23 22:00:00,2018-07-23 22:00:00
RWZI Moorslede,2018-07-23 22:00:00,
RWZI Moorslede,2018-07-23 22:00:00,2018-07-23 22:00:00
RWZI niet gedefinieerd,2018-07-23 22:00:00,
RWZI Sinaai,2018-07-22 22:00:00,2018-07-22 22:00:00
RWZI Merelbeke,2018-07-22 22:00:00,
RWZI Roeselare,2018-07-18 22:00:00,
RWZI Nijlen,2018-07-18 22:00:00,
RWZI Beveren aan de Ijzer,2018-07-17 22:00:00,
RWZI Engsbergen,2018-07-17 22:00:00,2018-07-17 22:00:00
RWZI Menen,2018-07-17 22:00:00,
RWZI Menen,2018-07-17 22:00:00,
RWZI niet gedefinieerd,2018-07-16 22:00:00,
RWZI Merelbeke,2018-07-15 22:00:00,2018-07-15 22:00:00
RWZI Edegem,2018-07-15 22:00:00,
RWZI Burcht,2018-07-15 22:00:00,
Riolstreng Ronse,2018-07-11 22:00:00,2018-07-11 22:00:00
RWZI Roeselare,2018-07-11 22:00:00,2018-07-11 22:00:00
RWZI Ronse,2018-07-11 22:00:00,2018-07-11 22:00:00
RWZI Ronse,2018-07-10 22:00:00,2018-07-10 22:00:00
RWZI Ronse,2018-07-10 22:00:00,2018-07-10 22:00:00
RWZI Kallo,2018-07-10 22:00:00,2018-07-10 22:00:00
RWZI Ronse,2018-07-09 22:00:00,2018-07-09 22:00:00
RWZI Ronse,2018-07-09 22:00:00,2018-07-09 22:00:00
RWZI Zemst - Larebeek,2018-07-09 22:00:00,2018-07-09 22:00:00
RWZI Zemst - Larebeek,2018-07-08 22:00:00,
RWZI Zottegem - Plankebeek,2018-07-08 22:00:00,2018-07-08 22:00:00
RWZI Leuven,2018-07-08 22:00:00,2018-07-08 22:00:00
RWZI Bornem,2018-07-08 22:00:00,2018-07-08 22:00:00
RWZI Merelbeke,2018-07-08 22:00:00,
RWZI Oud-Heverlee,2018-07-05 22:00:00,
RWZI Sinaai,2018-07-04 22:00:00,2018-07-04 22:00:00
RWZI Tielt-Winge,2018-07-04 22:00:00,
RWZI Roeselare,2018-07-04 22:00:00,2018-07-04 22:00:00
RWZI Sinaai,2018-07-04 22:00:00,2018-07-04 22:00:00
RWZI Lanaken,2018-07-03 22:00:00,
RWZI Engsbergen,2018-07-03 22:00:00,
RWZI Lanaken,2018-07-03 22:00:00,
RWZI Neeroeteren,2018-07-01 22:00:00,2018-07-01 22:00:00
RWZI Zandbergen,2018-07-01 22:00:00,2018-07-01 22:00:00
RWZI Merelbeke,2018-07-01 22:00:00,
RWZI Lokeren,2018-07-01 22:00:00,
RWZI Zottegem - Plankebeek,2018-07-01 22:00:00,2018-07-01 22:00:00
RWZI Sinaai,2018-07-01 22:00:00,2018-07-01 22:00:00
RWZI Arendonk,2018-07-01 22:00:00,
RWZI Beersel,2018-07-01 22:00:00,2018-07-01 22:00:00
RWZI Ronse,2018-06-26 22:00:00,
RWZI Ingelmunster,2018-06-26 22:00:00,
RWZI Damme - Lapscheure,2018-06-26 22:00:00,
RWZI Zemst - Larebeek,2018-06-25 22:00:00,
RWZI Roeselare,2018-06-25 22:00:00,
RWZI Ronse,2018-06-25 22:00:00,
RWZI Boechout,2018-06-25 22:00:00,
RWZI Antwerpen-Zuid,2018-06-24 22:00:00,
RWZI Hamont,2018-06-24 22:00:00,
RWZI Neeroeteren,2018-06-24 22:00:00,2018-06-24 22:00:00
RWZI Geel,2018-06-24 22:00:00,
RWZI Tielt,2018-06-24 22:00:00,
RWZI Stekene,2018-06-24 22:00:00,
RWZI Kortemark,2018-06-24 22:00:00,
RWZI Bambrugge,2018-06-24 22:00:00,
RWZI Merelbeke,2018-06-24 22:00:00,
RWZI Hoegaarden,2018-06-24 22:00:00,
Slibdroger Deurne,2018-06-21 22:00:00,
Slibdroger Deurne,2018-06-21 22:00:00,
RWZI Neeroeteren,2018-06-21 22:00:00,
RWZI Neeroeteren,2018-06-21 22:00:00,
RWZI Waregem,2018-06-20 22:00:00,
RWZI Kallo,2018-06-20 22:00:00,2018-06-20 22:00:00
RWZI Grimbergen,2018-06-20 22:00:00,
RWZI niet gedefinieerd,2018-06-20 22:00:00,
RWZI Brugge,2018-06-19 22:00:00,
RWZI Lokeren,2018-06-19 22:00:00,
RWZI Kallo,2018-06-19 22:00:00,2018-06-19 22:00:00
RWZI Sinaai,2018-06-19 22:00:00,
RWZI Nevele,2018-06-19 22:00:00,
RWZI Oudenaarde,2018-06-19 22:00:00,2018-06-19 22:00:00
RWZI Aartselaar,2018-06-19 22:00:00,
RWZI Ninove,2018-06-19 22:00:00,
RWZI Harelbeke,2018-06-19 22:00:00,
RWZI Kortenberg,2018-06-18 22:00:00,
RWZI Antwerpen-Zuid,2018-06-17 22:00:00,
RWZI Vissenaken,2018-06-17 22:00:00,
RWZI Tienen,2018-06-17 22:00:00,
RWZI Essen,2018-06-17 22:00:00,2018-06-17 22:00:00
RWZI Hoegaarden,2018-06-17 22:00:00,
RWZI Brecht,2018-06-13 22:00:00,2018-06-13 22:00:00
RWZI Gent,2018-06-12 22:00:00,
RWZI Roeselare,2018-06-11 22:00:00,
"Kampenhout, KWZI Langestraat 1",2018-06-11 22:00:00,2018-06-11 22:00:00
"Kampenhout, KWZI Langestraat 1",2018-06-11 22:00:00,
RWZI Merelbeke,2018-06-11 22:00:00,
RWZI Destelbergen,2018-06-10 22:00:00,
RWZI Wetteren,2018-06-10 22:00:00,
RWZI Bambrugge,2018-06-10 22:00:00,2018-06-10 22:00:00
RWZI Beveren aan de Ijzer,2018-06-10 22:00:00,
RWZI Hoegaarden,2018-06-10 22:00:00,
RWZI Sint-Pieters-Leeuw,2018-06-10 22:00:00,
RWZI Engsbergen,2018-06-10 22:00:00,
RWZI Sinaai,2018-06-06 22:00:00,2018-06-06 22:00:00
RWZI Antwerpen-Zuid,2018-06-05 22:00:00,
RWZI Roeselare,2018-06-05 22:00:00,
RWZI Roeselare,2018-06-04 22:00:00,
RWZI Merelbeke,2018-06-04 22:00:00,
RWZI Oud-Heverlee,2018-06-04 22:00:00,2018-06-04 22:00:00
RWZI Destelbergen,2018-06-04 22:00:00,
RWZI Bambrugge,2018-06-04 22:00:00,
RWZI Wetteren,2018-06-04 22:00:00,
RWZI Sint-Pieters-Leeuw,2018-06-03 22:00:00,
RWZI Lommel,2018-06-03 22:00:00,
RWZI Hoegaarden,2018-06-03 22:00:00,
RWZI Lommel,2018-06-03 22:00:00,
RWZI Roeselare,2018-05-30 22:00:00,
RWZI Kinrooi - Kessenich,2018-05-29 22:00:00,
RWZI Kinrooi-Molenbeersel,2018-05-29 22:00:00,
RWZI Merelbeke,2018-05-28 22:00:00,
RWZI Loker,2018-05-28 22:00:00,2018-05-28 22:00:00
RWZI Antwerpen-Zuid,2018-05-28 22:00:00,
RWZI Wetteren,2018-05-27 22:00:00,
RWZI Destelbergen,2018-05-27 22:00:00,
RWZI niet gedefinieerd,2018-05-27 22:00:00,
RWZI Bambrugge,2018-05-27 22:00:00,
RWZI Hooglede - Hazelstraat,2018-05-26 22:00:00,
RWZI Hooglede - Hazelstraat,2018-05-26 22:00:00,2018-05-26 22:00:00
RWZI Roeselare,2018-05-24 22:00:00,2018-05-24 22:00:00
RWZI Roeselare,2018-05-24 22:00:00,
RWZI Roeselare,2018-05-24 22:00:00,
RWZI Roeselare,2018-05-23 22:00:00,
RWZI Geetbets,2018-05-22 22:00:00,2018-05-22 22:00:00
RWZI Antwerpen-Zuid,2018-05-22 22:00:00,
RWZI Tessenderlo,2018-05-22 22:00:00,
RWZI niet gedefinieerd,2018-05-22 22:00:00,
RWZI Roeselare,2018-05-22 22:00:00,
RWZI Zemst - Hofstade,2018-05-21 22:00:00,2018-05-21 22:00:00
RWZI Ertvelde,2018-05-21 22:00:00,
RWZI Destelbergen,2018-05-21 22:00:00,
RWZI Bambrugge,2018-05-21 22:00:00,
RWZI Merelbeke,2018-05-21 22:00:00,
RWZI Stavele,2018-05-21 22:00:00,
RWZI Wetteren,2018-05-21 22:00:00,
RWZI Stavele,2018-05-21 22:00:00,2018-05-21 22:00:00
RWZI Stavele,2018-05-21 22:00:00,2018-05-21 22:00:00
RWZI Sint-Pieters-Leeuw,2018-05-21 22:00:00,
RWZI Melsbroek,2018-05-16 22:00:00,
RWZI Melsbroek,2018-05-16 22:00:00,
RWZI Schore,2018-05-14 22:00:00,2018-05-14 22:00:00
RWZI Schore,2018-05-14 22:00:00,2018-05-14 22:00:00
RWZI Schore,2018-05-14 22:00:00,2018-05-14 22:00:00
RWZI Merelbeke,2018-05-13 22:00:00,2018-05-13 22:00:00
RWZI Tessenderlo,2018-05-13 22:00:00,
RWZI Merelbeke,2018-05-13 22:00:00,
RWZI Bornem,2018-05-13 22:00:00,
RWZI Bambrugge,2018-05-13 22:00:00,
RWZI Antwerpen-Zuid,2018-05-13 22:00:00,2018-05-13 22:00:00
RWZI Neeroeteren,2018-05-13 22:00:00,
RWZI Dendermonde,2018-05-13 22:00:00,
RWZI Wetteren,2018-05-13 22:00:00,
RWZI Dendermonde,2018-05-13 22:00:00,
RWZI Neeroeteren,2018-05-12 22:00:00,
RWZI Sint-Niklaas,2018-05-07 22:00:00,
RWZI Roeselare,2018-05-06 22:00:00,
RWZI niet gedefinieerd,2018-05-06 22:00:00,
RWZI Merelbeke,2018-05-06 22:00:00,
RWZI niet gedefinieerd,2018-05-06 22:00:00,
RWZI Engsbergen,2018-05-06 22:00:00,2018-05-06 22:00:00
RWZI Bambrugge,2018-05-06 22:00:00,
RWZI Schoten,2018-05-06 22:00:00,
"Vlamertinge, PS Jan De Cerfstraat",2018-05-02 22:00:00,2018-05-02 22:00:00
Riolstreng Vlamertinge,2018-05-02 22:00:00,2018-05-02 22:00:00
RWZI Sint-Niklaas,2018-05-02 22:00:00,
RWZI Antwerpen-Zuid,2018-05-02 22:00:00,
RWZI Schoten,2018-05-02 22:00:00,
RWZI niet gedefinieerd,2018-05-01 22:00:00,
RWZI Geraardsbergen,2018-05-01 22:00:00,
RWZI niet gedefinieerd,2018-05-01 22:00:00,
RWZI Hove,2018-05-01 22:00:00,
RWZI Roeselare,2018-05-01 22:00:00,
RWZI Koersel,2018-05-01 22:00:00,
RWZI niet gedefinieerd,2018-05-01 22:00:00,
RWZI Hoegaarden,2018-05-01 22:00:00,
RWZI Wolfsdonk,2018-05-01 22:00:00,
RWZI niet gedefinieerd,2018-05-01 22:00:00,
RWZI niet gedefinieerd,2018-04-25 22:00:00,
RWZI niet gedefinieerd,2018-04-25 22:00:00,
RWZI Galmaarden,2018-04-25 22:00:00,2018-04-25 22:00:00
RWZI niet gedefinieerd,2018-04-25 22:00:00,
RWZI niet gedefinieerd,2018-04-25 22:00:00,
RWZI niet gedefinieerd,2018-04-25 22:00:00,
RWZI niet gedefinieerd,2018-04-25 22:00:00,
RWZI niet gedefinieerd,2018-04-24 22:00:00,
RWZI niet gedefinieerd,2018-04-24 22:00:00,
RWZI niet gedefinieerd,2018-04-24 22:00:00,
RWZI niet gedefinieerd,2018-04-24 22:00:00,
RWZI Tessenderlo,2018-04-24 22:00:00,
RWZI niet gedefinieerd,2018-04-23 22:00:00,
RWZI niet gedefinieerd,2018-04-23 22:00:00,
RWZI niet gedefinieerd,2018-04-23 22:00:00,
RWZI niet gedefinieerd,2018-04-23 22:00:00,
RWZI Deinze,2018-04-23 22:00:00,2018-04-23 22:00:00
RWZI niet gedefinieerd,2018-04-23 22:00:00,
RWZI niet gedefinieerd,2018-04-23 22:00:00,
RWZI Sint-Niklaas,2018-04-23 22:00:00,
RWZI niet gedefinieerd,2018-04-23 22:00:00,
RWZI niet gedefinieerd,2018-04-23 22:00:00,
RWZI Loker,2018-04-23 22:00:00,
RWZI Roeselare,2018-04-23 10:00:00,2018-04-23 10:00:00
RWZI Roeselare,2018-04-23 10:00:00,
RWZI Leuven,2018-04-22 22:00:00,
RWZI Sint-Pieters-Leeuw,2018-04-22 22:00:00,
RWZI Deurne,2018-04-22 22:00:00,
RWZI Gent,2018-04-22 22:00:00,
RWZI Bambrugge,2018-04-22 22:00:00,
RWZI Hoegaarden,2018-04-22 22:00:00,
RWZI Schoten,2018-04-22 22:00:00,
RWZI Roeselare,2018-04-22 22:00:00,2018-04-22 22:00:00
RWZI Mechelen-Noord,2018-04-22 22:00:00,
RWZI Oud-Turnhout,2018-04-22 22:00:00,
RWZI Merelbeke,2018-04-22 22:00:00,
RWZI Kermt,2018-04-22 22:00:00,
RWZI Moelingen,2018-04-22 22:00:00,
RWZI Deinze,2018-04-22 22:00:00,2018-04-22 22:00:00
RWZI Zemst - Hofstade,2018-04-22 22:00:00,
"Nieuwpoort, PS Kattesas",2018-04-19 22:00:00,
"Nieuwpoort, PS Kattesas",2018-04-19 22:00:00,2018-04-19 22:00:00
RWZI niet gedefinieerd,2018-04-18 22:00:00,
RWZI Lanaken,2018-04-18 22:00:00,
RWZI Roeselare,2018-04-18 22:00:00,2018-04-18 22:00:00
RWZI Roeselare,2018-04-18 22:00:00,
RWZI Kalmthout,2018-04-18 22:00:00,
RWZI niet gedefinieerd,2018-04-18 22:00:00,
RWZI niet gedefinieerd,2018-04-18 22:00:00,
RWZI niet gedefinieerd,2018-04-18 22:00:00,
RWZI Lanaken,2018-04-18 22:00:00,
RWZI Sint-Niklaas,2018-04-17 22:00:00,
RWZI niet gedefinieerd,2018-04-17 22:00:00,
RWZI niet gedefinieerd,2018-04-17 22:00:00,
RWZI niet gedefinieerd,2018-04-17 22:00:00,
RWZI niet gedefinieerd,2018-04-17 22:00:00,
"Geel, hydraulisch gevoelige structuren",2018-04-17 22:00:00,2018-04-17 22:00:00
RWZI Kalmthout,2018-04-17 22:00:00,
RWZI Lanaken,2018-04-16 22:00:00,2018-04-16 22:00:00
RWZI Tessenderlo,2018-04-16 22:00:00,
RWZI Bree,2018-04-16 22:00:00,2018-04-16 22:00:00
RWZI Geel,2018-04-16 22:00:00,
RWZI Heist,2018-04-16 22:00:00,
RWZI Bree,2018-04-16 22:00:00,2018-04-16 22:00:00
RWZI Bree,2018-04-16 22:00:00,2018-04-16 22:00:00
RWZI niet gedefinieerd,2018-04-16 22:00:00,
RWZI niet gedefinieerd,2018-04-16 22:00:00,
RWZI niet gedefinieerd,2018-04-16 22:00:00,
RWZI niet gedefinieerd,2018-04-16 22:00:00,
RWZI niet gedefinieerd,2018-04-16 22:00:00,
RWZI niet gedefinieerd,2018-04-16 22:00:00,
RWZI Kortemark,2018-04-16 22:00:00,
RWZI Hoegaarden,2018-04-15 22:00:00,
RWZI Hove,2018-04-15 22:00:00,
RWZI Oostende,2018-04-15 22:00:00,
RWZI Sint-Pieters-Leeuw,2018-04-15 22:00:00,
RWZI Leuven,2018-04-15 22:00:00,
RWZI Beselare,2018-04-15 22:00:00,
RWZI Merelbeke,2018-04-15 22:00:00,
RWZI Ravels,2018-04-15 22:00:00,
RWZI Gent,2018-04-15 22:00:00,
RWZI Bambrugge,2018-04-15 22:00:00,
RWZI Destelbergen,2018-04-15 22:00:00,
RWZI Schoten,2018-04-15 22:00:00,
RWZI Oud-Turnhout,2018-04-15 22:00:00,
RWZI Kortemark,2018-04-11 22:00:00,2018-04-11 22:00:00
RWZI niet gedefinieerd,2018-04-11 22:00:00,
RWZI Arendonk,2018-04-11 22:00:00,
RWZI Nevele,2018-04-09 22:00:00,
RWZI Sint-Niklaas,2018-04-09 22:00:00,
RWZI Beselare,2018-04-08 22:00:00,
RWZI niet gedefinieerd,2018-04-08 22:00:00,
RWZI Moorslede,2018-04-08 22:00:00,
RWZI Genk,2018-04-08 22:00:00,2018-04-08 22:00:00
RWZI niet gedefinieerd,2018-04-08 22:00:00,
RWZI Hoegaarden,2018-04-08 22:00:00,
RWZI Schoten,2018-04-08 22:00:00,
RWZI Tessenderlo,2018-04-08 22:00:00,
RWZI niet gedefinieerd,2018-04-08 22:00:00,
RWZI Merelbeke,2018-04-08 22:00:00,
RWZI niet gedefinieerd,2018-04-08 22:00:00,
RWZI Bambrugge,2018-04-08 22:00:00,
RWZI Leuven,2018-04-08 22:00:00,
RWZI Tienen,2018-04-08 22:00:00,
RWZI Hove,2018-04-08 22:00:00,
RWZI Antwerpen-Zuid,2018-04-08 22:00:00,
RWZI niet gedefinieerd,2018-04-04 22:00:00,
RWZI niet gedefinieerd,2018-04-04 22:00:00,
RWZI niet gedefinieerd,2018-04-04 22:00:00,
RWZI niet gedefinieerd,2018-04-04 22:00:00,
RWZI Poppel,2018-04-04 22:00:00,2018-04-04 22:00:00
RWZI Antwerpen-Zuid,2018-04-04 22:00:00,
RWZI niet gedefinieerd,2018-04-04 22:00:00,
RWZI niet gedefinieerd,2018-04-03 22:00:00,
RWZI niet gedefinieerd,2018-04-03 22:00:00,
RWZI Gent,2018-04-03 22:00:00,
RWZI niet gedefinieerd,2018-04-03 22:00:00,
RWZI Moorslede,2018-04-03 22:00:00,
RWZI Wetteren,2018-04-03 22:00:00,
RWZI Destelbergen,2018-04-03 22:00:00,2018-04-03 22:00:00
RWZI Leuven,2018-04-03 22:00:00,
RWZI niet gedefinieerd,2018-04-03 22:00:00,
RWZI niet gedefinieerd,2018-04-03 22:00:00,
RWZI Hove,2018-04-02 22:00:00,
RWZI Diest,2018-04-02 22:00:00,
RWZI niet gedefinieerd,2018-04-02 22:00:00,
RWZI Bambrugge,2018-04-01 22:00:00,
RWZI Schoten,2018-04-01 22:00:00,
RWZI Merelbeke,2018-04-01 22:00:00,
RWZI niet gedefinieerd,2018-03-29 22:00:00,
RWZI niet gedefinieerd,2018-03-29 22:00:00,
RWZI niet gedefinieerd,2018-03-28 22:00:00,
RWZI niet gedefinieerd,2018-03-28 22:00:00,
RWZI niet gedefinieerd,2018-03-28 22:00:00,
RWZI niet gedefinieerd,2018-03-28 22:00:00,
RWZI Antwerpen-Zuid,2018-03-28 22:00:00,
RWZI Tielt-Winge,2018-03-28 22:00:00,2018-03-28 22:00:00
RWZI Schilde,2018-03-27 22:00:00,
RWZI Ruddervoorde,2018-03-26 22:00:00,
RWZI niet gedefinieerd,2018-03-26 22:00:00,
RWZI Asse - Bollebeek,2018-03-26 22:00:00,2018-03-26 22:00:00
RWZI niet gedefinieerd,2018-03-26 22:00:00,
RWZI Gent,2018-03-26 22:00:00,
RWZI niet gedefinieerd,2018-03-26 22:00:00,
RWZI Asse - Bollebeek,2018-03-26 22:00:00,2018-03-26 22:00:00
RWZI Tessenderlo,2018-03-26 22:00:00,
RWZI Sint-Niklaas,2018-03-26 22:00:00,
RWZI Destelbergen,2018-03-26 22:00:00,
RWZI niet gedefinieerd,2018-03-26 22:00:00,
RWZI Asse - Bollebeek,2018-03-25 22:00:00,2018-03-25 22:00:00
RWZI Antwerpen-Zuid,2018-03-25 22:00:00,
RWZI Merelbeke,2018-03-25 22:00:00,
RWZI Hove,2018-03-25 22:00:00,
RWZI Tienen,2018-03-25 22:00:00,
RWZI Schoten,2018-03-25 22:00:00,
RWZI Bambrugge,2018-03-25 22:00:00,
RWZI Diest,2018-03-25 22:00:00,
RWZI Neeroeteren,2018-03-25 22:00:00,
RWZI Antwerpen-Zuid,2018-03-24 23:00:00,2018-03-24 23:00:00
RWZI niet gedefinieerd,2018-03-22 23:00:00,
RWZI Gooik - Oetingen,2018-03-21 23:00:00,
RWZI niet gedefinieerd,2018-03-21 23:00:00,
RWZI niet gedefinieerd,2018-03-21 23:00:00,
RWZI niet gedefinieerd,2018-03-21 23:00:00,
RWZI niet gedefinieerd,2018-03-21 23:00:00,
RWZI Schoten,2018-03-21 23:00:00,
RWZI niet gedefinieerd,2018-03-20 23:00:00,
RWZI niet gedefinieerd,2018-03-20 23:00:00,
RWZI niet gedefinieerd,2018-03-20 23:00:00,
RWZI niet gedefinieerd,2018-03-20 23:00:00,
RWZI niet gedefinieerd,2018-03-20 11:00:00,
Riolstreng Aalst,2018-03-19 23:00:00,2018-03-19 23:00:00
RWZI Roeselare,2018-03-19 23:00:00,2018-03-19 23:00:00
RWZI niet gedefinieerd,2018-03-19 23:00:00,
Riolstreng Aalst,2018-03-19 23:00:00,2018-03-19 23:00:00
RWZI niet gedefinieerd,2018-03-19 23:00:00,
RWZI niet gedefinieerd,2018-03-19 23:00:00,
RWZI niet gedefinieerd,2018-03-19 23:00:00,
RWZI niet gedefinieerd,2018-03-18 23:00:00,
RWZI niet gedefinieerd,2018-03-18 23:00:00,
RWZI Zemst - Hofstade,2018-03-18 23:00:00,2018-03-18 23:00:00
RWZI niet gedefinieerd,2018-03-18 23:00:00,
RWZI niet gedefinieerd,2018-03-18 23:00:00,
RWZI Leuven,2018-03-18 23:00:00,
RWZI Antwerpen-Zuid,2018-03-18 23:00:00,
RWZI niet gedefinieerd,2018-03-18 23:00:00,
RWZI Diest,2018-03-18 23:00:00,
RWZI niet gedefinieerd,2018-03-14 23:00:00,
RWZI niet gedefinieerd,2018-03-14 23:00:00,
RWZI niet gedefinieerd,2018-03-14 23:00:00,
RWZI Neervelp,2018-03-14 23:00:00,2018-03-14 23:00:00
Riolstreng Aarschot,2018-03-14 23:00:00,2018-03-14 23:00:00
Riolstreng Aarschot,2018-03-14 23:00:00,
RWZI niet gedefinieerd,2018-03-14 23:00:00,
RWZI Liedekerke,2018-03-13 23:00:00,
RWZI niet gedefinieerd,2018-03-13 23:00:00,
RWZI niet gedefinieerd,2018-03-13 23:00:00,
RWZI niet gedefinieerd,2018-03-13 23:00:00,
RWZI niet gedefinieerd,2018-03-13 23:00:00,
RWZI Wolfsdonk,2018-03-12 23:00:00,
RWZI Morkhoven,2018-03-12 23:00:00,
RWZI niet gedefinieerd,2018-03-12 23:00:00,
RWZI Deinze - Grammene,2018-03-12 23:00:00,2018-03-12 23:00:00
RWZI niet gedefinieerd,2018-03-12 23:00:00,
RWZI niet gedefinieerd,2018-03-12 23:00:00,
RWZI niet gedefinieerd,2018-03-12 23:00:00,
RWZI niet gedefinieerd,2018-03-12 23:00:00,
RWZI Moerbeke,2018-03-12 23:00:00,2018-03-12 23:00:00
RWZI Sint-Niklaas,2018-03-12 23:00:00,2018-03-12 23:00:00
RWZI Koersel,2018-03-11 23:00:00,
RWZI Aalst,2018-03-11 23:00:00,
RWZI Hove,2018-03-11 23:00:00,
RWZI Merelbeke,2018-03-11 23:00:00,
RWZI Hoegaarden,2018-03-11 23:00:00,
RWZI Deinze - Grammene,2018-03-11 23:00:00,2018-03-11 23:00:00
RWZI Aalst,2018-03-11 23:00:00,
RWZI Aalst,2018-03-11 23:00:00,
RWZI Schoten,2018-03-11 23:00:00,
RWZI Aalst,2018-03-11 23:00:00,2018-03-11 23:00:00
RWZI Leuven,2018-03-11 23:00:00,2018-03-11 23:00:00
RWZI niet gedefinieerd,2018-03-07 23:00:00,
RWZI niet gedefinieerd,2018-03-07 23:00:00,
RWZI Lokeren,2018-03-07 23:00:00,
RWZI niet gedefinieerd,2018-03-07 23:00:00,
RWZI Ronse,2018-03-07 23:00:00,2018-03-07 23:00:00
RWZI niet gedefinieerd,2018-03-07 23:00:00,
RWZI niet gedefinieerd,2018-03-06 23:00:00,
RWZI niet gedefinieerd,2018-03-06 23:00:00,
RWZI niet gedefinieerd,2018-03-06 23:00:00,
RWZI niet gedefinieerd,2018-03-06 23:00:00,
RWZI niet gedefinieerd,2018-03-06 23:00:00,
RWZI niet gedefinieerd,2018-03-05 23:00:00,
RWZI Ruddervoorde,2018-03-05 23:00:00,2018-03-05 23:00:00
RWZI niet gedefinieerd,2018-03-05 23:00:00,
RWZI niet gedefinieerd,2018-03-05 23:00:00,
RWZI Gent,2018-03-05 23:00:00,
RWZI niet gedefinieerd,2018-03-05 23:00:00,
RWZI niet gedefinieerd,2018-03-05 11:00:00,
RWZI niet gedefinieerd,2018-03-05 11:00:00,
RWZI niet gedefinieerd,2018-03-05 11:00:00,
RWZI niet gedefinieerd,2018-03-05 11:00:00,
RWZI niet gedefinieerd,2018-03-05 11:00:00,
RWZI niet gedefinieerd,2018-03-05 11:00:00,
RWZI Merelbeke,2018-03-04 23:00:00,
RWZI Deurne,2018-03-04 23:00:00,
RWZI Gooik - Oetingen,2018-03-04 23:00:00,2018-03-04 23:00:00
RWZI Sint-Truiden,2018-03-04 23:00:00,2018-03-04 23:00:00
RWZI Gooik - Oetingen,2018-03-04 23:00:00,
RWZI Sint-Truiden,2018-03-04 23:00:00,2018-03-04 23:00:00
RWZI Roeselare,2018-03-04 23:00:00,2018-03-04 23:00:00
RWZI niet gedefinieerd,2018-03-01 23:00:00,
RWZI niet gedefinieerd,2018-03-01 23:00:00,
RWZI niet gedefinieerd,2018-02-28 23:00:00,
RWZI Zomergem,2018-02-28 23:00:00,
RWZI niet gedefinieerd,2018-02-28 23:00:00,
RWZI niet gedefinieerd,2018-02-28 23:00:00,
RWZI niet gedefinieerd,2018-02-28 23:00:00,
RWZI Ninove,2018-02-28 23:00:00,
RWZI Pittem,2018-02-27 23:00:00,2018-02-27 23:00:00
RWZI Diest,2018-02-27 23:00:00,
RWZI niet gedefinieerd,2018-02-27 23:00:00,
RWZI niet gedefinieerd,2018-02-27 23:00:00,
RWZI niet gedefinieerd,2018-02-27 23:00:00,
RWZI niet gedefinieerd,2018-02-27 23:00:00,
RWZI Wommelgem,2018-02-26 23:00:00,
RWZI Beersel,2018-02-26 23:00:00,
RWZI Kinrooi-Molenbeersel,2018-02-26 23:00:00,2018-02-26 23:00:00
RWZI Beersel,2018-02-26 23:00:00,
RWZI Zolder,2018-02-25 23:00:00,2018-02-25 23:00:00
RWZI Merelbeke,2018-02-25 23:00:00,
RWZI Kinrooi-Molenbeersel,2018-02-25 23:00:00,2018-02-25 23:00:00
RWZI Koersel,2018-02-25 23:00:00,
RWZI Heusden,2018-02-25 23:00:00,
RWZI Kruishoutem,2018-02-25 23:00:00,
RWZI niet gedefinieerd,2018-02-25 23:00:00,
RWZI niet gedefinieerd,2018-02-25 23:00:00,
RWZI niet gedefinieerd,2018-02-25 23:00:00,
RWZI niet gedefinieerd,2018-02-25 23:00:00,
RWZI Schoten,2018-02-25 23:00:00,
RWZI Ieper,2018-02-24 23:00:00,
RWZI niet gedefinieerd,2018-02-22 23:00:00,
RWZI niet gedefinieerd,2018-02-22 23:00:00,
RWZI niet gedefinieerd,2018-02-22 23:00:00,
RWZI Schore,2018-02-21 23:00:00,
RWZI Schore,2018-02-21 23:00:00,
RWZI Roeselare,2018-02-21 23:00:00,
RWZI Tielt-Winge,2018-02-21 23:00:00,
RWZI niet gedefinieerd,2018-02-21 23:00:00,
RWZI niet gedefinieerd,2018-02-20 23:00:00,
RWZI niet gedefinieerd,2018-02-20 23:00:00,
RWZI Gent,2018-02-20 23:00:00,
RWZI niet gedefinieerd,2018-02-20 23:00:00,
RWZI niet gedefinieerd,2018-02-20 23:00:00,
RWZI niet gedefinieerd,2018-02-20 23:00:00,
RWZI Antwerpen-Zuid,2018-02-20 23:00:00,
RWZI Ruddervoorde,2018-02-19 23:00:00,
RWZI Hooglede - Hazelstraat,2018-02-18 23:00:00,
RWZI Bambrugge,2018-02-18 23:00:00,
RWZI Merelbeke,2018-02-18 23:00:00,
RWZI Gavere,2018-02-18 23:00:00,
RWZI Sint-Pieters-Leeuw,2018-02-18 23:00:00,
RWZI Sint-Pieters-Leeuw,2018-02-18 23:00:00,
RWZI Hooglede - Hazelstraat,2018-02-18 23:00:00,2018-02-18 23:00:00
RWZI Aalst,2018-02-15 23:00:00,
RWZI niet gedefinieerd,2018-02-15 23:00:00,
RWZI Gent,2018-02-14 23:00:00,2018-02-14 23:00:00
RWZI Zemst - Hofstade,2018-02-14 23:00:00,2018-02-14 23:00:00
RWZI Ronse,2018-02-14 23:00:00,2018-02-14 23:00:00
RWZI niet gedefinieerd,2018-02-14 23:00:00,
RWZI Ronse,2018-02-14 23:00:00,2018-02-14 23:00:00
RWZI niet gedefinieerd,2018-02-11 23:00:00,
RWZI niet gedefinieerd,2018-02-11 23:00:00,
RWZI niet gedefinieerd,2018-02-11 23:00:00,
RWZI Oud-Turnhout,2018-02-11 23:00:00,
RWZI Eke,2018-02-11 23:00:00,
RWZI niet gedefinieerd,2018-02-11 23:00:00,
RWZI Merelbeke,2018-02-11 23:00:00,
RWZI Bambrugge,2018-02-11 23:00:00,
RWZI niet gedefinieerd,2018-02-08 23:00:00,
RWZI niet gedefinieerd,2018-02-08 23:00:00,
RWZI Engsbergen,2018-02-06 23:00:00,2018-02-06 23:00:00
RWZI Roeselare,2018-02-06 23:00:00,2018-02-06 23:00:00
RWZI niet gedefinieerd,2018-02-06 23:00:00,
RWZI niet gedefinieerd,2018-02-06 23:00:00,
RWZI niet gedefinieerd,2018-02-06 23:00:00,
RWZI Engsbergen,2018-02-06 23:00:00,2018-02-06 23:00:00
RWZI niet gedefinieerd,2018-02-06 23:00:00,
RWZI Roeselare,2018-02-06 23:00:00,2018-02-06 23:00:00
RWZI Roeselare,2018-02-06 23:00:00,2018-02-06 23:00:00
RWZI Melle,2018-02-06 23:00:00,
RWZI Rotselaar,2018-02-05 23:00:00,2018-02-05 23:00:00
RWZI Merelbeke,2018-02-04 23:00:00,
RWZI Bambrugge,2018-02-04 23:00:00,2018-02-04 23:00:00
RWZI Wolfsdonk,2018-02-04 23:00:00,
RWZI niet gedefinieerd,2018-02-04 23:00:00,
RWZI Wingene,2018-02-04 23:00:00,
RWZI niet gedefinieerd,2018-02-04 23:00:00,
RWZI Zonhoven,2018-02-04 23:00:00,
RWZI niet gedefinieerd,2018-02-04 23:00:00,
RWZI niet gedefinieerd,2018-02-04 23:00:00,
RWZI niet gedefinieerd,2018-02-04 23:00:00,
RWZI Moorslede,2018-02-04 23:00:00,
"Balegem, PS Sint-Martensdries",2018-02-01 23:00:00,2018-02-01 23:00:00
RWZI Vleteren,2018-01-31 23:00:00,2018-01-31 23:00:00
RWZI Vleteren,2018-01-31 23:00:00,2018-01-31 23:00:00
RWZI Lokeren - Doorslaar,2018-01-29 23:00:00,
RWZI Antwerpen-Noord,2018-01-28 23:00:00,
RWZI Antwerpen-Noord,2018-01-28 23:00:00,
RWZI Zemst - Hofstade,2018-01-24 23:00:00,
RWZI Hoegaarden,2018-01-24 23:00:00,
RWZI Sint-Maria-Aalter,2018-01-24 23:00:00,
RWZI Hasselt,2018-01-24 23:00:00,
RWZI Hasselt,2018-01-24 23:00:00,
RWZI Bambrugge,2018-01-23 23:00:00,2018-01-23 23:00:00
RWZI Sint-Maria-Aalter,2018-01-23 23:00:00,2018-01-23 23:00:00
RWZI Sint-Maria-Aalter,2018-01-23 23:00:00,2018-01-23 23:00:00
RWZI Moerbeke,2018-01-22 23:00:00,
RWZI Sinaai,2018-01-22 23:00:00,
RWZI niet gedefinieerd,2018-01-22 23:00:00,
RWZI Destelbergen,2018-01-21 23:00:00,2018-01-21 23:00:00
RWZI Sint-Niklaas,2018-01-21 23:00:00,
RWZI Bornem,2018-01-21 23:00:00,
RWZI Stekene,2018-01-21 23:00:00,
RWZI Heusden,2018-01-21 23:00:00,2018-01-21 23:00:00
RWZI Heusden,2018-01-21 23:00:00,2018-01-21 23:00:00
RWZI Ertvelde,2018-01-21 23:00:00,
RWZI Roeselare,2018-01-21 23:00:00,2018-01-21 23:00:00
RWZI Zomergem,2018-01-21 23:00:00,2018-01-21 23:00:00
RWZI Merelbeke,2018-01-21 23:00:00,2018-01-21 23:00:00
RWZI niet gedefinieerd,2018-01-15 23:00:00,
"Bilzen, gemeentelijk stelsel",2018-01-15 23:00:00,2018-01-15 23:00:00
RWZI Beselare,2018-01-14 23:00:00,
RWZI Antwerpen-Zuid,2018-01-14 23:00:00,
RWZI niet gedefinieerd,2018-01-11 23:00:00,
RWZI Beselare,2018-01-11 23:00:00,
RWZI Bierbeek,2018-01-10 23:00:00,
RWZI Roeselare,2018-01-09 23:00:00,
RWZI Tielt-Winge,2018-01-07 23:00:00,
RWZI Bree,2018-01-01 23:00:00,
RWZI niet gedefinieerd,2017-12-20 23:00:00,2017-12-20 23:00:00
RWZI niet gedefinieerd,2017-12-20 23:00:00,2017-12-20 23:00:00
RWZI niet gedefinieerd,2017-12-20 23:00:00,2017-12-20 23:00:00
RWZI niet gedefinieerd,2017-12-20 23:00:00,2017-12-20 23:00:00
RWZI niet gedefinieerd,2017-12-20 23:00:00,
RWZI Hasselt,2017-12-19 23:00:00,2017-12-19 23:00:00
RWZI Hasselt,2017-12-19 23:00:00,
RWZI niet gedefinieerd,2017-12-17 23:00:00,2017-12-17 23:00:00
RWZI niet gedefinieerd,2017-12-17 23:00:00,
RWZI niet gedefinieerd,2017-12-17 23:00:00,
RWZI niet gedefinieerd,2017-12-17 23:00:00,2017-12-17 23:00:00
RWZI Grobbendonk,2017-12-17 23:00:00,
RWZI Wolfsdonk,2017-12-17 23:00:00,2017-12-17 23:00:00
RWZI Bree,2017-12-17 23:00:00,
RWZI niet gedefinieerd,2017-12-13 23:00:00,2017-12-13 23:00:00
RWZI niet gedefinieerd,2017-12-13 23:00:00,
RWZI niet gedefinieerd,2017-12-13 23:00:00,
RWZI niet gedefinieerd,2017-12-13 23:00:00,2017-12-13 23:00:00
RWZI Oplinter,2017-12-13 23:00:00,
RWZI Beersel,2017-12-13 23:00:00,
RWZI Sinaai,2017-12-12 23:00:00,
RWZI Lommel,2017-12-12 23:00:00,
RWZI niet gedefinieerd,2017-12-11 23:00:00,
RWZI niet gedefinieerd,2017-12-11 23:00:00,
RWZI niet gedefinieerd,2017-12-11 23:00:00,
RWZI niet gedefinieerd,2017-12-11 23:00:00,
RWZI Wulpen,2017-12-10 23:00:00,
RWZI Bree,2017-12-10 23:00:00,
RWZI Hoegaarden,2017-12-10 23:00:00,2017-12-10 23:00:00
RWZI Kortenberg,2017-12-10 23:00:00,
RWZI Pulderbos,2017-12-10 23:00:00,
RWZI Antwerpen-Zuid,2017-12-05 23:00:00,
RWZI Grobbendonk,2017-12-05 23:00:00,
RWZI Lommel,2017-12-05 23:00:00,2017-12-05 23:00:00
RWZI niet gedefinieerd,2017-12-03 23:00:00,
RWZI niet gedefinieerd,2017-12-03 23:00:00,
RWZI niet gedefinieerd,2017-12-03 23:00:00,
RWZI Turnhout,2017-12-03 23:00:00,2017-12-03 23:00:00
RWZI niet gedefinieerd,2017-12-03 23:00:00,
RWZI Lommel,2017-11-29 23:00:00,2017-11-29 23:00:00
RWZI niet gedefinieerd,2017-11-29 23:00:00,
RWZI Edegem,2017-11-28 23:00:00,
RWZI niet gedefinieerd,2017-11-28 23:00:00,
RWZI Zonhoven,2017-11-27 23:00:00,2017-11-27 23:00:00
RWZI Berlare,2017-11-26 23:00:00,
RWZI Londerzeel,2017-11-26 23:00:00,
RWZI Londerzeel,2017-11-26 23:00:00,2017-11-26 23:00:00
RWZI Merelbeke,2017-11-26 23:00:00,
RWZI niet gedefinieerd,2017-11-23 11:00:00,
RWZI niet gedefinieerd,2017-11-23 11:00:00,
RWZI niet gedefinieerd,2017-11-23 11:00:00,
RWZI niet gedefinieerd,2017-11-23 11:00:00,
RWZI Wolfsdonk,2017-11-22 23:00:00,2017-11-22 23:00:00
RWZI Vissenaken,2017-11-21 23:00:00,2017-11-21 23:00:00
RWZI Antwerpen-Zuid,2017-11-20 23:00:00,2017-11-20 23:00:00
RWZI Hamme,2017-11-19 23:00:00,
RWZI Dendermonde,2017-11-19 23:00:00,
RWZI Merelbeke,2017-11-19 23:00:00,
RWZI Zemst - Hofstade,2017-11-15 23:00:00,2017-11-15 23:00:00
RWZI Zemst - Hofstade,2017-11-15 23:00:00,2017-11-15 23:00:00
RWZI Bree,2017-11-15 23:00:00,2017-11-15 23:00:00
RWZI Destelbergen,2017-11-14 23:00:00,2017-11-14 23:00:00
RWZI niet gedefinieerd,2017-11-13 23:00:00,
RWZI niet gedefinieerd,2017-11-13 23:00:00,
RWZI niet gedefinieerd,2017-11-13 23:00:00,
RWZI Antwerpen-Zuid,2017-11-13 23:00:00,2017-11-13 23:00:00
RWZI niet gedefinieerd,2017-11-13 23:00:00,
RWZI Poperinge,2017-11-13 23:00:00,2017-11-13 23:00:00
RWZI Merelbeke,2017-11-12 23:00:00,2017-11-12 23:00:00
RWZI Hamme,2017-11-12 23:00:00,
RWZI Overpelt,2017-11-12 23:00:00,2017-11-12 23:00:00
RWZI Overpelt,2017-11-12 23:00:00,2017-11-12 23:00:00
RWZI Poperinge,2017-11-09 23:00:00,
RWZI Poperinge,2017-11-09 23:00:00,2017-11-09 23:00:00
RWZI Poperinge,2017-11-08 23:00:00,2017-11-08 23:00:00
RWZI Vissenaken,2017-11-07 23:00:00,
RWZI Staden,2017-11-06 23:00:00,
RWZI Staden,2017-11-06 23:00:00,2017-11-06 23:00:00
RWZI Herentals,2017-11-05 23:00:00,
RWZI Aartselaar,2017-11-05 23:00:00,2017-11-05 23:00:00
RWZI Aartselaar,2017-11-05 23:00:00,2017-11-05 23:00:00
RWZI Oplinter,2017-11-05 23:00:00,
RWZI Merelbeke,2017-11-05 23:00:00,2017-11-05 23:00:00
RWZI Ruddervoorde,2017-10-30 23:00:00,2017-10-30 23:00:00
RWZI Oplinter,2017-10-29 23:00:00,2017-10-29 23:00:00
RWZI Heusden,2017-10-29 23:00:00,2017-10-29 23:00:00
RWZI Herentals,2017-10-29 23:00:00,
RWZI Merelbeke,2017-10-29 23:00:00,2017-10-29 23:00:00
RWZI Wolfsdonk,2017-10-25 22:00:00,2017-10-25 22:00:00
RWZI Ruddervoorde,2017-10-23 22:00:00,2017-10-23 22:00:00
RWZI Ruddervoorde,2017-10-23 22:00:00,2017-10-23 22:00:00
RWZI Ruddervoorde,2017-10-23 22:00:00,2017-10-23 22:00:00
RWZI Ruddervoorde,2017-10-23 22:00:00,
RWZI Ruddervoorde,2017-10-23 22:00:00,2017-10-23 22:00:00
RWZI Merelbeke,2017-10-22 22:00:00,
RWZI Oplinter,2017-10-21 22:00:00,
RWZI Oplinter,2017-10-20 22:00:00,
RWZI Ruddervoorde,2017-10-19 22:00:00,
RWZI Ruddervoorde,2017-10-19 22:00:00,2017-10-19 22:00:00
RWZI Ruddervoorde,2017-10-19 22:00:00,2017-10-19 22:00:00
RWZI Herentals,2017-10-18 22:00:00,
RWZI Herentals,2017-10-18 22:00:00,
RWZI Ruddervoorde,2017-10-18 22:00:00,2017-10-18 22:00:00
RWZI Ruddervoorde,2017-10-18 22:00:00,
RWZI Ruddervoorde,2017-10-17 22:00:00,
RWZI Moerbeke,2017-10-16 22:00:00,
RWZI Hamme,2017-10-15 22:00:00,
RWZI Merelbeke,2017-10-15 22:00:00,2017-10-15 22:00:00
RWZI Destelbergen,2017-10-15 22:00:00,2017-10-15 22:00:00
RWZI niet gedefinieerd,2017-10-09 22:00:00,
RWZI Ieper,2017-10-08 22:00:00,
RWZI Dendermonde,2017-10-04 22:00:00,2017-10-04 22:00:00
RWZI Gijverinkhove,2017-10-03 22:00:00,2017-10-03 22:00:00
RWZI Ieper,2017-09-29 22:00:00,2017-09-29 22:00:00
RWZI Ieper,2017-09-29 22:00:00,2017-09-29 22:00:00
RWZI Zwalm,2017-09-28 22:00:00,
RWZI Zwalm,2017-09-26 22:00:00,2017-09-26 22:00:00
RWZI Ieper,2017-09-26 22:00:00,
RWZI Ieper,2017-09-26 22:00:00,2017-09-26 22:00:00
RWZI Ieper,2017-09-23 22:00:00,2017-09-23 22:00:00
RWZI Ieper,2017-09-23 22:00:00,2017-09-23 22:00:00
RWZI Brakel,2017-09-21 22:00:00,2017-09-21 22:00:00
RWZI Aalst,2017-09-19 22:00:00,
RWZI Brakel,2017-09-17 22:00:00,2017-09-17 22:00:00
RWZI Houthalen-Centrum,2017-09-10 22:00:00,
WZI Total Hellebecq richting Parijs,2017-09-06 22:00:00,
RWZI Merksplas,2017-09-05 22:00:00,2017-09-05 22:00:00
RWZI Kermt,2017-09-05 22:00:00,
RWZI Ronse,2017-09-05 22:00:00,2017-09-05 22:00:00
RWZI Merksplas,2017-09-04 22:00:00,2017-09-04 22:00:00
"Merksplas, PS Steenweg op Beerse",2017-09-04 22:00:00,2017-09-04 22:00:00
RWZI niet gedefinieerd,2017-09-04 22:00:00,
RWZI niet gedefinieerd,2017-09-04 22:00:00,
RWZI Knokke,2017-09-03 22:00:00,
RWZI Destelbergen,2017-09-03 22:00:00,2017-09-03 22:00:00
RWZI Liedekerke,2017-09-03 22:00:00,
RWZI Meer,2017-09-03 22:00:00,
RWZI Hamme,2017-09-03 22:00:00,
RWZI Lokeren,2017-09-03 22:00:00,
RWZI Sinaai,2017-08-30 22:00:00,2017-08-30 22:00:00
RWZI Turnhout,2017-08-29 22:00:00,
RWZI Hertsberge,2017-08-27 22:00:00,
RWZI Hertsberge,2017-08-27 22:00:00,
RWZI Hertsberge,2017-08-26 22:00:00,2017-08-26 22:00:00
Riolstreng Roeselare,2017-08-22 22:00:00,2017-08-22 22:00:00
RWZI Houthalen-Centrum,2017-08-21 22:00:00,2017-08-21 22:00:00
RWZI niet gedefinieerd,2017-08-21 22:00:00,
"Keerbergen, PSB Broekelei",2017-08-20 22:00:00,2017-08-20 22:00:00
RWZI Meer,2017-08-16 22:00:00,2017-08-16 22:00:00
RWZI Moorslede,2017-08-15 22:00:00,
RWZI Hooglede - Hazelstraat,2017-08-15 22:00:00,2017-08-15 22:00:00
RWZI Sinaai,2017-08-06 22:00:00,2017-08-06 22:00:00
RWZI Sinaai,2017-08-06 22:00:00,2017-08-06 22:00:00
RWZI Sinaai,2017-08-06 22:00:00,
RWZI Sinaai,2017-08-06 22:00:00,
RWZI Sinaai,2017-08-06 22:00:00,
RWZI Sinaai,2017-08-06 22:00:00,
RWZI Sinaai,2017-08-06 22:00:00,2017-08-06 22:00:00
RWZI Destelbergen,2017-08-06 22:00:00,
RWZI Moorslede,2017-08-02 22:00:00,
"Sinaai, PS Puiveldestraat 59",2017-08-02 22:00:00,2017-08-02 22:00:00
RWZI Sinaai,2017-08-02 22:00:00,2017-08-02 22:00:00
RWZI Sinaai,2017-08-02 22:00:00,2017-08-02 22:00:00
RWZI Sinaai,2017-08-01 22:00:00,2017-08-01 22:00:00
RWZI Gavere,2017-08-01 22:00:00,
RWZI Merelbeke,2017-08-01 22:00:00,
RWZI Landen - Rumsdorp,2017-08-01 22:00:00,2017-08-01 22:00:00
RWZI Sinaai,2017-08-01 22:00:00,2017-08-01 22:00:00
RWZI Sinaai,2017-07-31 22:00:00,2017-07-31 22:00:00
RWZI Sinaai,2017-07-31 22:00:00,2017-07-31 22:00:00
RWZI Sinaai,2017-07-31 22:00:00,
RWZI Sinaai,2017-07-30 22:00:00,2017-07-30 22:00:00
RWZI Sinaai,2017-07-30 22:00:00,2017-07-30 22:00:00
RWZI Halen,2017-07-30 22:00:00,2017-07-30 22:00:00
RWZI Sinaai,2017-07-29 22:00:00,2017-07-29 22:00:00
RWZI Sinaai,2017-07-29 22:00:00,2017-07-29 22:00:00
RWZI niet gedefinieerd,2017-07-25 22:00:00,
RWZI Destelbergen,2017-07-23 22:00:00,2017-07-23 22:00:00
RWZI Moorslede,2017-07-23 22:00:00,
RWZI niet gedefinieerd,2017-07-19 10:00:00,
RWZI niet gedefinieerd,2017-07-19 10:00:00,
RWZI Wannegem - Lede,2017-07-18 22:00:00,2017-07-18 22:00:00
RWZI niet gedefinieerd,2017-07-18 22:00:00,
RWZI niet gedefinieerd,2017-07-18 22:00:00,
RWZI niet gedefinieerd,2017-07-18 22:00:00,
RWZI Sint-Niklaas,2017-07-17 22:00:00,
RWZI Zolder,2017-07-17 22:00:00,
RWZI Gent,2017-07-16 22:00:00,
RWZI Lommel,2017-07-12 22:00:00,
RWZI Lommel,2017-07-12 22:00:00,2017-07-12 22:00:00
RWZI Lommel,2017-07-11 22:00:00,2017-07-11 22:00:00
RWZI Oplinter,2017-07-11 22:00:00,
RWZI Sinaai,2017-07-11 22:00:00,
RWZI Sinaai,2017-07-11 22:00:00,
RWZI Destelbergen,2017-07-09 22:00:00,
RWZI Lommel,2017-07-09 22:00:00,2017-07-09 22:00:00
RWZI Lommel,2017-07-09 22:00:00,2017-07-09 22:00:00
RWZI Lommel,2017-07-09 22:00:00,2017-07-09 22:00:00
RWZI Houthalen-Centrum,2017-07-09 22:00:00,2017-07-09 22:00:00
RWZI Lommel,2017-07-08 22:00:00,
RWZI Lommel,2017-07-08 22:00:00,2017-07-08 22:00:00
RWZI Houthalen-Centrum,2017-07-07 22:00:00,2017-07-07 22:00:00
RWZI Houthalen-Centrum,2017-07-07 22:00:00,2017-07-07 22:00:00
RWZI Houthalen-Centrum,2017-07-07 22:00:00,2017-07-07 22:00:00
RWZI Sinaai,2017-07-06 22:00:00,2017-07-06 22:00:00
RWZI Lommel,2017-07-05 22:00:00,2017-07-05 22:00:00
RWZI Lommel,2017-07-05 22:00:00,2017-07-05 22:00:00
RWZI Lommel,2017-07-05 22:00:00,2017-07-05 22:00:00
RWZI Lommel,2017-07-05 22:00:00,2017-07-05 22:00:00
RWZI Lommel,2017-07-04 22:00:00,
RWZI niet gedefinieerd,2017-07-03 22:00:00,
RWZI Lommel,2017-07-03 22:00:00,
RWZI niet gedefinieerd,2017-07-03 22:00:00,
RWZI Lommel,2017-07-03 22:00:00,
RWZI Lommel,2017-07-03 22:00:00,2017-07-03 22:00:00
RWZI Burcht,2017-06-28 22:00:00,
RWZI Burcht,2017-06-28 22:00:00,
RWZI Hooglede - Hazelstraat,2017-06-27 22:00:00,2017-06-27 22:00:00
RWZI Moorslede,2017-06-27 22:00:00,
RWZI Berlare,2017-06-27 22:00:00,
RWZI Destelbergen,2017-06-27 22:00:00,2017-06-27 22:00:00
RWZI Hooglede - Hazelstraat,2017-06-27 22:00:00,2017-06-27 22:00:00
RWZI Hooglede - Hazelstraat,2017-06-27 22:00:00,2017-06-27 22:00:00
RWZI Hooglede - Hazelstraat,2017-06-27 22:00:00,2017-06-27 22:00:00
RWZI Kampenhout,2017-06-27 22:00:00,2017-06-27 22:00:00
RWZI Zondereigen,2017-06-27 22:00:00,2017-06-27 22:00:00
RWZI Hove,2017-06-26 22:00:00,
RWZI Sinaai,2017-06-26 22:00:00,2017-06-26 22:00:00
RWZI Ruisbroek,2017-06-26 22:00:00,
RWZI Sinaai,2017-06-25 22:00:00,2017-06-25 22:00:00
RWZI niet gedefinieerd,2017-06-25 22:00:00,
RWZI niet gedefinieerd,2017-06-25 22:00:00,
RWZI niet gedefinieerd,2017-06-25 22:00:00,
RWZI niet gedefinieerd,2017-06-25 22:00:00,
RWZI Kermt,2017-06-25 22:00:00,
RWZI niet gedefinieerd,2017-06-22 22:00:00,
RWZI Zolder,2017-06-20 22:00:00,
RWZI Lommel,2017-06-20 22:00:00,
RWZI Morkhoven,2017-06-18 22:00:00,2017-06-18 22:00:00
RWZI Avekapelle,2017-06-15 22:00:00,
RWZI Avekapelle,2017-06-15 22:00:00,
RWZI Lommel,2017-06-14 22:00:00,2017-06-14 22:00:00
RWZI Moorslede,2017-06-13 22:00:00,
RWZI Hove,2017-06-12 22:00:00,
RWZI Destelbergen,2017-06-11 22:00:00,
RWZI Wommelgem,2017-06-11 22:00:00,
RWZI Tessenderlo,2017-06-11 22:00:00,
RWZI Aalst,2017-06-11 22:00:00,
RWZI Berlare,2017-06-11 22:00:00,
RWZI Herentals,2017-06-11 22:00:00,
RWZI Lommel,2017-06-08 22:00:00,2017-06-08 22:00:00
RWZI Zonhoven,2017-06-08 22:00:00,2017-06-08 22:00:00
RWZI Lommel,2017-06-08 22:00:00,2017-06-08 22:00:00
RWZI Aalter,2017-06-07 22:00:00,
RWZI Liedekerke,2017-06-07 22:00:00,2017-06-07 22:00:00
RWZI Lommel,2017-06-07 22:00:00,
RWZI Boortmeerbeek,2017-06-06 22:00:00,
RWZI Zemst - Hofstade,2017-06-06 22:00:00,
RWZI Boortmeerbeek,2017-06-06 22:00:00,
RWZI niet gedefinieerd,2017-06-05 22:00:00,
RWZI Kortenberg,2017-06-05 22:00:00,
RWZI Zonhoven,2017-05-31 22:00:00,
RWZI Menen,2017-05-31 22:00:00,
RWZI Menen,2017-05-31 22:00:00,
RWZI Liedekerke,2017-05-30 22:00:00,
RWZI Aarschot,2017-05-29 22:00:00,
RWZI Aarschot,2017-05-29 22:00:00,2017-05-29 22:00:00
RWZI Moorslede,2017-05-29 22:00:00,
RWZI Hove,2017-05-29 22:00:00,
RWZI Wommelgem,2017-05-28 22:00:00,
RWZI Bree,2017-05-28 22:00:00,
RWZI Destelbergen,2017-05-28 22:00:00,
RWZI Merelbeke,2017-05-28 22:00:00,
RWZI Aarschot,2017-05-28 22:00:00,
RWZI Gent,2017-05-21 22:00:00,
RWZI Lommel,2017-05-21 22:00:00,
RWZI Lommel,2017-05-21 22:00:00,
RWZI Lommel,2017-05-21 22:00:00,
"Lommel, PS Maatheide",2017-05-20 22:00:00,
"Lommel, PS Maatheide",2017-05-19 22:00:00,
"Lommel, PS Maatheide",2017-05-18 22:00:00,
RWZI Meer,2017-05-17 22:00:00,
RWZI Beverlo,2017-05-16 22:00:00,
RWZI Tessenderlo,2017-05-16 22:00:00,
RWZI Herentals,2017-05-15 22:00:00,
RWZI Wommelgem,2017-05-14 22:00:00,
RWZI Hove,2017-05-14 22:00:00,
RWZI Gent,2017-05-14 22:00:00,
RWZI Destelbergen,2017-05-14 22:00:00,
RWZI Merksem,2017-05-14 22:00:00,
RWZI Liedekerke,2017-05-14 22:00:00,
RWZI Heule,2017-05-10 22:00:00,
RWZI Merksem,2017-05-10 22:00:00,
RWZI Bree,2017-05-09 22:00:00,
RWZI Deinze,2017-05-09 22:00:00,
RWZI Aarschot,2017-05-08 22:00:00,2017-05-08 22:00:00
RWZI Temse,2017-05-08 22:00:00,
RWZI Tessenderlo,2017-05-07 22:00:00,
RWZI Gent,2017-05-07 22:00:00,
RWZI Koersel,2017-05-07 22:00:00,
RWZI Geetbets,2017-05-07 22:00:00,
RWZI Nieuwerkerken - Wijer,2017-05-07 22:00:00,2017-05-07 22:00:00
RWZI Gooik - Oetingen,2017-05-05 22:00:00,
RWZI Gooik - Oetingen,2017-05-05 22:00:00,
RWZI Meer,2017-05-04 22:00:00,2017-05-04 22:00:00
RWZI niet gedefinieerd,2017-05-04 22:00:00,
RWZI niet gedefinieerd,2017-05-04 22:00:00,
RWZI Meer,2017-05-03 22:00:00,
RWZI Pulderbos,2017-05-03 22:00:00,
RWZI Loenhout,2017-05-03 22:00:00,
RWZI Wommelgem,2017-05-03 22:00:00,
RWZI Liedekerke,2017-05-02 22:00:00,
RWZI Berendrecht,2017-05-02 22:00:00,
RWZI Hamont,2017-05-02 22:00:00,
RWZI Destelbergen,2017-05-01 22:00:00,
RWZI Hove,2017-05-01 22:00:00,
RWZI Dendermonde,2017-05-01 22:00:00,2017-05-01 22:00:00
RWZI Dendermonde,2017-05-01 22:00:00,
RWZI Dendermonde,2017-05-01 22:00:00,
RWZI Gent,2017-05-01 22:00:00,
RWZI Aalter,2017-04-27 22:00:00,
RWZI Aalter,2017-04-27 22:00:00,
RWZI Aalter,2017-04-27 22:00:00,2017-04-27 22:00:00
RWZI niet gedefinieerd,2017-04-27 22:00:00,
RWZI niet gedefinieerd,2017-04-27 22:00:00,
RWZI Ravels,2017-04-26 22:00:00,
RWZI Zonnebeke,2017-04-26 22:00:00,
RWZI Turnhout,2017-04-26 22:00:00,
RWZI Mol,2017-04-25 22:00:00,
RWZI Mol,2017-04-25 22:00:00,
RWZI Brecht,2017-04-25 22:00:00,
RWZI Aalter,2017-04-25 22:00:00,2017-04-25 22:00:00
RWZI Aalter,2017-04-25 22:00:00,
RWZI Aalter,2017-04-25 22:00:00,
RWZI Aalter,2017-04-25 22:00:00,2017-04-25 22:00:00
RWZI Kortenberg,2017-04-24 22:00:00,
RWZI Tessenderlo,2017-04-24 22:00:00,
RWZI Zonhoven,2017-04-24 22:00:00,
RWZI niet gedefinieerd,2017-04-24 22:00:00,
RWZI Destelbergen,2017-04-23 22:00:00,
RWZI Bree,2017-04-23 22:00:00,
RWZI Gent,2017-04-23 22:00:00,
RWZI Aalter,2017-04-20 22:00:00,2017-04-20 22:00:00
RWZI Moorslede,2017-04-19 22:00:00,2017-04-19 22:00:00
"Ardooie, PS Tombrugstraat",2017-04-19 22:00:00,
RWZI Moorslede,2017-04-19 22:00:00,2017-04-19 22:00:00
RWZI Ronse,2017-04-18 22:00:00,
RWZI Liedekerke,2017-04-18 22:00:00,
RWZI Leuven,2017-04-18 22:00:00,
RWZI Destelbergen,2017-04-18 22:00:00,
RWZI Boom,2017-04-18 22:00:00,
RWZI Deurne,2017-04-17 22:00:00,
RWZI Gent,2017-04-17 22:00:00,
RWZI Aartselaar,2017-04-14 22:00:00,2017-04-14 22:00:00
RWZI Bree,2017-04-12 22:00:00,2017-04-12 22:00:00
RWZI niet gedefinieerd,2017-04-11 22:00:00,
RWZI Aalst,2017-04-11 22:00:00,2017-04-11 22:00:00
RWZI Brecht,2017-04-11 22:00:00,
RWZI Aalst,2017-04-11 22:00:00,2017-04-11 22:00:00
RWZI Aalst,2017-04-11 22:00:00,2017-04-11 22:00:00
RWZI Lommel,2017-04-11 22:00:00,2017-04-11 22:00:00
RWZI Lommel,2017-04-11 22:00:00,2017-04-11 22:00:00
RWZI Beverlo,2017-04-10 22:00:00,
RWZI niet gedefinieerd,2017-04-10 22:00:00,
RWZI Merksem,2017-04-10 22:00:00,
RWZI niet gedefinieerd,2017-04-10 22:00:00,
RWZI Gooik - Oetingen,2017-04-09 22:00:00,2017-04-09 22:00:00
RWZI Gent,2017-04-09 22:00:00,
RWZI Gooik - Oetingen,2017-04-09 22:00:00,2017-04-09 22:00:00
RWZI Destelbergen,2017-04-09 22:00:00,
RWZI Kortenberg,2017-04-09 22:00:00,2017-04-09 22:00:00
RWZI Gooik - Oetingen,2017-04-09 22:00:00,2017-04-09 22:00:00
RWZI Gooik - Oetingen,2017-04-08 22:00:00,2017-04-08 22:00:00
RWZI Gooik - Oetingen,2017-04-07 22:00:00,2017-04-07 22:00:00
RWZI Landen - Rumsdorp,2017-04-06 22:00:00,2017-04-06 22:00:00
RWZI Schilde,2017-04-05 22:00:00,
RWZI Kruishoutem,2017-04-05 22:00:00,
RWZI Tienen,2017-04-04 22:00:00,
RWZI Kermt,2017-04-04 22:00:00,
RWZI niet gedefinieerd,2017-04-03 22:00:00,
RWZI Koersel,2017-04-03 22:00:00,
RWZI niet gedefinieerd,2017-04-03 22:00:00,
RWZI Leuven,2017-04-03 22:00:00,2017-04-03 22:00:00
RWZI niet gedefinieerd,2017-04-02 22:00:00,
RWZI Destelbergen,2017-04-02 22:00:00,2017-04-02 22:00:00
RWZI niet gedefinieerd,2017-04-02 22:00:00,
RWZI Zichen,2017-04-02 22:00:00,
RWZI Hove,2017-04-02 22:00:00,
RWZI Gent,2017-04-02 22:00:00,
RWZI niet gedefinieerd,2017-03-30 22:00:00,
RWZI Overpelt,2017-03-29 22:00:00,
RWZI Gooik - Oetingen,2017-03-29 22:00:00,
RWZI Brecht,2017-03-28 22:00:00,
RWZI Overpelt,2017-03-28 22:00:00,
RWZI Deurne,2017-03-27 22:00:00,
RWZI Hulshout,2017-03-26 22:00:00,
RWZI Boom,2017-03-26 22:00:00,
RWZI niet gedefinieerd,2017-03-26 22:00:00,
RWZI Gent,2017-03-26 22:00:00,
RWZI Wolfsdonk,2017-03-26 22:00:00,
RWZI niet gedefinieerd,2017-03-23 23:00:00,
RWZI Zemst - Hofstade,2017-03-22 23:00:00,
RWZI Tienen,2017-03-21 23:00:00,
RWZI Kermt,2017-03-21 23:00:00,
RWZI Heusden,2017-03-21 23:00:00,
RWZI Hamont,2017-03-21 23:00:00,
RWZI Hamont,2017-03-21 23:00:00,
RWZI Edegem,2017-03-19 23:00:00,
RWZI Gent,2017-03-19 23:00:00,
RWZI Mechelen-Noord,2017-03-16 23:00:00,
Riolstreng Mechelen-Noord,2017-03-16 23:00:00,
RWZI Mechelen-Noord,2017-03-16 23:00:00,2017-03-16 23:00:00
RWZI Heldergem,2017-03-15 23:00:00,
RWZI Kieldrecht,2017-03-15 23:00:00,
RWZI Hamont,2017-03-14 23:00:00,
RWZI niet gedefinieerd,2017-03-13 23:00:00,
RWZI niet gedefinieerd,2017-03-12 23:00:00,
RWZI Sint-Pieters-Leeuw,2017-03-12 23:00:00,
RWZI Destelbergen,2017-03-12 23:00:00,
RWZI Zonhoven,2017-03-12 23:00:00,
RWZI Sint-Pieters-Leeuw,2017-03-12 23:00:00,
RWZI niet gedefinieerd,2017-03-07 23:00:00,
RWZI Kermt,2017-03-07 23:00:00,
RWZI Westerlo,2017-03-07 23:00:00,
RWZI Tienen,2017-03-07 23:00:00,
RWZI Brecht,2017-03-07 23:00:00,
"Lommel, PS Maatheide",2017-03-06 23:00:00,
RWZI Gent,2017-03-05 23:00:00,
RWZI Hulshout,2017-03-05 23:00:00,
RWZI Schoten,2017-03-05 23:00:00,
RWZI Boom,2017-03-05 23:00:00,
RWZI Leuven,2017-03-05 23:00:00,
RWZI Wolfsdonk,2017-03-05 23:00:00,
RWZI Edegem,2017-03-05 23:00:00,
RWZI Ieper,2017-03-04 23:00:00,
RWZI Humbeek,2017-03-01 23:00:00,2017-03-01 23:00:00
RWZI Kortenberg,2017-03-01 23:00:00,2017-03-01 23:00:00
RWZI niet gedefinieerd,2017-02-28 23:00:00,
RWZI Morkhoven,2017-02-28 23:00:00,
RWZI niet gedefinieerd,2017-02-28 23:00:00,
RWZI Brecht,2017-02-28 23:00:00,2017-02-28 23:00:00
RWZI Riemst,2017-02-28 23:00:00,
RWZI Lommel,2017-02-27 23:00:00,2017-02-27 23:00:00
RWZI Lommel,2017-02-27 23:00:00,
RWZI Lommel,2017-02-27 23:00:00,
RWZI Lommel,2017-02-26 23:00:00,2017-02-26 23:00:00
RWZI Gent,2017-02-26 23:00:00,
RWZI Schoten,2017-02-26 23:00:00,
RWZI Destelbergen,2017-02-26 23:00:00,2017-02-26 23:00:00
RWZI niet gedefinieerd,2017-02-26 23:00:00,
RWZI Bree,2017-02-26 23:00:00,2017-02-26 23:00:00
RWZI niet gedefinieerd,2017-02-26 23:00:00,
RWZI niet gedefinieerd,2017-02-26 23:00:00,
RWZI Bree,2017-02-26 23:00:00,2017-02-26 23:00:00
RWZI Bree,2017-02-25 23:00:00,2017-02-25 23:00:00
RWZI Wolfsdonk,2017-02-22 23:00:00,
RWZI Wolfsdonk,2017-02-22 23:00:00,
RWZI Geel,2017-02-22 23:00:00,
RWZI Tienen,2017-02-21 23:00:00,
RWZI Mechelen-Noord,2017-02-21 23:00:00,
RWZI Westerlo,2017-02-21 23:00:00,
RWZI Kortemark,2017-02-21 23:00:00,
RWZI Antwerpen-Noord,2017-02-21 23:00:00,
RWZI Antwerpen-Noord,2017-02-21 23:00:00,
RWZI Kermt,2017-02-21 23:00:00,
RWZI Mechelen-Noord,2017-02-21 23:00:00,
RWZI Mechelen-Noord,2017-02-21 23:00:00,
RWZI Asse - Bollebeek,2017-02-21 23:00:00,
RWZI niet gedefinieerd,2017-02-21 23:00:00,
RWZI niet gedefinieerd,2017-02-20 23:00:00,
RWZI Leuven,2017-02-19 23:00:00,
RWZI Schoten,2017-02-19 23:00:00,
RWZI Edegem,2017-02-19 23:00:00,
RWZI Meise - Oppem,2017-02-15 23:00:00,
RWZI Overpelt,2017-02-15 23:00:00,
RWZI Overpelt,2017-02-15 23:00:00,2017-02-15 23:00:00
RWZI Beersel,2017-02-15 23:00:00,
RWZI niet gedefinieerd,2017-02-14 23:00:00,
RWZI Bambrugge,2017-02-14 23:00:00,2017-02-14 23:00:00
RWZI Bambrugge,2017-02-14 23:00:00,2017-02-14 23:00:00
RWZI Kermt,2017-02-14 23:00:00,
RWZI Tienen,2017-02-14 23:00:00,
RWZI Wannegem - Lede,2017-02-14 23:00:00,
RWZI Riemst,2017-02-14 23:00:00,
RWZI Borgloon - Tivoli,2017-02-14 23:00:00,2017-02-14 23:00:00
RWZI Borgloon - Tivoli,2017-02-14 23:00:00,
RWZI Borgloon - Tivoli,2017-02-14 23:00:00,
RWZI Sint-Maria-Aalter,2017-02-14 23:00:00,
RWZI Kruishoutem,2017-02-14 23:00:00,
RWZI Leuven,2017-02-13 23:00:00,2017-02-13 23:00:00
RWZI Borgloon - Tivoli,2017-02-13 23:00:00,
RWZI Boom,2017-02-13 23:00:00,
RWZI Kallo,2017-02-13 23:00:00,
RWZI Destelbergen,2017-02-12 23:00:00,2017-02-12 23:00:00
RWZI Wolfsdonk,2017-02-12 23:00:00,
RWZI Hulshout,2017-02-12 23:00:00,
RWZI Sint-Pieters-Leeuw,2017-02-12 23:00:00,
RWZI Sint-Pieters-Leeuw,2017-02-12 23:00:00,
RWZI Morkhoven,2017-02-12 23:00:00,2017-02-12 23:00:00
RWZI Wommelgem,2017-02-12 23:00:00,
RWZI Edegem,2017-02-08 23:00:00,
RWZI Kortemark,2017-02-08 23:00:00,
RWZI Morkhoven,2017-02-08 11:00:00,
RWZI Morkhoven,2017-02-08 11:00:00,
RWZI Morkhoven,2017-02-08 11:00:00,
RWZI niet gedefinieerd,2017-02-07 23:00:00,
RWZI Westerlo,2017-02-07 23:00:00,
RWZI Brecht,2017-02-07 23:00:00,
RWZI Borgloon - Tivoli,2017-02-06 23:00:00,
RWZI Tessenderlo,2017-02-06 23:00:00,
RWZI Borgloon - Tivoli,2017-02-06 23:00:00,
RWZI Borgloon - Tivoli,2017-02-06 23:00:00,2017-02-06 23:00:00
RWZI Borgloon - Tivoli,2017-02-06 23:00:00,
RWZI Geel,2017-02-05 23:00:00,
RWZI Bonheiden,2017-02-05 23:00:00,
RWZI Borgloon - Tivoli,2017-02-05 23:00:00,2017-02-05 23:00:00
RWZI Vleteren,2017-02-05 23:00:00,
RWZI Morkhoven,2017-02-05 23:00:00,2017-02-05 23:00:00
RWZI Bilzen,2017-02-05 23:00:00,
RWZI Schoten,2017-02-05 23:00:00,2017-02-05 23:00:00
RWZI Vleteren,2017-02-04 23:00:00,
RWZI Riemst,2017-02-02 23:00:00,
RWZI Meer,2017-02-01 23:00:00,2017-02-01 23:00:00
RWZI Beersel,2017-01-31 23:00:00,
RWZI Sint-Pieters-Leeuw,2017-01-31 23:00:00,
RWZI Overpelt,2017-01-31 23:00:00,
RWZI Ninove,2017-01-31 23:00:00,
RWZI Bree,2017-01-31 23:00:00,
RWZI Alken,2017-01-31 23:00:00,
RWZI niet gedefinieerd,2017-01-30 23:00:00,
RWZI Destelbergen,2017-01-30 23:00:00,
RWZI Bree,2017-01-30 23:00:00,
RWZI Genk,2017-01-30 23:00:00,
RWZI Wingene,2017-01-30 23:00:00,
RWZI Landen - Rumsdorp,2017-01-29 23:00:00,
RWZI Bree,2017-01-29 23:00:00,
RWZI Asse - Bollebeek,2017-01-29 23:00:00,
RWZI Sint-Pieters-Leeuw,2017-01-29 23:00:00,
RWZI Bonheiden,2017-01-29 23:00:00,
RWZI Hamme,2017-01-29 23:00:00,2017-01-29 23:00:00
RWZI Landen - Rumsdorp,2017-01-29 23:00:00,
RWZI Landen - Rumsdorp,2017-01-29 23:00:00,
RWZI Landen - Rumsdorp,2017-01-28 23:00:00,
RWZI Hamme,2017-01-28 23:00:00,
RWZI Hamme,2017-01-28 23:00:00,
RWZI Berendrecht,2017-01-25 23:00:00,
RWZI Heusden,2017-01-25 23:00:00,
RWZI Kortemark,2017-01-24 23:00:00,
RWZI Destelbergen,2017-01-24 23:00:00,2017-01-24 23:00:00
RWZI Baliebrugge,2017-01-24 23:00:00,
RWZI Bilzen,2017-01-24 23:00:00,
RWZI Antwerpen-Zuid,2017-01-24 23:00:00,
RWZI Teuven,2017-01-24 23:00:00,2017-01-24 23:00:00
RWZI Westerlo,2017-01-23 23:00:00,
RWZI Bonheiden,2017-01-23 23:00:00,
RWZI Tessenderlo,2017-01-23 23:00:00,
RWZI Beersel,2017-01-23 23:00:00,
RWZI Leuven,2017-01-22 23:00:00,2017-01-22 23:00:00
RWZI Geel,2017-01-22 23:00:00,
RWZI Wolfsdonk,2017-01-22 23:00:00,
RWZI Sint-Pieters-Leeuw,2017-01-22 23:00:00,
RWZI Sint-Pieters-Leeuw,2017-01-22 23:00:00,
RWZI Geel,2017-01-22 23:00:00,2017-01-22 23:00:00
RWZI Landen - Rumsdorp,2017-01-22 23:00:00,2017-01-22 23:00:00
RWZI Hulshout,2017-01-22 23:00:00,
RWZI Wimmertingen,2017-01-22 23:00:00,
RWZI Antwerpen-Noord,2017-01-22 23:00:00,2017-01-22 23:00:00
RWZI Antwerpen-Noord,2017-01-22 23:00:00,2017-01-22 23:00:00
RWZI Landen - Rumsdorp,2017-01-19 23:00:00,2017-01-19 23:00:00
RWZI Landen - Rumsdorp,2017-01-19 23:00:00,2017-01-19 23:00:00
RWZI Lokeren - Doorslaar,2017-01-18 23:00:00,
RWZI Lanaken,2017-01-18 23:00:00,
RWZI Landen - Rumsdorp,2017-01-18 23:00:00,2017-01-18 23:00:00
RWZI Landen - Rumsdorp,2017-01-18 23:00:00,
RWZI Bonheiden,2017-01-17 23:00:00,2017-01-17 23:00:00
RWZI Alken,2017-01-17 23:00:00,2017-01-17 23:00:00
RWZI Landen - Rumsdorp,2017-01-17 23:00:00,2017-01-17 23:00:00
RWZI Landen - Rumsdorp,2017-01-17 23:00:00,2017-01-17 23:00:00
RWZI Bilzen,2017-01-17 23:00:00,2017-01-17 23:00:00
RWZI Bonheiden,2017-01-17 23:00:00,
RWZI Landen - Rumsdorp,2017-01-16 23:00:00,2017-01-16 23:00:00
RWZI Bonheiden,2017-01-15 23:00:00,2017-01-15 23:00:00
RWZI Sint-Pieters-Leeuw,2017-01-15 23:00:00,
RWZI Mechelen-Noord,2017-01-15 23:00:00,
RWZI Destelbergen,2017-01-15 23:00:00,2017-01-15 23:00:00
RWZI Herentals,2017-01-15 23:00:00,
RWZI Landen - Rumsdorp,2017-01-15 23:00:00,2017-01-15 23:00:00
RWZI Deurne,2017-01-15 23:00:00,
RWZI Bonheiden,2017-01-15 23:00:00,2017-01-15 23:00:00
RWZI Sint-Pieters-Leeuw,2017-01-15 23:00:00,
RWZI Landen - Rumsdorp,2017-01-15 23:00:00,2017-01-15 23:00:00
RWZI Galmaarden,2017-01-11 23:00:00,
RWZI Bonheiden,2017-01-10 23:00:00,
RWZI Grobbendonk,2017-01-10 23:00:00,
RWZI Geel,2017-01-10 23:00:00,
RWZI Sint-Pieters-Leeuw,2017-01-10 23:00:00,
RWZI Bonheiden,2017-01-10 23:00:00,2017-01-10 23:00:00
RWZI Neervelp,2017-01-09 23:00:00,
RWZI Kortemark,2017-01-09 23:00:00,2017-01-09 23:00:00
RWZI Beersel,2017-01-08 23:00:00,
RWZI Beersel,2017-01-08 23:00:00,
RWZI Leuven,2017-01-08 23:00:00,
RWZI niet gedefinieerd,2017-01-07 23:00:00,
RWZI niet gedefinieerd,2017-01-07 23:00:00,
RWZI niet gedefinieerd,2017-01-07 23:00:00,
RWZI niet gedefinieerd,2017-01-07 23:00:00,
RWZI Wolfsdonk,2017-01-04 23:00:00,2017-01-04 23:00:00
RWZI Hulshout,2017-01-04 23:00:00,
RWZI Boom,2017-01-04 23:00:00,
RWZI Bornem,2017-01-04 23:00:00,
RWZI Alken,2017-01-03 23:00:00,
RWZI Landen - Rumsdorp,2017-01-03 23:00:00,
RWZI Antwerpen-Noord,2017-01-02 23:00:00,
RWZI Berendrecht,2017-01-02 23:00:00,
RWZI Bilzen,2017-01-02 23:00:00,
RWZI Destelbergen,2017-01-02 23:00:00,
RWZI Herentals,2017-01-01 23:00:00,
RWZI Asse - Bollebeek,2016-12-21 23:00:00,2016-12-21 23:00:00
RWZI Asse - Bollebeek,2016-12-21 23:00:00,2016-12-21 23:00:00
RWZI Asse - Bollebeek,2016-12-21 23:00:00,2016-12-21 23:00:00
RWZI niet gedefinieerd,2016-12-20 23:00:00,
RWZI Brasschaat,2016-12-20 23:00:00,
RWZI niet gedefinieerd,2016-12-20 23:00:00,
RWZI niet gedefinieerd,2016-12-19 23:00:00,
RWZI niet gedefinieerd,2016-12-19 23:00:00,
RWZI Genk,2016-12-18 23:00:00,2016-12-18 23:00:00
RWZI Galmaarden,2016-12-18 23:00:00,
RWZI Zottegem - Plankebeek,2016-12-18 23:00:00,
RWZI niet gedefinieerd,2016-12-13 23:00:00,
RWZI niet gedefinieerd,2016-12-13 23:00:00,
RWZI niet gedefinieerd,2016-12-13 23:00:00,
WZI Colruyt Barry Halle,2016-12-12 23:00:00,
WZI Colruyt Barry Halle,2016-12-12 23:00:00,
RWZI Galmaarden,2016-12-12 23:00:00,
RWZI Antwerpen-Noord,2016-12-11 23:00:00,
RWZI Destelbergen,2016-12-11 23:00:00,2016-12-11 23:00:00
RWZI Brasschaat,2016-12-11 23:00:00,
RWZI Schoten,2016-12-11 23:00:00,2016-12-11 23:00:00
RWZI Schoten,2016-12-11 23:00:00,2016-12-11 23:00:00
RWZI Mechelen-Noord,2016-12-11 23:00:00,
RWZI Zemst - Hofstade,2016-12-11 23:00:00,
RWZI Bonheiden,2016-12-11 23:00:00,
RWZI Boortmeerbeek,2016-12-11 23:00:00,
RWZI Antwerpen-Noord,2016-12-11 23:00:00,
RWZI Herentals,2016-12-11 23:00:00,
RWZI Merksem,2016-12-11 23:00:00,2016-12-11 23:00:00
RWZI Engsbergen,2016-12-11 23:00:00,
RWZI Herentals,2016-12-11 23:00:00,
RWZI Tessenderlo,2016-12-11 23:00:00,2016-12-11 23:00:00
RWZI Beveren - Leie,2016-12-10 23:00:00,
RWZI Beveren - Leie,2016-12-09 23:00:00,2016-12-09 23:00:00
RWZI Beveren - Leie,2016-12-09 23:00:00,2016-12-09 23:00:00
RWZI Beveren - Leie,2016-12-09 23:00:00,2016-12-09 23:00:00
RWZI Zottegem - Plankebeek,2016-12-08 23:00:00,
RWZI niet gedefinieerd,2016-12-08 23:00:00,
RWZI Zottegem - Plankebeek,2016-12-06 23:00:00,
RWZI Brasschaat,2016-12-06 23:00:00,
RWZI niet gedefinieerd,2016-12-05 23:00:00,
RWZI Lommel,2016-12-04 23:00:00,
RWZI Bree,2016-12-04 23:00:00,
RWZI niet gedefinieerd,2016-11-30 23:00:00,
RWZI niet gedefinieerd,2016-11-30 23:00:00,
RWZI Destelbergen,2016-11-29 23:00:00,
RWZI niet gedefinieerd,2016-11-29 23:00:00,
RWZI Deurne,2016-11-29 23:00:00,
RWZI Galmaarden,2016-11-28 23:00:00,2016-11-28 23:00:00
RWZI Alken,2016-11-27 23:00:00,
RWZI Roesbrugge,2016-11-27 23:00:00,2016-11-27 23:00:00
RWZI Bree,2016-11-27 23:00:00,
RWZI Tongeren,2016-11-27 23:00:00,2016-11-27 23:00:00
RWZI Brasschaat,2016-11-23 23:00:00,
RWZI Bree,2016-11-23 23:00:00,
RWZI Deurne,2016-11-22 23:00:00,
RWZI Sint-Maria-Aalter,2016-11-22 23:00:00,
RWZI Bree,2016-11-22 23:00:00,
RWZI Roesbrugge,2016-11-20 23:00:00,
RWZI Diest,2016-11-20 23:00:00,
RWZI Bonheiden,2016-11-16 23:00:00,
RWZI Alken,2016-11-15 23:00:00,
RWZI Deurne,2016-11-15 23:00:00,
RWZI Bilzen,2016-11-15 23:00:00,
RWZI Galmaarden,2016-11-15 23:00:00,2016-11-15 23:00:00
RWZI Koersel,2016-11-15 23:00:00,
RWZI Roesbrugge,2016-11-15 23:00:00,2016-11-15 23:00:00
RWZI Tienen,2016-11-15 23:00:00,
RWZI Grobbendonk,2016-11-14 23:00:00,2016-11-14 23:00:00
RWZI niet gedefinieerd,2016-11-14 23:00:00,
RWZI Turnhout,2016-11-14 23:00:00,
RWZI Turnhout,2016-11-14 23:00:00,
RWZI Meise - Oppem,2016-11-14 23:00:00,2016-11-14 23:00:00
RWZI Vosselaar,2016-11-13 23:00:00,
RWZI Stavele,2016-11-13 23:00:00,2016-11-13 23:00:00
RWZI Zonhoven,2016-11-09 23:00:00,
RWZI niet gedefinieerd,2016-11-09 23:00:00,
RWZI Deurne,2016-11-08 23:00:00,
RWZI Genk,2016-11-07 23:00:00,
RWZI niet gedefinieerd,2016-11-07 23:00:00,
RWZI Destelbergen,2016-11-06 23:00:00,
RWZI Gavere,2016-11-06 23:00:00,
RWZI Zwalm,2016-11-06 23:00:00,
RWZI Tongeren,2016-11-06 23:00:00,
RWZI Turnhout,2016-11-03 23:00:00,
RWZI Menen,2016-11-03 23:00:00,
RWZI Antwerpen-Noord,2016-11-02 23:00:00,
RWZI Deurne,2016-11-01 23:00:00,
RWZI Destelbergen,2016-11-01 23:00:00,
RWZI Antwerpen-Noord,2016-10-26 22:00:00,
RWZI Leuven,2016-10-25 22:00:00,2016-10-25 22:00:00
RWZI Deurne,2016-10-25 22:00:00,
RWZI Mesen,2016-10-24 22:00:00,
RWZI Aartselaar,2016-10-23 22:00:00,2016-10-23 22:00:00
RWZI niet gedefinieerd,2016-10-20 22:00:00,
RWZI niet gedefinieerd,2016-10-18 22:00:00,
RWZI Destelbergen,2016-10-18 22:00:00,2016-10-18 22:00:00
RWZI Deurne,2016-10-18 22:00:00,
RWZI Genk,2016-10-17 22:00:00,
RWZI Schoten,2016-10-16 22:00:00,
RWZI Zandbergen,2016-10-16 22:00:00,
RWZI Tongeren,2016-10-16 22:00:00,
RWZI Landen - Rumsdorp,2016-10-13 22:00:00,
RWZI Landen - Rumsdorp,2016-10-13 22:00:00,
"Kruibeke, RWZI Vossestraat",2016-10-12 22:00:00,2016-10-12 22:00:00
RWZI Zandbergen,2016-10-12 22:00:00,2016-10-12 22:00:00
RWZI Oud-Heverlee,2016-10-12 22:00:00,
RWZI Oud-Heverlee,2016-10-12 22:00:00,
RWZI Oud-Heverlee,2016-10-11 22:00:00,
RWZI Destelbergen,2016-10-11 22:00:00,
RWZI niet gedefinieerd,2016-10-10 22:00:00,
RWZI Bonheiden,2016-10-09 22:00:00,2016-10-09 22:00:00
RWZI niet gedefinieerd,2016-10-06 22:00:00,
RWZI Ronse,2016-10-05 22:00:00,2016-10-05 22:00:00
RWZI Kallo,2016-10-04 22:00:00,
RWZI niet gedefinieerd,2016-10-03 22:00:00,
RWZI Bilzen,2016-10-02 22:00:00,
RWZI Alken,2016-10-02 22:00:00,
RWZI Sint-Joris-Winge,2016-10-02 22:00:00,
RWZI Wulpen,2016-10-02 22:00:00,2016-10-02 22:00:00
RWZI Tongeren,2016-10-02 22:00:00,
RWZI Destelbergen,2016-10-02 22:00:00,
RWZI Dikkelvenne,2016-10-02 22:00:00,2016-10-02 22:00:00
RWZI Dikkelvenne,2016-10-02 22:00:00,2016-10-02 22:00:00
RWZI Dikkelvenne,2016-09-25 22:00:00,
RWZI Diest,2016-09-25 22:00:00,
RWZI Destelbergen,2016-09-25 22:00:00,
RWZI Dikkelvenne,2016-09-25 22:00:00,2016-09-25 22:00:00
WZI Colruyt Barry Halle,2016-09-25 22:00:00,
RWZI Ronse,2016-09-22 22:00:00,2016-09-22 22:00:00
RWZI Ronse,2016-09-22 22:00:00,
RWZI Ronse,2016-09-21 22:00:00,
RWZI Ronse,2016-09-21 22:00:00,
RWZI Merksem,2016-09-20 22:00:00,
RWZI Pittem,2016-09-20 22:00:00,2016-09-20 22:00:00
RWZI niet gedefinieerd,2016-09-19 22:00:00,
RWZI niet gedefinieerd,2016-09-19 22:00:00,
RWZI Dikkelvenne,2016-09-18 22:00:00,2016-09-18 22:00:00
RWZI Dikkelvenne,2016-09-18 22:00:00,2016-09-18 22:00:00
RWZI Nijlen,2016-09-18 22:00:00,
RWZI Destelbergen,2016-09-18 22:00:00,2016-09-18 22:00:00
RWZI niet gedefinieerd,2016-09-14 22:00:00,
RWZI Vleteren,2016-09-13 22:00:00,
RWZI Merksem,2016-09-13 22:00:00,
RWZI Vleteren,2016-09-13 22:00:00,
RWZI Leuven,2016-09-12 22:00:00,2016-09-12 22:00:00
RWZI Leuven,2016-09-11 22:00:00,
RWZI Geraardsbergen,2016-09-11 22:00:00,
RWZI Herentals,2016-09-11 22:00:00,
RWZI Kieldrecht,2016-09-11 22:00:00,
RWZI Dikkelvenne,2016-09-11 22:00:00,2016-09-11 22:00:00
RWZI Dikkelvenne,2016-09-11 22:00:00,2016-09-11 22:00:00
RWZI niet gedefinieerd,2016-09-07 22:00:00,
RWZI niet gedefinieerd,2016-09-07 22:00:00,
RWZI Zemst - Hofstade,2016-09-06 22:00:00,
RWZI Zemst - Hofstade,2016-09-06 22:00:00,
RWZI Gent,2016-09-06 22:00:00,
RWZI Geraardsbergen,2016-09-06 22:00:00,2016-09-06 22:00:00
RWZI Aartselaar,2016-09-05 22:00:00,2016-09-05 22:00:00
RWZI Merksem,2016-09-04 22:00:00,2016-09-04 22:00:00
RWZI Vosselaar,2016-09-04 22:00:00,2016-09-04 22:00:00
RWZI Alken,2016-09-04 22:00:00,2016-09-04 22:00:00
RWZI Bilzen,2016-09-04 22:00:00,
RWZI Deurne,2016-09-04 22:00:00,
RWZI Merksem,2016-09-03 22:00:00,2016-09-03 22:00:00
RWZI Merksem,2016-09-02 22:00:00,2016-09-02 22:00:00
RWZI Dikkelvenne,2016-09-01 22:00:00,2016-09-01 22:00:00
RWZI Dikkelvenne,2016-09-01 22:00:00,2016-09-01 22:00:00
RWZI Liedekerke,2016-09-01 22:00:00,2016-09-01 22:00:00
RWZI niet gedefinieerd,2016-08-31 22:00:00,
RWZI niet gedefinieerd,2016-08-31 22:00:00,
RWZI Meer,2016-08-30 22:00:00,2016-08-30 22:00:00
RWZI Merksem,2016-08-30 22:00:00,2016-08-30 22:00:00
RWZI Lommel,2016-08-29 22:00:00,
RWZI Destelbergen,2016-08-28 22:00:00,
RWZI Merksem,2016-08-26 22:00:00,
RWZI Aalter,2016-08-24 22:00:00,
RWZI Aalter,2016-08-24 22:00:00,
RWZI Deurne,2016-08-23 22:00:00,
RWZI niet gedefinieerd,2016-08-22 22:00:00,
RWZI Houthalen-Centrum,2016-08-21 22:00:00,2016-08-21 22:00:00
RWZI Lanaken,2016-08-21 22:00:00,
RWZI Houthalen-Centrum,2016-08-17 22:00:00,
RWZI Zonhoven,2016-08-16 22:00:00,
RWZI Leuven,2016-08-14 22:00:00,
RWZI Lommel,2016-08-10 22:00:00,
RWZI Lommel,2016-08-10 22:00:00,
RWZI Ninove - Rendestede,2016-08-08 22:00:00,
RWZI Ninove - Rendestede,2016-08-08 22:00:00,2016-08-08 22:00:00
RWZI Ninove - Rendestede,2016-08-08 22:00:00,
RWZI Ninove - Rendestede,2016-08-08 22:00:00,2016-08-08 22:00:00
RWZI niet gedefinieerd,2016-08-08 22:00:00,
RWZI Ninove - Rendestede,2016-08-08 22:00:00,2016-08-08 22:00:00
RWZI Deurne,2016-08-07 22:00:00,
RWZI Destelbergen,2016-08-07 22:00:00,
RWZI Bilzen,2016-08-07 22:00:00,
RWZI Alken,2016-08-07 22:00:00,
RWZI Kermt,2016-08-07 22:00:00,
RWZI Ninove - Rendestede,2016-08-07 22:00:00,2016-08-07 22:00:00
RWZI Ninove - Rendestede,2016-08-07 22:00:00,2016-08-07 22:00:00
RWZI Loenhout,2016-08-07 22:00:00,2016-08-07 22:00:00
RWZI Deurne,2016-08-06 22:00:00,
RWZI Loenhout,2016-08-06 22:00:00,2016-08-06 22:00:00
RWZI Leuven,2016-08-03 22:00:00,
RWZI Leuven,2016-07-31 22:00:00,
RWZI Proven,2016-07-25 22:00:00,2016-07-25 22:00:00
RWZI Leuven,2016-07-25 22:00:00,
RWZI Aalter,2016-07-25 10:00:00,
RWZI Aalter,2016-07-25 10:00:00,2016-07-25 10:00:00
RWZI Aalter,2016-07-25 10:00:00,
RWZI Aalter,2016-07-25 10:00:00,2016-07-25 10:00:00
RWZI Aalter,2016-07-25 10:00:00,2016-07-25 10:00:00
RWZI Kermt,2016-07-24 22:00:00,
RWZI Deurne,2016-07-24 22:00:00,
RWZI Proven,2016-07-19 22:00:00,
RWZI Proven,2016-07-17 22:00:00,
RWZI Destelbergen,2016-07-17 22:00:00,
RWZI Destelbergen,2016-07-17 22:00:00,
RWZI Leuven,2016-07-17 22:00:00,
RWZI Proven,2016-07-17 22:00:00,2016-07-17 22:00:00
RWZI Proven,2016-07-16 22:00:00,2016-07-16 22:00:00
RWZI Beernem,2016-07-11 22:00:00,2016-07-11 22:00:00
RWZI Aalter,2016-07-11 22:00:00,2016-07-11 22:00:00
RWZI Aalter,2016-07-11 22:00:00,
RWZI Aalter,2016-07-11 22:00:00,
RWZI niet gedefinieerd,2016-07-07 22:00:00,
RWZI Vosselaar,2016-07-06 22:00:00,2016-07-06 22:00:00
RWZI niet gedefinieerd,2016-07-06 22:00:00,
RWZI Kermt,2016-07-05 22:00:00,
RWZI Bilzen,2016-07-05 22:00:00,2016-07-05 22:00:00
RWZI Alken,2016-07-05 22:00:00,2016-07-05 22:00:00
RWZI niet gedefinieerd,2016-07-05 22:00:00,
RWZI niet gedefinieerd,2016-07-05 22:00:00,
RWZI niet gedefinieerd,2016-07-05 22:00:00,
RWZI Bilzen,2016-07-05 22:00:00,
RWZI niet gedefinieerd,2016-06-30 22:00:00,
RWZI Dikkelvenne,2016-06-28 22:00:00,2016-06-28 22:00:00
RWZI Dikkelvenne,2016-06-28 22:00:00,
RWZI Leuven,2016-06-27 22:00:00,
RWZI Oostende,2016-06-26 22:00:00,2016-06-26 22:00:00
RWZI Tongeren,2016-06-26 22:00:00,
RWZI Zoutleeuw,2016-06-26 22:00:00,
RWZI Oostende,2016-06-26 22:00:00,2016-06-26 22:00:00
RWZI Landen - Rumsdorp,2016-06-26 22:00:00,
RWZI Oostende,2016-06-26 22:00:00,2016-06-26 22:00:00
RWZI Oostende,2016-06-26 22:00:00,2016-06-26 22:00:00
RWZI Deurne,2016-06-26 22:00:00,2016-06-26 22:00:00
RWZI Landen - Rumsdorp,2016-06-24 22:00:00,
RWZI Leuven,2016-06-23 22:00:00,
RWZI Bilzen,2016-06-21 22:00:00,
RWZI Geel,2016-06-20 22:00:00,
RWZI Geel,2016-06-20 22:00:00,
RWZI niet gedefinieerd,2016-06-20 22:00:00,
RWZI Pulderbos,2016-06-19 22:00:00,
RWZI Destelbergen,2016-06-19 22:00:00,
RWZI Deurne,2016-06-19 22:00:00,
RWZI Pulderbos,2016-06-19 22:00:00,
RWZI Pulderbos,2016-06-19 22:00:00,
RWZI Pulderbos,2016-06-19 22:00:00,
RWZI niet gedefinieerd,2016-06-15 22:00:00,
RWZI niet gedefinieerd,2016-06-15 22:00:00,
RWZI niet gedefinieerd,2016-06-15 22:00:00,
RWZI niet gedefinieerd,2016-06-15 22:00:00,
RWZI niet gedefinieerd,2016-06-15 22:00:00,
RWZI Houthalen-Centrum,2016-06-13 22:00:00,2016-06-13 22:00:00
RWZI niet gedefinieerd,2016-06-13 22:00:00,
RWZI Wulpen,2016-06-12 22:00:00,
RWZI niet gedefinieerd,2016-06-12 22:00:00,
RWZI Beveren,2016-06-12 22:00:00,
RWZI Brugge,2016-06-12 22:00:00,
RWZI Brugge,2016-06-12 22:00:00,
RWZI niet gedefinieerd,2016-06-12 22:00:00,
RWZI Brugge,2016-06-12 22:00:00,
RWZI Brugge,2016-06-12 22:00:00,
RWZI Liedekerke,2016-06-09 22:00:00,2016-06-09 22:00:00
RWZI Dikkelvenne,2016-06-08 22:00:00,2016-06-08 22:00:00
RWZI Gistel - Moere,2016-06-08 22:00:00,
RWZI Gistel - Moere,2016-06-08 22:00:00,
RWZI Kermt,2016-06-07 22:00:00,
RWZI Bilzen,2016-06-07 22:00:00,
RWZI Zonhoven,2016-06-06 22:00:00,
RWZI Dikkelvenne,2016-06-06 22:00:00,2016-06-06 22:00:00
RWZI Schoten,2016-06-05 22:00:00,
RWZI niet gedefinieerd,2016-06-05 22:00:00,
RWZI Brugge,2016-05-31 22:00:00,2016-05-31 22:00:00
RWZI niet gedefinieerd,2016-05-29 22:00:00,
RWZI Brugge,2016-05-29 22:00:00,2016-05-29 22:00:00
RWZI Zonhoven,2016-05-29 22:00:00,
RWZI Zonhoven,2016-05-28 22:00:00,2016-05-28 22:00:00
RWZI Zonhoven,2016-05-26 22:00:00,
RWZI Zonhoven,2016-05-26 22:00:00,
RWZI Mol,2016-05-25 22:00:00,
RWZI Destelbergen,2016-05-25 22:00:00,
RWZI Aalter,2016-05-25 22:00:00,2016-05-25 22:00:00
RWZI Aalter,2016-05-25 22:00:00,2016-05-25 22:00:00
RWZI Aalter,2016-05-25 22:00:00,
RWZI Leuven,2016-05-24 22:00:00,2016-05-24 22:00:00
RWZI Bilzen,2016-05-24 22:00:00,
RWZI Kermt,2016-05-24 22:00:00,
RWZI Leuven,2016-05-24 22:00:00,2016-05-24 22:00:00
Riolstreng Landen - Rumsdorp,2016-05-23 22:00:00,
Riolstreng Landen - Rumsdorp,2016-05-23 22:00:00,
RWZI Leuven,2016-05-22 22:00:00,2016-05-22 22:00:00
RWZI niet gedefinieerd,2016-05-22 22:00:00,
RWZI Destelbergen,2016-05-22 22:00:00,
RWZI Zonhoven,2016-05-22 22:00:00,
RWZI Destelbergen,2016-05-22 22:00:00,
RWZI Brugge,2016-05-22 22:00:00,2016-05-22 22:00:00
RWZI Brugge,2016-05-22 22:00:00,
RWZI Ledegem,2016-05-21 22:00:00,2016-05-21 22:00:00
RWZI Beveren,2016-05-18 22:00:00,
RWZI Geraardsbergen,2016-05-18 22:00:00,
RWZI Destelbergen,2016-05-18 22:00:00,
RWZI Hamont,2016-05-18 22:00:00,
RWZI Ieper,2016-05-18 22:00:00,
RWZI Neeroeteren,2016-05-18 22:00:00,
RWZI Bree,2016-05-18 22:00:00,
RWZI Deurne,2016-05-18 22:00:00,
RWZI Tongeren,2016-05-17 22:00:00,
RWZI Ledegem,2016-05-17 22:00:00,
RWZI Latem,2016-05-17 22:00:00,
RWZI Lanaken,2016-05-17 22:00:00,
RWZI Zonhoven,2016-05-17 22:00:00,
RWZI Deinze,2016-05-16 22:00:00,
RWZI Dikkelvenne,2016-05-16 22:00:00,2016-05-16 22:00:00
RWZI Leuven,2016-05-15 22:00:00,
RWZI Beerse,2016-05-12 22:00:00,
RWZI Beerse,2016-05-12 22:00:00,
RWZI Engsbergen,2016-05-11 22:00:00,2016-05-11 22:00:00
RWZI Ledegem,2016-05-11 22:00:00,2016-05-11 22:00:00
RWZI Mechelen-Noord,2016-05-10 22:00:00,
RWZI Boortmeerbeek,2016-05-10 22:00:00,
RWZI Staden,2016-05-10 22:00:00,
RWZI Destelbergen,2016-05-10 22:00:00,
RWZI Ravels,2016-05-10 22:00:00,
RWZI Ledegem,2016-05-10 22:00:00,2016-05-10 22:00:00
RWZI Ledegem,2016-05-10 22:00:00,2016-05-10 22:00:00
RWZI Kallo,2016-05-10 22:00:00,2016-05-10 22:00:00
RWZI Destelbergen,2016-05-09 22:00:00,2016-05-09 22:00:00
RWZI Ledegem,2016-05-09 22:00:00,
RWZI Melsbroek,2016-05-09 22:00:00,2016-05-09 22:00:00
RWZI Melsbroek,2016-05-09 22:00:00,2016-05-09 22:00:00
RWZI Bilzen,2016-05-09 22:00:00,2016-05-09 22:00:00
RWZI Aalter,2016-05-09 22:00:00,
RWZI Aalter,2016-05-09 22:00:00,2016-05-09 22:00:00
RWZI Aalter,2016-05-09 22:00:00,2016-05-09 22:00:00
RWZI Aalter,2016-05-09 22:00:00,
RWZI Houthalen-Centrum,2016-05-08 22:00:00,
RWZI Leuven,2016-05-08 22:00:00,
RWZI Houthalen-Centrum,2016-05-08 22:00:00,
RWZI Ravels,2016-05-08 22:00:00,
RWZI Houthalen-Centrum,2016-05-08 22:00:00,
RWZI Antwerpen-Zuid,2016-05-08 22:00:00,
RWZI Antwerpen-Zuid,2016-05-08 22:00:00,
RWZI Herentals,2016-05-08 22:00:00,
RWZI Houthalen-Centrum,2016-05-08 22:00:00,2016-05-08 22:00:00
RWZI Antwerpen-Zuid,2016-05-02 22:00:00,
RWZI Leuven,2016-05-01 22:00:00,
RWZI niet gedefinieerd,2016-05-01 22:00:00,
RWZI Aalter,2016-04-27 22:00:00,
RWZI Dikkelvenne,2016-04-26 12:00:00,2016-04-26 12:00:00
RWZI Aalter,2016-04-24 22:00:00,
RWZI Aalter,2016-04-24 22:00:00,2016-04-24 22:00:00
RWZI Pulderbos,2016-04-24 22:00:00,
RWZI Destelbergen,2016-04-24 22:00:00,
RWZI niet gedefinieerd,2016-04-24 22:00:00,
RWZI Destelbergen,2016-04-24 22:00:00,
RWZI niet gedefinieerd,2016-04-20 22:00:00,
RWZI niet gedefinieerd,2016-04-20 22:00:00,
RWZI Houthalen-Centrum,2016-04-20 22:00:00,
RWZI Houthalen-Centrum,2016-04-20 22:00:00,
RWZI Lanaken,2016-04-19 22:00:00,
RWZI Lommel,2016-04-18 22:00:00,
RWZI Dikkelvenne,2016-04-18 22:00:00,2016-04-18 22:00:00
RWZI Tongeren,2016-04-18 22:00:00,
RWZI niet gedefinieerd,2016-04-18 22:00:00,
RWZI Dikkelvenne,2016-04-18 22:00:00,
RWZI niet gedefinieerd,2016-04-18 22:00:00,
RWZI niet gedefinieerd,2016-04-18 22:00:00,
RWZI niet gedefinieerd,2016-04-18 22:00:00,
RWZI niet gedefinieerd,2016-04-17 22:00:00,
RWZI Destelbergen,2016-04-17 22:00:00,2016-04-17 22:00:00
RWZI Herentals,2016-04-17 22:00:00,
RWZI Leuven,2016-04-17 22:00:00,
RWZI Geel,2016-04-13 22:00:00,2016-04-13 22:00:00
RWZI Mechelen-Noord,2016-04-12 22:00:00,
RWZI Lommel,2016-04-12 22:00:00,2016-04-12 22:00:00
RWZI Boortmeerbeek,2016-04-12 22:00:00,
RWZI Lommel,2016-04-12 22:00:00,
RWZI Hamont,2016-04-12 22:00:00,
RWZI Dendermonde,2016-04-12 22:00:00,
RWZI Dendermonde,2016-04-12 22:00:00,
RWZI Hamont,2016-04-12 22:00:00,
RWZI Leuven,2016-04-11 22:00:00,2016-04-11 22:00:00
RWZI Alken,2016-04-11 22:00:00,
RWZI niet gedefinieerd,2016-04-11 22:00:00,
RWZI Ravels,2016-04-10 22:00:00,
RWZI Destelbergen,2016-04-10 22:00:00,
RWZI Leuven,2016-04-10 22:00:00,
RWZI Merksem,2016-04-06 22:00:00,
WZI Colruyt Barry Halle,2016-04-06 22:00:00,
RWZI Lommel,2016-04-06 22:00:00,
RWZI Geel,2016-04-05 22:00:00,
RWZI De Klinge,2016-04-05 22:00:00,
RWZI Ninove,2016-04-04 22:00:00,2016-04-04 22:00:00
RWZI Destelbergen,2016-04-03 22:00:00,
RWZI Neeroeteren,2016-04-03 22:00:00,
RWZI niet gedefinieerd,2016-04-03 22:00:00,
RWZI Neeroeteren,2016-04-02 22:00:00,2016-04-02 22:00:00
WZI Total Hoegaarden,2016-03-30 22:00:00,
WZI Total Hoegaarden,2016-03-30 22:00:00,
RWZI Mechelen-Noord,2016-03-30 22:00:00,
RWZI Boortmeerbeek,2016-03-30 22:00:00,
RWZI Mol,2016-03-30 22:00:00,
RWZI Lommel,2016-03-29 22:00:00,
RWZI Lommel,2016-03-29 22:00:00,
RWZI Herentals,2016-03-28 22:00:00,
RWZI niet gedefinieerd,2016-03-28 22:00:00,
RWZI Bree,2016-03-28 22:00:00,
RWZI Neeroeteren,2016-03-28 22:00:00,
RWZI Destelbergen,2016-03-27 22:00:00,
RWZI Neeroeteren,2016-03-27 22:00:00,2016-03-27 22:00:00
RWZI Bree,2016-03-27 22:00:00,
RWZI Neeroeteren,2016-03-25 23:00:00,
RWZI Neeroeteren,2016-03-25 23:00:00,
RWZI Bree,2016-03-24 23:00:00,
RWZI Bree,2016-03-24 23:00:00,
RWZI Lommel,2016-03-23 23:00:00,2016-03-23 23:00:00
RWZI Landen - Eliksem,2016-03-22 23:00:00,
RWZI Landen - Eliksem,2016-03-22 23:00:00,
RWZI Berendrecht,2016-03-21 23:00:00,
RWZI Berendrecht,2016-03-21 23:00:00,
RWZI niet gedefinieerd,2016-03-21 23:00:00,
RWZI niet gedefinieerd,2016-03-20 23:00:00,
RWZI Destelbergen,2016-03-20 23:00:00,2016-03-20 23:00:00
RWZI Destelbergen,2016-03-20 23:00:00,2016-03-20 23:00:00
RWZI Herentals,2016-03-16 23:00:00,
RWZI Berendrecht,2016-03-16 23:00:00,
RWZI Mechelen-Noord,2016-03-15 23:00:00,
RWZI Boortmeerbeek,2016-03-15 23:00:00,2016-03-15 23:00:00
RWZI Schilde,2016-03-15 23:00:00,2016-03-15 23:00:00
RWZI niet gedefinieerd,2016-03-14 23:00:00,
RWZI niet gedefinieerd,2016-03-13 23:00:00,
RWZI Beerse,2016-03-13 23:00:00,
WZI Colruyt Barry Halle,2016-03-13 23:00:00,
WZI Colruyt Barry Halle,2016-03-13 23:00:00,
RWZI niet gedefinieerd,2016-03-13 23:00:00,
RWZI Destelbergen,2016-03-13 23:00:00,2016-03-13 23:00:00
RWZI Herentals,2016-03-09 23:00:00,
RWZI Pulderbos,2016-03-09 23:00:00,
RWZI Nijlen,2016-03-09 23:00:00,
Riolstreng Grimbergen,2016-03-08 23:00:00,2016-03-08 23:00:00
RWZI Berendrecht,2016-03-06 23:00:00,2016-03-06 23:00:00
RWZI Destelbergen,2016-03-06 23:00:00,
WZI Colruyt Barry Halle,2016-03-06 23:00:00,
RWZI Ingelmunster,2016-03-06 23:00:00,
RWZI Halen,2016-03-06 23:00:00,
RWZI Berendrecht,2016-03-06 23:00:00,2016-03-06 23:00:00
RWZI Berendrecht,2016-03-06 23:00:00,2016-03-06 23:00:00
RWZI niet gedefinieerd,2016-03-06 23:00:00,
RWZI Berendrecht,2016-03-03 23:00:00,2016-03-03 23:00:00
RWZI Beerse,2016-03-02 23:00:00,
RWZI Lommel,2016-03-02 23:00:00,
RWZI Beerse,2016-03-02 23:00:00,
RWZI Gooik - Oetingen,2016-03-01 23:00:00,
RWZI Bornem,2016-03-01 23:00:00,
RWZI Aalter,2016-02-29 23:00:00,
RWZI Berendrecht,2016-02-29 23:00:00,
RWZI Tessenderlo,2016-02-29 23:00:00,
RWZI Zelzate,2016-02-28 23:00:00,
RWZI Zelzate,2016-02-28 23:00:00,
RWZI Zonhoven,2016-02-28 23:00:00,
RWZI Edegem,2016-02-28 23:00:00,
RWZI De Klinge,2016-02-28 23:00:00,
RWZI Koersel,2016-02-28 23:00:00,
RWZI Zelzate,2016-02-28 23:00:00,
RWZI niet gedefinieerd,2016-02-28 23:00:00,
RWZI Zelzate,2016-02-28 23:00:00,
RWZI Lommel,2016-02-28 23:00:00,
RWZI Destelbergen,2016-02-28 23:00:00,
RWZI Brasschaat,2016-02-28 23:00:00,
RWZI Houthalen-Oost,2016-02-28 23:00:00,
RWZI Beerse,2016-02-22 23:00:00,
RWZI Riksingen,2016-02-21 23:00:00,
WZI Colruyt Barry Halle,2016-02-21 23:00:00,
RWZI Leuven,2016-02-21 23:00:00,
WZI Colruyt Barry Halle,2016-02-21 23:00:00,
RWZI Brasschaat,2016-02-15 23:00:00,
RWZI Leuven,2016-02-14 23:00:00,2016-02-14 23:00:00
RWZI Tessenderlo,2016-02-14 23:00:00,
RWZI Edegem,2016-02-14 23:00:00,
RWZI niet gedefinieerd,2016-02-10 23:00:00,
RWZI niet gedefinieerd,2016-02-10 23:00:00,
RWZI Zelzate,2016-02-10 23:00:00,
RWZI Zelzate,2016-02-09 23:00:00,
RWZI Landen - Rumsdorp,2016-02-07 23:00:00,
RWZI Leuven,2016-02-07 23:00:00,
RWZI Aalter,2016-02-07 23:00:00,2016-02-07 23:00:00
RWZI Berendrecht,2016-02-07 23:00:00,
RWZI Brecht,2016-02-07 23:00:00,
RWZI Elsegem,2016-02-06 23:00:00,
RWZI Aalter,2016-02-06 23:00:00,2016-02-06 23:00:00
RWZI Kluisbergen,2016-02-04 23:00:00,
RWZI Ravels,2016-02-04 23:00:00,
RWZI Brecht,2016-02-03 23:00:00,
RWZI Edegem,2016-02-01 23:00:00,
RWZI Brasschaat,2016-02-01 23:00:00,
RWZI Tessenderlo,2016-01-31 23:00:00,
RWZI Rollegem,2016-01-31 23:00:00,
RWZI Leuven,2016-01-31 23:00:00,
RWZI Schoten,2016-01-31 23:00:00,2016-01-31 23:00:00
RWZI Deurne,2016-01-26 23:00:00,
RWZI Leuven,2016-01-24 23:00:00,2016-01-24 23:00:00
RWZI Deurne,2016-01-24 23:00:00,
RWZI Landen - Rumsdorp,2016-01-24 23:00:00,
RWZI niet gedefinieerd,2016-01-24 23:00:00,
RWZI Wulpen,2016-01-21 23:00:00,
RWZI Destelbergen,2016-01-20 23:00:00,2016-01-20 23:00:00
RWZI Destelbergen,2016-01-20 23:00:00,2016-01-20 23:00:00
RWZI Destelbergen,2016-01-19 23:00:00,
RWZI Dendermonde,2016-01-19 23:00:00,
RWZI Hove,2016-01-19 23:00:00,
RWZI Zonhoven,2016-01-19 23:00:00,
RWZI Edegem,2016-01-18 23:00:00,
RWZI Zoutleeuw,2016-01-17 23:00:00,
RWZI Zoutleeuw,2016-01-17 23:00:00,
RWZI Brasschaat,2016-01-17 23:00:00,
RWZI Leuven,2016-01-17 23:00:00,2016-01-17 23:00:00
RWZI Galmaarden,2016-01-17 23:00:00,2016-01-17 23:00:00
RWZI Herentals,2016-01-17 23:00:00,
RWZI Tessenderlo,2016-01-17 23:00:00,
RWZI Landen - Rumsdorp,2016-01-17 23:00:00,
RWZI Vissenaken,2016-01-16 23:00:00,2016-01-16 23:00:00
RWZI Vissenaken,2016-01-16 23:00:00,
RWZI Vissenaken,2016-01-15 23:00:00,
RWZI Vissenaken,2016-01-15 23:00:00,
RWZI Zoutleeuw,2016-01-14 23:00:00,
RWZI Leuven,2016-01-14 23:00:00,2016-01-14 23:00:00
RWZI Leuven,2016-01-14 23:00:00,2016-01-14 23:00:00
RWZI Leuven,2016-01-14 23:00:00,2016-01-14 23:00:00
RWZI Steenokkerzeel-Zuid,2016-01-14 23:00:00,
RWZI Meer,2016-01-13 23:00:00,2016-01-13 23:00:00
RWZI niet gedefinieerd,2016-01-10 23:00:00,
RWZI Edegem,2016-01-10 23:00:00,
RWZI Leuven,2016-01-10 23:00:00,
WZI Total Nazareth richting Kortrijk,2016-01-10 23:00:00,
WZI Total Nazareth richting Kortrijk,2016-01-10 23:00:00,
RWZI Tessenderlo,2016-01-06 23:00:00,
RWZI Koersel,2016-01-06 23:00:00,
RWZI Zonhoven,2016-01-06 23:00:00,
RWZI Geel,2016-01-05 23:00:00,
RWZI Geel,2016-01-05 23:00:00,
RWZI Edegem,2016-01-04 23:00:00,
RWZI Aartselaar,2016-01-04 23:00:00,
RWZI Kallo,2016-01-04 23:00:00,
RWZI Westerlo,2016-01-04 23:00:00,
RWZI Brasschaat,2016-01-04 23:00:00,
RWZI Herentals,2016-01-04 23:00:00,
RWZI Landen - Rumsdorp,2016-01-03 23:00:00,
RWZI Kallo,2016-01-02 23:00:00,
RWZI Edegem,2015-12-21 23:00:00,
RWZI Hulshout,2015-12-21 23:00:00,
RWZI Aartselaar,2015-12-21 23:00:00,
RWZI Temse,2015-12-20 23:00:00,
RWZI Grobbendonk,2015-12-20 23:00:00,
RWZI niet gedefinieerd,2015-12-17 23:00:00,
RWZI Tessenderlo,2015-12-16 23:00:00,
"Reninge, PS Lostraat",2015-12-15 23:00:00,
"Reninge, PS Lostraat",2015-12-09 23:00:00,
RWZI Zandbergen,2015-12-08 23:00:00,
RWZI Aartselaar,2015-12-07 23:00:00,
RWZI Blaasveld,2015-12-07 23:00:00,
RWZI Zandbergen,2015-12-07 23:00:00,
RWZI Edegem,2015-12-07 23:00:00,
RWZI Dikkelvenne,2015-12-07 23:00:00,2015-12-07 23:00:00
RWZI Ingelmunster,2015-12-07 23:00:00,
RWZI Dikkelvenne,2015-12-07 23:00:00,2015-12-07 23:00:00
RWZI Ingelmunster,2015-12-07 23:00:00,2015-12-07 23:00:00
RWZI Bree,2015-12-06 23:00:00,
RWZI Leuven,2015-12-06 23:00:00,
RWZI Parike,2015-12-06 23:00:00,
RWZI Grobbendonk,2015-12-06 23:00:00,
RWZI Hove,2015-12-01 23:00:00,
RWZI Voeren - Veurs,2015-12-01 23:00:00,
RWZI Oud-Heverlee,2015-12-01 23:00:00,2015-12-01 23:00:00
RWZI Ertvelde,2015-11-30 23:00:00,2015-11-30 23:00:00
RWZI Leuven,2015-11-30 23:00:00,2015-11-30 23:00:00
RWZI niet gedefinieerd,2015-11-29 23:00:00,
RWZI Ertvelde,2015-11-29 23:00:00,2015-11-29 23:00:00
RWZI Edegem,2015-11-23 23:00:00,
RWZI Aartselaar,2015-11-23 23:00:00,
WZI Colruyt Barry Halle,2015-11-23 23:00:00,
RWZI Zemst - Hofstade,2015-11-22 23:00:00,
RWZI Zemst - Hofstade,2015-11-22 23:00:00,
RWZI Rollegem,2015-11-22 23:00:00,
RWZI Zemst - Hofstade,2015-11-22 23:00:00,
RWZI Meer,2015-11-22 23:00:00,
RWZI Morkhoven,2015-11-15 23:00:00,
RWZI Ruisbroek,2015-11-15 23:00:00,
RWZI Nijlen,2015-11-15 23:00:00,
RWZI niet gedefinieerd,2015-11-15 23:00:00,
RWZI Pulderbos,2015-11-15 23:00:00,
RWZI Gooik - Oetingen,2015-11-15 23:00:00,
RWZI Zolder,2015-11-11 23:00:00,
RWZI Mol - Postel,2015-11-09 23:00:00,2015-11-09 23:00:00
RWZI Liedekerke,2015-11-09 23:00:00,
RWZI Bree,2015-11-09 23:00:00,2015-11-09 23:00:00
RWZI niet gedefinieerd,2015-11-09 23:00:00,
RWZI niet gedefinieerd,2015-11-09 23:00:00,
RWZI Destelbergen,2015-11-08 23:00:00,
RWZI Blaasveld,2015-11-08 23:00:00,
RWZI Aartselaar,2015-11-08 23:00:00,
RWZI Tessenderlo,2015-11-08 23:00:00,
RWZI Edegem,2015-11-08 23:00:00,
RWZI Lanaken,2015-11-04 23:00:00,
RWZI Rollegem,2015-11-04 23:00:00,
RWZI Steenokkerzeel-Noord,2015-11-04 23:00:00,
RWZI Kinrooi-Molenbeersel,2015-11-04 23:00:00,2015-11-04 23:00:00
RWZI Bree,2015-11-03 23:00:00,
RWZI Sint-Pieters-Leeuw,2015-11-01 23:00:00,
RWZI niet gedefinieerd,2015-11-01 23:00:00,
RWZI Zonhoven,2015-11-01 23:00:00,
RWZI Meer,2015-11-01 23:00:00,
RWZI Hove,2015-11-01 23:00:00,
RWZI Sint-Pieters-Leeuw,2015-11-01 23:00:00,
RWZI Sint-Pieters-Leeuw,2015-11-01 23:00:00,
RWZI Schoten,2015-11-01 23:00:00,
RWZI Lanaken,2015-10-28 23:00:00,
RWZI Deurne,2015-10-28 23:00:00,
RWZI Deurne,2015-10-28 23:00:00,
RWZI Zemst - Hofstade,2015-10-28 23:00:00,
RWZI Ingelmunster,2015-10-25 23:00:00,
RWZI Rollegem,2015-10-20 22:00:00,2015-10-20 22:00:00
RWZI Meer,2015-10-19 22:00:00,2015-10-19 22:00:00
RWZI Pulderbos,2015-10-19 22:00:00,
RWZI niet gedefinieerd,2015-10-18 22:00:00,
RWZI Houthalen-Centrum,2015-10-18 22:00:00,
RWZI Zemst - Hofstade,2015-10-13 22:00:00,2015-10-13 22:00:00
RWZI Jabbeke,2015-10-13 22:00:00,
"Jabbeke, PS Weststraat",2015-10-13 22:00:00,2015-10-13 22:00:00
RWZI Zemst - Hofstade,2015-10-13 22:00:00,2015-10-13 22:00:00
RWZI niet gedefinieerd,2015-10-12 22:00:00,
RWZI niet gedefinieerd,2015-10-12 22:00:00,
RWZI niet gedefinieerd,2015-10-12 22:00:00,
RWZI Meer,2015-10-12 22:00:00,2015-10-12 22:00:00
RWZI Liedekerke,2015-10-11 22:00:00,
RWZI Beveren - Leie,2015-10-11 22:00:00,
RWZI Destelbergen,2015-10-11 22:00:00,
RWZI Beveren - Leie,2015-10-08 22:00:00,
RWZI niet gedefinieerd,2015-10-07 22:00:00,
RWZI Zolder,2015-10-06 22:00:00,
RWZI Koersel,2015-10-06 22:00:00,
RWZI Zelzate,2015-10-06 22:00:00,2015-10-06 22:00:00
RWZI Poperinge,2015-10-05 22:00:00,2015-10-05 22:00:00
RWZI Neervelp,2015-10-05 22:00:00,2015-10-05 22:00:00
RWZI Liedekerke,2015-10-05 22:00:00,2015-10-05 22:00:00
RWZI niet gedefinieerd,2015-10-04 22:00:00,
RWZI Pulderbos,2015-10-04 22:00:00,
RWZI Grobbendonk,2015-10-04 22:00:00,
RWZI Alken,2015-10-02 22:00:00,2015-10-02 22:00:00
RWZI niet gedefinieerd,2015-09-30 22:00:00,
Slibdroger Deurne,2015-09-29 22:00:00,
Slibdroger Deurne,2015-09-29 22:00:00,
RWZI niet gedefinieerd,2015-09-28 22:00:00,
RWZI Herentals,2015-09-27 22:00:00,
RWZI Halen,2015-09-27 22:00:00,2015-09-27 22:00:00
RWZI Beveren,2015-09-23 22:00:00,
RWZI Bree,2015-09-22 22:00:00,
RWZI Bree,2015-09-22 22:00:00,2015-09-22 22:00:00
RWZI niet gedefinieerd,2015-09-22 22:00:00,
RWZI Rollegem,2015-09-21 22:00:00,2015-09-21 22:00:00
RWZI Merchtem,2015-09-21 22:00:00,
RWZI Bree,2015-09-21 22:00:00,2015-09-21 22:00:00
RWZI niet gedefinieerd,2015-09-20 22:00:00,
RWZI Aalst,2015-09-17 22:00:00,
RWZI Rollegem,2015-09-15 22:00:00,
RWZI Heusden,2015-09-15 22:00:00,
RWZI niet gedefinieerd,2015-09-14 22:00:00,
RWZI Jabbeke,2015-09-13 22:00:00,2015-09-13 22:00:00
RWZI Destelbergen,2015-09-13 22:00:00,
RWZI Sint-Lievens-Houtem - Bavegem,2015-09-13 22:00:00,
RWZI Zolder,2015-09-09 22:00:00,
RWZI Lokeren,2015-09-08 22:00:00,
RWZI Herentals,2015-09-06 22:00:00,
RWZI niet gedefinieerd,2015-09-06 22:00:00,
RWZI Jabbeke,2015-09-06 22:00:00,
RWZI Jabbeke,2015-09-06 22:00:00,
RWZI Herentals,2015-09-06 22:00:00,
RWZI niet gedefinieerd,2015-09-02 22:00:00,
RWZI niet gedefinieerd,2015-09-02 22:00:00,
RWZI niet gedefinieerd,2015-09-02 22:00:00,
RWZI niet gedefinieerd,2015-09-02 22:00:00,
RWZI Houthalen-Centrum,2015-09-01 22:00:00,
RWZI Houthalen-Centrum,2015-09-01 22:00:00,
RWZI Ninove,2015-08-27 22:00:00,2015-08-27 22:00:00
RWZI Pulderbos,2015-08-24 22:00:00,
RWZI Rollegem,2015-08-24 22:00:00,
RWZI Bree,2015-08-19 22:00:00,
RWZI Houthalen-Centrum,2015-08-17 22:00:00,
RWZI Houthalen-Centrum,2015-08-17 22:00:00,
RWZI Harelbeke,2015-08-11 22:00:00,
RWZI Sint-Truiden,2015-08-11 22:00:00,
RWZI Sint-Truiden,2015-08-11 22:00:00,
RWZI Rollegem,2015-08-11 22:00:00,2015-08-11 22:00:00
RWZI Beveren - Leie,2015-08-10 22:00:00,
RWZI niet gedefinieerd,2015-08-10 22:00:00,
RWZI Pulderbos,2015-08-09 22:00:00,
RWZI niet gedefinieerd,2015-08-09 22:00:00,
RWZI Deurne,2015-08-09 22:00:00,2015-08-09 22:00:00
RWZI Deurne,2015-08-09 22:00:00,2015-08-09 22:00:00
RWZI Houthalen-Centrum,2015-08-09 22:00:00,
RWZI Houthalen-Centrum,2015-08-09 22:00:00,
RWZI Leuven,2015-08-06 12:00:00,2015-08-06 12:00:00
RWZI Grimbergen,2015-08-05 22:00:00,2015-08-05 22:00:00
RWZI Alken,2015-08-03 22:00:00,
RWZI Alken,2015-08-03 22:00:00,
RWZI niet gedefinieerd,2015-07-26 22:00:00,
RWZI Houthalen-Centrum,2015-07-26 22:00:00,
RWZI Houthalen-Centrum,2015-07-26 22:00:00,
RWZI Sint-Lievens-Houtem - Bavegem,2015-07-19 22:00:00,
RWZI Melsbroek,2015-07-16 22:00:00,
RWZI Meer,2015-07-15 22:00:00,2015-07-15 22:00:00
RWZI Pulderbos,2015-07-15 22:00:00,
RWZI niet gedefinieerd,2015-07-15 22:00:00,
RWZI Mol,2015-07-15 22:00:00,
RWZI Mol,2015-07-14 22:00:00,
RWZI Mol,2015-07-14 22:00:00,
RWZI niet gedefinieerd,2015-07-14 22:00:00,
RWZI Dessel,2015-07-14 22:00:00,
RWZI Neeroeteren,2015-07-11 22:00:00,
RWZI niet gedefinieerd,2015-07-09 22:00:00,
RWZI Beersel,2015-07-08 22:00:00,
RWZI Heldergem,2015-07-08 22:00:00,
RWZI Voeren - Veurs,2015-07-07 22:00:00,
RWZI Ninove,2015-07-07 22:00:00,
RWZI Edegem,2015-07-07 22:00:00,
RWZI Aartselaar,2015-07-06 22:00:00,2015-07-06 22:00:00
RWZI Aartselaar,2015-07-05 22:00:00,2015-07-05 22:00:00
RWZI Brakel,2015-07-05 22:00:00,
RWZI Voeren - Veurs,2015-07-04 22:00:00,2015-07-04 22:00:00
RWZI Voeren - Veurs,2015-07-04 22:00:00,2015-07-04 22:00:00
RWZI Aartselaar,2015-07-04 22:00:00,2015-07-04 22:00:00
RWZI Voeren - Veurs,2015-07-03 22:00:00,2015-07-03 22:00:00
RWZI Aartselaar,2015-07-03 22:00:00,2015-07-03 22:00:00
RWZI Loenhout,2015-07-01 22:00:00,
RWZI Zolder,2015-07-01 22:00:00,
RWZI Sint-Lievens-Houtem - Bavegem,2015-06-30 22:00:00,
RWZI Sint-Lievens-Houtem - Bavegem,2015-06-30 22:00:00,
RWZI Overschelde,2015-06-30 22:00:00,
RWZI Dilsen,2015-06-29 22:00:00,
RWZI niet gedefinieerd,2015-06-28 22:00:00,
RWZI Hulshout,2015-06-28 22:00:00,
RWZI Staden,2015-06-28 22:00:00,
RWZI Dessel,2015-06-28 22:00:00,
RWZI Berendrecht,2015-06-25 22:00:00,2015-06-25 22:00:00
RWZI niet gedefinieerd,2015-06-22 22:00:00,
RWZI Sint-Truiden,2015-06-21 22:00:00,
RWZI Tessenderlo,2015-06-21 22:00:00,
RWZI niet gedefinieerd,2015-06-21 22:00:00,
RWZI Voeren - Veurs,2015-06-20 22:00:00,2015-06-20 22:00:00
RWZI Voeren - Veurs,2015-06-20 22:00:00,2015-06-20 22:00:00
RWZI Beerse,2015-06-18 22:00:00,
RWZI Zelzate,2015-06-17 22:00:00,
RWZI Zelzate,2015-06-17 22:00:00,
RWZI Zelzate,2015-06-17 22:00:00,2015-06-17 22:00:00
RWZI Hulshout,2015-06-14 22:00:00,
RWZI niet gedefinieerd,2015-06-14 22:00:00,
RWZI Deurne,2015-06-14 22:00:00,
RWZI Sint-Truiden,2015-06-14 22:00:00,
RWZI Berendrecht,2015-06-12 22:00:00,2015-06-12 22:00:00
RWZI Voeren - Veurs,2015-06-12 22:00:00,
RWZI Loenhout,2015-06-10 22:00:00,2015-06-10 22:00:00
RWZI niet gedefinieerd,2015-06-10 22:00:00,
RWZI Loenhout,2015-06-09 22:00:00,
RWZI Beerse,2015-06-09 22:00:00,
RWZI Loenhout,2015-06-08 22:00:00,
RWZI niet gedefinieerd,2015-06-07 22:00:00,
RWZI Ingelmunster,2015-06-07 22:00:00,
RWZI Beerse,2015-06-05 22:00:00,2015-06-05 22:00:00
RWZI Schilde,2015-06-03 22:00:00,2015-06-03 22:00:00
RWZI Houthalen-Centrum,2015-06-02 22:00:00,
RWZI Houthalen-Centrum,2015-06-02 22:00:00,
RWZI Ingelmunster,2015-05-31 22:00:00,
RWZI niet gedefinieerd,2015-05-31 22:00:00,
RWZI Hulshout,2015-05-31 22:00:00,
"Sint-Pieters, PS Vaartstraat",2015-05-28 22:00:00,
RWZI Bilzen,2015-05-26 22:00:00,
RWZI Bree,2015-05-25 22:00:00,
RWZI niet gedefinieerd,2015-05-25 22:00:00,
RWZI niet gedefinieerd,2015-05-24 22:00:00,
RWZI Beerse,2015-05-19 22:00:00,
RWZI Lede,2015-05-19 22:00:00,
RWZI Dessel,2015-05-18 22:00:00,
RWZI Boortmalt (Aqua+),2015-05-18 22:00:00,
RWZI Boortmalt (Aqua+),2015-05-18 22:00:00,
RWZI Leuven,2015-05-17 22:00:00,
RWZI Deurne,2015-05-17 22:00:00,
RWZI niet gedefinieerd,2015-05-17 22:00:00,
RWZI Sint-Pieters-Leeuw,2015-05-17 22:00:00,
RWZI Hulshout,2015-05-17 22:00:00,
RWZI Zolder,2015-05-17 22:00:00,
RWZI Sint-Pieters-Leeuw,2015-05-17 22:00:00,
RWZI niet gedefinieerd,2015-05-11 22:00:00,
RWZI niet gedefinieerd,2015-05-10 22:00:00,
RWZI Boortmalt (Aqua+),2015-05-10 22:00:00,
RWZI Boortmalt (Aqua+),2015-05-10 22:00:00,
RWZI Aartselaar,2015-05-06 22:00:00,
RWZI Merelbeke,2015-05-05 22:00:00,
RWZI Hulshout,2015-05-05 22:00:00,
"Geel, beheer IBA's",2015-05-04 22:00:00,
RWZI Gent,2015-05-04 22:00:00,2015-05-04 22:00:00
RWZI Gooik - Oetingen,2015-05-03 22:00:00,
RWZI Boortmalt (Aqua+),2015-05-03 22:00:00,
RWZI Boortmalt (Aqua+),2015-04-28 22:00:00,
RWZI Boortmalt (Aqua+),2015-04-28 22:00:00,
RWZI Rollegem,2015-04-28 22:00:00,
RWZI Rollegem,2015-04-28 22:00:00,
RWZI Lede,2015-04-27 22:00:00,
RWZI Ingelmunster,2015-04-27 22:00:00,2015-04-27 22:00:00
RWZI Schoten,2015-04-27 22:00:00,
RWZI Lommel,2015-04-26 22:00:00,
RWZI Lommel,2015-04-26 22:00:00,
RWZI Zwalm,2015-04-26 22:00:00,
RWZI Tessenderlo,2015-04-26 22:00:00,
RWZI Beernem,2015-04-23 22:00:00,
RWZI Ingelmunster,2015-04-22 22:00:00,
RWZI Ingelmunster,2015-04-22 22:00:00,
RWZI Boorsem,2015-04-20 22:00:00,
RWZI Boorsem,2015-04-20 22:00:00,
RWZI Temse,2015-04-20 22:00:00,
RWZI Houthalen-Centrum,2015-04-19 22:00:00,
RWZI Houthalen-Centrum,2015-04-19 22:00:00,
RWZI Aartselaar,2015-04-19 22:00:00,
RWZI Deurne,2015-04-19 22:00:00,
RWZI niet gedefinieerd,2015-04-19 22:00:00,
RWZI Beernem,2015-04-16 22:00:00,
RWZI niet gedefinieerd,2015-04-14 22:00:00,
RWZI Zwalm - Rozebeke,2015-04-14 22:00:00,
RWZI Kinrooi-Molenbeersel,2015-04-13 22:00:00,
RWZI Kinrooi-Molenbeersel,2015-04-13 22:00:00,
RWZI niet gedefinieerd,2015-04-13 22:00:00,
RWZI Kinrooi - Kessenich,2015-04-13 22:00:00,
RWZI Kinrooi - Kessenich,2015-04-13 22:00:00,
RWZI Steenokkerzeel-Noord,2015-04-12 22:00:00,
RWZI Steenokkerzeel-Noord,2015-04-12 22:00:00,
RWZI Zottegem - Sint-Maria-Oudenhove,2015-04-12 22:00:00,
RWZI Boortmalt (Aqua+),2015-04-12 22:00:00,
RWZI Sint-Truiden,2015-04-08 22:00:00,
RWZI Sint-Truiden,2015-04-08 22:00:00,
RWZI Hasselt,2015-04-06 22:00:00,
RWZI Herentals,2015-04-06 22:00:00,
RWZI Staden,2015-04-06 22:00:00,
RWZI Heusden,2015-04-06 22:00:00,
RWZI Koersel,2015-04-06 22:00:00,
RWZI Houthalen-Centrum,2015-04-06 22:00:00,
RWZI Zolder,2015-04-06 22:00:00,
RWZI Staden,2015-04-05 22:00:00,
RWZI Staden,2015-04-05 22:00:00,
RWZI Staden,2015-04-04 22:00:00,
RWZI Liedekerke,2015-03-30 22:00:00,
RWZI Ninove,2015-03-30 22:00:00,
RWZI Galmaarden,2015-03-30 22:00:00,
RWZI Tessenderlo,2015-03-30 22:00:00,
RWZI Brasschaat,2015-03-30 22:00:00,
RWZI Schoten,2015-03-29 22:00:00,
RWZI Leuven,2015-03-29 22:00:00,
RWZI Mol,2015-03-29 22:00:00,
RWZI niet gedefinieerd,2015-03-25 23:00:00,
RWZI Sint-Niklaas,2015-03-24 23:00:00,2015-03-24 23:00:00
RWZI Mol,2015-03-24 23:00:00,
RWZI Gistel - Moere,2015-03-24 23:00:00,2015-03-24 23:00:00
RWZI Gistel - Moere,2015-03-24 23:00:00,2015-03-24 23:00:00
RWZI Beersel,2015-03-23 23:00:00,
RWZI Leuven,2015-03-23 23:00:00,
RWZI Beersel,2015-03-23 23:00:00,
RWZI Hasselt,2015-03-22 23:00:00,
RWZI Sint-Truiden,2015-03-22 23:00:00,
RWZI Sint-Truiden,2015-03-22 23:00:00,
RWZI Herentals,2015-03-22 23:00:00,
RWZI Grobbendonk,2015-03-22 23:00:00,
RWZI Herentals,2015-03-22 23:00:00,
RWZI Nijlen,2015-03-22 23:00:00,
RWZI Steenokkerzeel-Noord,2015-03-22 23:00:00,
RWZI Schoten,2015-03-22 23:00:00,
RWZI Malle,2015-03-22 23:00:00,2015-03-22 23:00:00
RWZI Steenokkerzeel-Noord,2015-03-22 23:00:00,
RWZI Lokeren - Doorslaar,2015-03-22 23:00:00,
RWZI Temse,2015-03-22 23:00:00,
RWZI Menen,2015-03-18 23:00:00,
RWZI Koersel,2015-03-17 23:00:00,
RWZI Zonhoven,2015-03-17 23:00:00,
RWZI Tessenderlo,2015-03-16 23:00:00,
RWZI Halen,2015-03-16 23:00:00,
RWZI Kalmthout,2015-03-16 23:00:00,
RWZI Deurne,2015-03-16 23:00:00,
RWZI Gooik - Oetingen,2015-03-15 23:00:00,2015-03-15 23:00:00
RWZI Gooik - Oetingen,2015-03-15 23:00:00,
RWZI Wulpen,2015-03-15 23:00:00,
RWZI Mechelen-Noord,2015-03-15 23:00:00,
RWZI Mechelen-Noord,2015-03-15 23:00:00,
RWZI Kalmthout,2015-03-15 23:00:00,
RWZI Wulpen,2015-03-15 23:00:00,
RWZI Leuven,2015-03-15 23:00:00,
RWZI Sint-Truiden,2015-03-10 23:00:00,
RWZI Sint-Truiden,2015-03-10 23:00:00,
RWZI niet gedefinieerd,2015-03-09 23:00:00,
RWZI niet gedefinieerd,2015-03-09 23:00:00,
RWZI Brasschaat,2015-03-08 23:00:00,
RWZI Leuven,2015-03-08 23:00:00,
RWZI Houthalen-Centrum,2015-03-08 23:00:00,2015-03-08 23:00:00
RWZI Gooik - Oetingen,2015-03-08 23:00:00,
RWZI Brasschaat,2015-03-08 23:00:00,
RWZI Sinaai,2015-03-08 23:00:00,2015-03-08 23:00:00
RWZI Hasselt,2015-03-08 23:00:00,
RWZI Edegem,2015-03-02 23:00:00,
RWZI Deurne,2015-03-01 23:00:00,
RWZI Tessenderlo,2015-03-01 23:00:00,
RWZI Schoten,2015-03-01 23:00:00,
RWZI Mol,2015-03-01 23:00:00,
RWZI Leuven,2015-03-01 23:00:00,
RWZI Beveren - Leie,2015-02-27 23:00:00,2015-02-27 23:00:00
RWZI Beveren - Leie,2015-02-26 23:00:00,2015-02-26 23:00:00
RWZI Elsegem,2015-02-25 23:00:00,2015-02-25 23:00:00
RWZI Elsegem,2015-02-25 23:00:00,2015-02-25 23:00:00
RWZI Sint-Truiden,2015-02-24 23:00:00,
RWZI Geel,2015-02-23 23:00:00,2015-02-23 23:00:00
RWZI Halen,2015-02-23 23:00:00,2015-02-23 23:00:00
RWZI Schoten,2015-02-23 23:00:00,
RWZI Tongeren,2015-02-23 23:00:00,
RWZI Sint-Truiden,2015-02-22 23:00:00,
RWZI Sint-Truiden,2015-02-22 23:00:00,
RWZI Hasselt,2015-02-22 23:00:00,
RWZI Boortmalt (Aqua+),2015-02-22 23:00:00,
RWZI Boortmalt (Aqua+),2015-02-22 23:00:00,
RWZI Koersel,2015-02-22 23:00:00,
RWZI Tessenderlo,2015-02-22 23:00:00,
RWZI Deinze,2015-02-22 23:00:00,
RWZI Zwalm,2015-02-22 23:00:00,
RWZI Schilde,2015-02-22 23:00:00,
RWZI Bornem,2015-02-22 23:00:00,
RWZI Steenokkerzeel-Noord,2015-02-20 23:00:00,2015-02-20 23:00:00
RWZI Steenokkerzeel-Noord,2015-02-20 23:00:00,2015-02-20 23:00:00
RWZI Ieper,2015-02-19 23:00:00,2015-02-19 23:00:00
RWZI Ieper,2015-02-19 23:00:00,
RWZI Ieper,2015-02-19 23:00:00,2015-02-19 23:00:00
RWZI Leuven,2015-02-18 23:00:00,
RWZI Leuven,2015-02-18 23:00:00,
RWZI Leuven,2015-02-18 23:00:00,
RWZI Harelbeke,2015-02-18 23:00:00,
RWZI Menen,2015-02-18 23:00:00,
RWZI Ruisbroek,2015-02-18 23:00:00,
RWZI Staden,2015-02-17 23:00:00,
RWZI Genk,2015-02-17 23:00:00,
RWZI Temse,2015-02-17 23:00:00,
RWZI Temse,2015-02-17 23:00:00,
RWZI Edegem,2015-02-16 23:00:00,
RWZI Bierbeek,2015-02-16 23:00:00,
RWZI Deinze,2015-02-15 23:00:00,
RWZI Bierbeek,2015-02-12 23:00:00,
RWZI Sint-Truiden,2015-02-11 23:00:00,
RWZI Sint-Truiden,2015-02-11 23:00:00,
RWZI Ingelmunster,2015-02-10 23:00:00,
RWZI Hamont,2015-02-10 23:00:00,
RWZI Deurne,2015-02-10 23:00:00,
RWZI Deinze,2015-02-09 23:00:00,
RWZI Hasselt,2015-02-08 23:00:00,
RWZI niet gedefinieerd,2015-02-08 23:00:00,
RWZI Boortmalt (Aqua+),2015-02-08 23:00:00,
RWZI Zichen,2015-02-08 23:00:00,
RWZI niet gedefinieerd,2015-02-08 23:00:00,
RWZI Melsbroek,2015-02-04 23:00:00,
RWZI niet gedefinieerd,2015-02-03 23:00:00,
RWZI Zonhoven,2015-02-03 23:00:00,
RWZI Deurne,2015-02-02 23:00:00,
RWZI Hamont,2015-02-02 23:00:00,
RWZI Edegem,2015-02-02 23:00:00,
RWZI Melsbroek,2015-01-29 23:00:00,
RWZI Melsbroek,2015-01-29 23:00:00,
RWZI Melsbroek,2015-01-29 23:00:00,2015-01-29 23:00:00
RWZI Oud-Heverlee,2015-01-27 23:00:00,2015-01-27 23:00:00
RWZI Hasselt,2015-01-20 23:00:00,
RWZI Overschelde,2015-01-19 23:00:00,
RWZI Steenokkerzeel-Zuid,2015-01-19 23:00:00,
RWZI Edegem,2015-01-19 23:00:00,
RWZI Blaasveld,2015-01-18 23:00:00,
RWZI Beerse,2015-01-18 23:00:00,
RWZI Boorsem,2015-01-18 23:00:00,2015-01-18 23:00:00
RWZI Boortmalt (Aqua+),2015-01-18 23:00:00,
RWZI Houthalen-Centrum,2015-01-15 23:00:00,
RWZI Houthalen-Centrum,2015-01-15 23:00:00,
RWZI Poperinge,2015-01-14 23:00:00,
RWZI niet gedefinieerd,2015-01-13 23:00:00,
RWZI Ninove - Rendestede,2015-01-13 23:00:00,
RWZI niet gedefinieerd,2015-01-07 23:00:00,
RWZI Bree,2015-01-05 23:00:00,
RWZI Bree,2015-01-05 23:00:00,2015-01-05 23:00:00
RWZI Edegem,2015-01-05 23:00:00,
WZI Colruyt Barry Halle,2015-01-05 23:00:00,
RWZI Heusden,2015-01-04 23:00:00,
RWZI Hasselt,2015-01-04 23:00:00,
RWZI Bree,2015-01-04 23:00:00,2015-01-04 23:00:00
RWZI Sint-Truiden,2015-01-04 23:00:00,
RWZI Sint-Truiden,2015-01-04 23:00:00,
RWZI Aarschot,2015-01-04 23:00:00,
RWZI Nijlen,2015-01-04 23:00:00,
RWZI Herentals,2015-01-04 23:00:00,
RWZI Aalter,2014-12-21 23:00:00,
RWZI Bree,2014-12-21 23:00:00,2014-12-21 23:00:00
RWZI Zolder,2014-12-18 23:00:00,
RWZI Hasselt,2014-12-17 23:00:00,
RWZI Kermt,2014-12-16 23:00:00,
RWZI Nijlen,2014-12-16 23:00:00,
RWZI Herentals,2014-12-16 23:00:00,
RWZI Bree,2014-12-16 23:00:00,
Riolstreng Kinrooi-Molenbeersel,2014-12-16 23:00:00,2014-12-16 23:00:00
RWZI Kinrooi-Molenbeersel,2014-12-16 23:00:00,
RWZI Blaasveld,2014-12-16 23:00:00,
RWZI Edegem,2014-12-16 23:00:00,
RWZI Landen - Eliksem,2014-12-15 23:00:00,
RWZI Beverlo,2014-12-14 23:00:00,
RWZI Boorsem,2014-12-14 23:00:00,
RWZI Dessel,2014-12-14 23:00:00,
RWZI Retie,2014-12-14 23:00:00,
Riolstreng Lanaken,2014-12-14 23:00:00,
RWZI Neeroeteren,2014-12-14 23:00:00,
RWZI Neeroeteren,2014-12-14 23:00:00,
RWZI Kinrooi-Molenbeersel,2014-12-11 23:00:00,2014-12-11 23:00:00
RWZI Kinrooi-Molenbeersel,2014-12-11 23:00:00,
RWZI Hasselt,2014-12-10 23:00:00,
RWZI Kinrooi-Molenbeersel,2014-12-10 23:00:00,2014-12-10 23:00:00
RWZI Landen - Eliksem,2014-12-09 23:00:00,
RWZI Beverlo,2014-12-07 23:00:00,2014-12-07 23:00:00
RWZI Lokeren,2014-12-07 23:00:00,
RWZI Hasselt,2014-12-03 23:00:00,
RWZI niet gedefinieerd,2014-12-02 23:00:00,
RWZI Bree,2014-12-02 23:00:00,
RWZI Nieuwerkerken - Wijer,2014-12-01 23:00:00,
RWZI Landen - Rumsdorp,2014-12-01 23:00:00,
Riolstreng Roeselare,2014-12-01 23:00:00,
RWZI Liedekerke,2014-11-30 23:00:00,
RWZI Lokeren,2014-11-30 23:00:00,
RWZI Hasselt,2014-11-26 23:00:00,
RWZI De Pinte - Zevergem,2014-11-24 23:00:00,2014-11-24 23:00:00
RWZI Kinrooi-Molenbeersel,2014-11-23 23:00:00,2014-11-23 23:00:00
RWZI Herentals,2014-11-23 23:00:00,
RWZI Nijlen,2014-11-23 23:00:00,
RWZI Boorsem,2014-11-23 23:00:00,
RWZI Lokeren,2014-11-23 23:00:00,
RWZI Beersel,2014-11-23 23:00:00,
RWZI Grobbendonk,2014-11-23 23:00:00,
RWZI Kinrooi-Molenbeersel,2014-11-22 23:00:00,
RWZI Kinrooi-Molenbeersel,2014-11-22 23:00:00,2014-11-22 23:00:00
Riolstreng Kortemark,2014-11-20 23:00:00,2014-11-20 23:00:00
Riolstreng Kortemark,2014-11-20 23:00:00,2014-11-20 23:00:00
RWZI Dessel,2014-11-16 23:00:00,
RWZI Retie,2014-11-16 23:00:00,
RWZI Bree,2014-11-16 23:00:00,2014-11-16 23:00:00
RWZI Hasselt,2014-11-12 23:00:00,
RWZI niet gedefinieerd,2014-11-12 23:00:00,
RWZI Kinrooi-Molenbeersel,2014-11-11 23:00:00,
RWZI Zonhoven,2014-11-11 23:00:00,
RWZI Heusden,2014-11-11 23:00:00,
RWZI Arendonk,2014-11-11 23:00:00,
RWZI Beersel,2014-11-10 23:00:00,
RWZI Hasselt,2014-11-04 23:00:00,
RWZI Aalst,2014-11-02 23:00:00,
RWZI Liedekerke,2014-11-02 23:00:00,
RWZI Moerbeke - Kruisstraat,2014-10-26 23:00:00,
RWZI Beersel,2014-10-26 23:00:00,
RWZI Moerbeke - Kruisstraat,2014-10-24 22:00:00,2014-10-24 22:00:00
RWZI Moerbeke - Kruisstraat,2014-10-24 22:00:00,2014-10-24 22:00:00
RWZI Schilde,2014-10-22 22:00:00,
RWZI Merelbeke,2014-10-22 22:00:00,2014-10-22 22:00:00
RWZI Boortmalt (Aqua+),2014-10-22 22:00:00,
RWZI Kinrooi-Molenbeersel,2014-10-22 22:00:00,
RWZI Steenokkerzeel-Noord,2014-10-22 22:00:00,
RWZI Harelbeke,2014-10-21 22:00:00,2014-10-21 22:00:00
RWZI Harelbeke,2014-10-21 22:00:00,2014-10-21 22:00:00
RWZI Harelbeke,2014-10-21 22:00:00,2014-10-21 22:00:00
RWZI Harelbeke,2014-10-21 22:00:00,2014-10-21 22:00:00
RWZI Harelbeke,2014-10-21 22:00:00,2014-10-21 22:00:00
RWZI Steenokkerzeel-Noord,2014-10-21 22:00:00,
RWZI Merelbeke,2014-10-21 22:00:00,
RWZI Merksplas,2014-10-21 22:00:00,
RWZI Harelbeke,2014-10-21 22:00:00,2014-10-21 22:00:00
RWZI Harelbeke,2014-10-21 22:00:00,
RWZI Harelbeke,2014-10-21 22:00:00,
RWZI Merksplas,2014-10-20 22:00:00,
RWZI Edegem,2014-10-20 22:00:00,
RWZI Heusden,2014-10-19 22:00:00,
RWZI Retie,2014-10-19 22:00:00,
RWZI Dessel,2014-10-19 22:00:00,
RWZI Gistel - Moere,2014-10-19 22:00:00,2014-10-19 22:00:00
RWZI Gistel - Moere,2014-10-19 22:00:00,2014-10-19 22:00:00
RWZI Gistel - Moere,2014-10-19 22:00:00,2014-10-19 22:00:00
RWZI Gistel - Moere,2014-10-19 22:00:00,2014-10-19 22:00:00
RWZI Gistel - Moere,2014-10-19 22:00:00,2014-10-19 22:00:00
RWZI Kinrooi - Kessenich,2014-10-14 22:00:00,
RWZI Kinrooi-Molenbeersel,2014-10-14 22:00:00,
RWZI Kinrooi - Kessenich,2014-10-14 22:00:00,
RWZI Kinrooi-Molenbeersel,2014-10-14 22:00:00,
RWZI Aalst,2014-10-13 22:00:00,
RWZI Beersel,2014-10-13 22:00:00,
RWZI niet gedefinieerd,2014-10-13 22:00:00,
RWZI niet gedefinieerd,2014-10-13 22:00:00,
RWZI niet gedefinieerd,2014-10-13 22:00:00,
RWZI niet gedefinieerd,2014-10-13 22:00:00,
RWZI niet gedefinieerd,2014-10-13 22:00:00,
RWZI Hasselt,2014-10-12 22:00:00,
RWZI Wulpen,2014-10-12 22:00:00,
RWZI Mechelen-Noord,2014-10-12 22:00:00,
RWZI niet gedefinieerd,2014-10-08 22:00:00,
RWZI niet gedefinieerd,2014-10-08 22:00:00,
RWZI Beerse,2014-10-07 22:00:00,2014-10-07 22:00:00
RWZI Genk,2014-10-06 22:00:00,2014-10-06 22:00:00
RWZI Dilsen,2014-10-05 22:00:00,2014-10-05 22:00:00
RWZI Steenokkerzeel-Noord,2014-10-05 22:00:00,
RWZI Steenokkerzeel-Noord,2014-10-05 22:00:00,
RWZI Kalmthout,2014-10-05 22:00:00,2014-10-05 22:00:00
RWZI Steenokkerzeel-Noord,2014-10-04 22:00:00,
RWZI niet gedefinieerd,2014-09-30 22:00:00,
RWZI niet gedefinieerd,2014-09-30 22:00:00,
RWZI niet gedefinieerd,2014-09-30 22:00:00,
RWZI Hoogstraten,2014-09-29 22:00:00,
RWZI Merksplas,2014-09-29 22:00:00,
RWZI Merksplas,2014-09-29 22:00:00,
RWZI Hoogstraten,2014-09-29 22:00:00,
RWZI Heusden,2014-09-28 22:00:00,
RWZI Kallo,2014-09-28 22:00:00,2014-09-28 22:00:00
RWZI Kallo,2014-09-27 22:00:00,
RWZI Kallo,2014-09-27 22:00:00,
RWZI Kallo,2014-09-24 22:00:00,2014-09-24 22:00:00
RWZI Kallo,2014-09-23 22:00:00,2014-09-23 22:00:00
RWZI Kinrooi - Kessenich,2014-09-23 22:00:00,
RWZI Kallo,2014-09-23 22:00:00,2014-09-23 22:00:00
RWZI Kinrooi - Kessenich,2014-09-22 22:00:00,
RWZI Koersel,2014-09-21 22:00:00,
RWZI Zonhoven,2014-09-21 22:00:00,2014-09-21 22:00:00
RWZI Destelbergen,2014-09-18 22:00:00,2014-09-18 22:00:00
RWZI Mechelen-Noord,2014-09-17 22:00:00,
RWZI Zemst - Hofstade,2014-09-17 22:00:00,2014-09-17 22:00:00
RWZI Heusden,2014-09-17 22:00:00,
RWZI Destelbergen,2014-09-17 22:00:00,2014-09-17 22:00:00
RWZI Destelbergen,2014-09-17 22:00:00,2014-09-17 22:00:00
RWZI Dikkelvenne,2014-09-16 22:00:00,
RWZI Zonhoven,2014-09-14 22:00:00,
RWZI Bilzen,2014-09-11 22:00:00,2014-09-11 22:00:00
RWZI niet gedefinieerd,2014-09-11 22:00:00,
RWZI Zonhoven,2014-09-10 22:00:00,
RWZI Zemst - Hofstade,2014-09-10 22:00:00,
RWZI Zonhoven,2014-09-09 22:00:00,
RWZI Zonhoven,2014-09-08 22:00:00,
RWZI Zonhoven,2014-09-07 22:00:00,
RWZI Lebbeke - Rooien,2014-09-02 22:00:00,
RWZI Asse - Bekkerzeel,2014-09-02 22:00:00,2014-09-02 22:00:00
RWZI Zonhoven,2014-09-01 22:00:00,
RWZI Houthalen-Centrum,2014-08-26 22:00:00,
RWZI Houthalen-Centrum,2014-08-26 22:00:00,
RWZI Houthalen-Centrum,2014-08-24 22:00:00,
RWZI Houthalen-Centrum,2014-08-24 22:00:00,
RWZI Boorsem,2014-08-20 22:00:00,
RWZI Houthalen-Centrum,2014-08-19 22:00:00,2014-08-19 22:00:00
RWZI Houthalen-Centrum,2014-08-19 22:00:00,2014-08-19 22:00:00
RWZI Antwerpen-Zuid,2014-08-11 22:00:00,2014-08-11 22:00:00
RWZI Pittem,2014-08-06 22:00:00,
RWZI Pittem,2014-08-06 22:00:00,
RWZI Gelmen,2014-08-05 22:00:00,
RWZI niet gedefinieerd,2014-08-05 22:00:00,
RWZI Woumen,2014-08-05 22:00:00,2014-08-05 22:00:00
RWZI Woumen,2014-08-05 22:00:00,2014-08-05 22:00:00
RWZI Woumen,2014-08-05 22:00:00,
RWZI Houthalen-Centrum,2014-08-03 22:00:00,2014-08-03 22:00:00
RWZI Houthalen-Centrum,2014-08-03 22:00:00,
RWZI Wimmertingen,2014-07-28 22:00:00,
RWZI Houthalen-Centrum,2014-07-27 22:00:00,2014-07-27 22:00:00
RWZI Houthalen-Centrum,2014-07-27 22:00:00,2014-07-27 22:00:00
RWZI Zemst - Hofstade,2014-07-23 22:00:00,
RWZI Boorsem,2014-07-21 22:00:00,
RWZI Gelmen,2014-07-21 22:00:00,
RWZI Aalst,2014-07-15 22:00:00,2014-07-15 22:00:00
RWZI Geetbets,2014-07-10 22:00:00,
RWZI Vosselaar,2014-07-09 22:00:00,2014-07-09 22:00:00
RWZI Nevele,2014-07-08 22:00:00,
RWZI Kermt,2014-07-07 22:00:00,
WZI Colruyt Barry Halle,2014-07-07 22:00:00,
WZI Colruyt Barry Halle,2014-07-07 22:00:00,
RWZI Houthalen-Centrum,2014-07-06 22:00:00,2014-07-06 22:00:00
RWZI Beveren,2014-07-06 22:00:00,2014-07-06 22:00:00
WZI Colruyt Barry Halle,2014-07-06 22:00:00,
RWZI niet gedefinieerd,2014-07-01 22:00:00,
RWZI Houthalen-Centrum,2014-07-01 22:00:00,2014-07-01 22:00:00
RWZI Gelmen,2014-07-01 22:00:00,
RWZI Steenokkerzeel-Noord,2014-06-29 22:00:00,
RWZI Steenokkerzeel-Noord,2014-06-28 22:00:00,
RWZI Harelbeke,2014-06-25 22:00:00,2014-06-25 22:00:00
RWZI Burcht,2014-06-25 22:00:00,
RWZI Asse - Bollebeek,2014-06-25 22:00:00,
RWZI Bornem,2014-06-24 22:00:00,
Riolstreng Roeselare,2014-06-24 22:00:00,2014-06-24 22:00:00
RWZI niet gedefinieerd,2014-06-23 22:00:00,
RWZI niet gedefinieerd,2014-06-23 22:00:00,
RWZI Kermt,2014-06-23 22:00:00,
RWZI Moelingen,2014-06-22 22:00:00,
RWZI Boorsem,2014-06-22 22:00:00,
RWZI Beveren,2014-06-22 22:00:00,
RWZI niet gedefinieerd,2014-06-19 22:00:00,
RWZI niet gedefinieerd,2014-06-19 22:00:00,
RWZI niet gedefinieerd,2014-06-19 22:00:00,
Riolstreng Roeselare,2014-06-18 22:00:00,2014-06-18 22:00:00
RWZI Houthalen-Centrum,2014-06-18 22:00:00,2014-06-18 22:00:00
Riolstreng Kortenberg,2014-06-16 22:00:00,
RWZI Turnhout,2014-06-16 22:00:00,
RWZI Beersel,2014-06-15 22:00:00,
RWZI Schoten,2014-06-15 22:00:00,
RWZI De Klinge,2014-06-15 22:00:00,
RWZI Beveren,2014-06-11 22:00:00,
RWZI Houthalen-Centrum,2014-06-11 22:00:00,
RWZI Zoutleeuw,2014-06-10 22:00:00,
RWZI Gelmen,2014-06-10 22:00:00,
RWZI niet gedefinieerd,2014-06-10 22:00:00,
RWZI Grobbendonk,2014-06-09 22:00:00,
RWZI Hasselt,2014-06-09 22:00:00,
RWZI niet gedefinieerd,2014-06-09 22:00:00,
RWZI Boorsem,2014-06-09 22:00:00,
RWZI Zichen,2014-06-09 22:00:00,
RWZI Moelingen,2014-06-09 22:00:00,
RWZI Boortmeerbeek,2014-06-09 22:00:00,
RWZI Kermt,2014-06-09 22:00:00,
RWZI Edegem,2014-06-08 22:00:00,
RWZI Houthalen-Centrum,2014-06-04 22:00:00,
RWZI Nijlen,2014-06-04 22:00:00,2014-06-04 22:00:00
RWZI Boortmeerbeek,2014-06-04 22:00:00,
RWZI Temse,2014-06-04 22:00:00,
RWZI Bambrugge,2014-06-03 22:00:00,
RWZI Destelbergen,2014-06-03 22:00:00,2014-06-03 22:00:00
RWZI Liedekerke,2014-06-03 22:00:00,
RWZI niet gedefinieerd,2014-06-03 22:00:00,
RWZI Bambrugge,2014-06-03 22:00:00,
RWZI Houthalen-Centrum,2014-06-03 22:00:00,
RWZI Beersel,2014-06-01 22:00:00,
RWZI Schoten,2014-06-01 22:00:00,
RWZI Edegem,2014-06-01 22:00:00,
RWZI Houthalen-Centrum,2014-06-01 22:00:00,2014-06-01 22:00:00
RWZI Landen - Eliksem,2014-05-28 10:00:00,
RWZI Zoutleeuw,2014-05-27 22:00:00,
RWZI Sint-Truiden,2014-05-26 22:00:00,
RWZI Sint-Truiden,2014-05-26 22:00:00,
RWZI Oudenaarde,2014-05-26 22:00:00,
RWZI Herentals,2014-05-25 22:00:00,
RWZI Houthalen-Centrum,2014-05-25 22:00:00,2014-05-25 22:00:00
RWZI Boekhoute,2014-05-25 22:00:00,2014-05-25 22:00:00
RWZI Woumen,2014-05-25 22:00:00,2014-05-25 22:00:00
RWZI Turnhout,2014-05-20 22:00:00,
RWZI Roeselare,2014-05-20 22:00:00,
RWZI Zichen,2014-05-19 10:00:00,
RWZI Boorsem,2014-05-19 10:00:00,
RWZI Moelingen,2014-05-18 22:00:00,
RWZI Schoten,2014-05-18 22:00:00,
RWZI Beersel,2014-05-18 22:00:00,
RWZI Grobbendonk,2014-05-18 22:00:00,
RWZI Edegem,2014-05-18 22:00:00,
RWZI Nijlen,2014-05-18 22:00:00,
RWZI Oud-Heverlee,2014-05-18 22:00:00,2014-05-18 22:00:00
RWZI Burcht,2014-05-14 22:00:00,
RWZI Temse,2014-05-14 22:00:00,
RWZI niet gedefinieerd,2014-05-14 22:00:00,
RWZI Landen - Eliksem,2014-05-13 22:00:00,
RWZI Sint-Truiden,2014-05-13 22:00:00,
RWZI Sint-Truiden,2014-05-13 22:00:00,
RWZI niet gedefinieerd,2014-05-13 22:00:00,
RWZI Zwalm - Rozebeke,2014-05-13 22:00:00,
RWZI Houthalen-Centrum,2014-05-12 22:00:00,2014-05-12 22:00:00
RWZI Kermt,2014-05-12 22:00:00,
RWZI Hasselt,2014-05-12 22:00:00,
RWZI Wolfsdonk,2014-05-11 22:00:00,
RWZI niet gedefinieerd,2014-05-11 22:00:00,
RWZI Beersel,2014-05-11 22:00:00,
RWZI Wolfsdonk,2014-05-11 22:00:00,
RWZI Schoten,2014-05-11 22:00:00,
RWZI Merksem,2014-05-11 22:00:00,
RWZI Houthalen-Centrum,2014-05-08 22:00:00,2014-05-08 22:00:00
RWZI Houthalen-Centrum,2014-05-08 10:00:00,2014-05-08 10:00:00
Slibdroger Houthalen,2014-05-07 22:00:00,
RWZI Destelbergen,2014-05-06 22:00:00,
RWZI Genk,2014-05-06 22:00:00,
RWZI Zoutleeuw,2014-05-06 22:00:00,
RWZI Damme - Lapscheure,2014-05-06 10:00:00,
RWZI niet gedefinieerd,2014-05-05 22:00:00,
RWZI niet gedefinieerd,2014-05-05 22:00:00,
RWZI Houthalen-Centrum,2014-05-05 22:00:00,2014-05-05 22:00:00
RWZI niet gedefinieerd,2014-05-05 22:00:00,
RWZI Edegem,2014-05-04 22:00:00,
RWZI Nijlen,2014-05-04 22:00:00,
RWZI Beveren,2014-05-04 22:00:00,
RWZI Beveren,2014-05-04 22:00:00,
RWZI Tessenderlo,2014-05-04 22:00:00,
RWZI Beersel,2014-05-03 22:00:00,
RWZI Sint-Truiden,2014-04-28 22:00:00,
RWZI Houthalen-Centrum,2014-04-28 22:00:00,2014-04-28 22:00:00
RWZI Houthalen-Centrum,2014-04-28 22:00:00,2014-04-28 22:00:00
RWZI Sint-Truiden,2014-04-28 22:00:00,
RWZI Kermt,2014-04-28 22:00:00,
RWZI Herentals,2014-04-27 22:00:00,
RWZI Grobbendonk,2014-04-27 22:00:00,
RWZI Wommelgem,2014-04-27 22:00:00,
Riolstreng Alken,2014-04-24 10:00:00,
RWZI Sint-Truiden,2014-04-22 22:00:00,
RWZI Sint-Truiden,2014-04-22 22:00:00,
RWZI Tessenderlo,2014-04-22 22:00:00,
RWZI Destelbergen,2014-04-22 22:00:00,
RWZI Landen - Eliksem,2014-04-22 10:00:00,
RWZI Merksem,2014-04-22 10:00:00,
RWZI Hove,2014-04-22 10:00:00,
RWZI Schoten,2014-04-21 22:00:00,
RWZI Turnhout,2014-04-21 22:00:00,2014-04-21 22:00:00
RWZI De Klinge,2014-04-21 22:00:00,
RWZI Bierbeek,2014-04-21 22:00:00,
RWZI Hasselt,2014-04-21 22:00:00,
RWZI Beersel,2014-04-20 22:00:00,
RWZI Sint-Truiden,2014-04-15 22:00:00,
RWZI Sint-Truiden,2014-04-15 22:00:00,
RWZI Zoutleeuw,2014-04-15 22:00:00,
RWZI Kermt,2014-04-14 22:00:00,
RWZI Temse,2014-04-14 10:00:00,
RWZI Grobbendonk,2014-04-13 22:00:00,2014-04-13 22:00:00
RWZI Burcht,2014-04-13 22:00:00,
RWZI Bornem,2014-04-13 22:00:00,
RWZI Bornem,2014-04-13 22:00:00,
RWZI Temse,2014-04-13 22:00:00,2014-04-13 22:00:00
RWZI Oosterzele,2014-04-13 22:00:00,
RWZI Wommelgem,2014-04-13 22:00:00,2014-04-13 22:00:00
RWZI Blaasveld,2014-04-13 22:00:00,
RWZI Temse,2014-04-12 22:00:00,
RWZI Temse,2014-04-12 22:00:00,
RWZI Temse,2014-04-11 22:00:00,
Riolstreng Beveren - Leie,2014-04-10 22:00:00,
Riolstreng Beveren - Leie,2014-04-10 22:00:00,2014-04-10 22:00:00
Riolstreng Beveren - Leie,2014-04-10 22:00:00,
Riolstreng Beveren - Leie,2014-04-10 22:00:00,
Riolstreng Beveren - Leie,2014-04-10 22:00:00,
Riolstreng Beveren - Leie,2014-04-10 22:00:00,
Riolstreng Beveren - Leie,2014-04-10 22:00:00,
RWZI Beveren - Leie,2014-04-09 22:00:00,2014-04-09 22:00:00
RWZI Burcht,2014-04-09 22:00:00,
RWZI Beveren - Leie,2014-04-09 22:00:00,2014-04-09 22:00:00
RWZI Beveren - Leie,2014-04-09 22:00:00,2014-04-09 22:00:00
RWZI Beveren - Leie,2014-04-09 22:00:00,2014-04-09 22:00:00
RWZI Zichen,2014-04-09 10:00:00,2014-04-09 10:00:00
RWZI Beveren - Leie,2014-04-09 10:00:00,2014-04-09 10:00:00
RWZI Wingene,2014-04-08 22:00:00,
RWZI niet gedefinieerd,2014-04-08 22:00:00,
RWZI Beveren - Leie,2014-04-08 22:00:00,2014-04-08 22:00:00
RWZI Zoutleeuw,2014-04-08 10:00:00,2014-04-08 10:00:00
RWZI Zwalm,2014-04-08 10:00:00,
RWZI Kinrooi-Molenbeersel,2014-04-07 22:00:00,
RWZI Kinrooi-Molenbeersel,2014-04-07 22:00:00,
RWZI Edegem,2014-04-06 22:00:00,
RWZI Schoten,2014-04-06 22:00:00,
RWZI Grobbendonk,2014-04-06 22:00:00,2014-04-06 22:00:00
RWZI Tessenderlo,2014-04-06 22:00:00,2014-04-06 22:00:00
RWZI Galmaarden,2014-04-06 22:00:00,
RWZI Berendrecht,2014-04-03 10:00:00,2014-04-03 10:00:00
RWZI Ieper,2014-04-02 22:00:00,2014-04-02 22:00:00
RWZI Ieper,2014-04-02 22:00:00,2014-04-02 22:00:00
RWZI Hoeselt,2014-04-02 22:00:00,2014-04-02 22:00:00
RWZI niet gedefinieerd,2014-04-02 10:00:00,
RWZI niet gedefinieerd,2014-04-02 10:00:00,
RWZI Dessel,2014-04-02 10:00:00,
Riolstreng Roeselare,2014-04-01 22:00:00,
RWZI Zoutleeuw,2014-04-01 22:00:00,
RWZI Retie,2014-04-01 22:00:00,
RWZI Hasselt,2014-03-31 22:00:00,2014-03-31 22:00:00
RWZI Bree,2014-03-31 10:00:00,
RWZI Blaasveld,2014-03-30 22:00:00,
RWZI Wolfsdonk,2014-03-30 22:00:00,2014-03-30 22:00:00
RWZI Wommelgem,2014-03-30 22:00:00,2014-03-30 22:00:00
RWZI Grobbendonk,2014-03-30 22:00:00,2014-03-30 22:00:00
RWZI Herentals,2014-03-30 22:00:00,
RWZI Antwerpen-Zuid,2014-03-30 22:00:00,
RWZI Hulshout,2014-03-30 22:00:00,
RWZI Turnhout,2014-03-26 23:00:00,
RWZI Tienen,2014-03-25 23:00:00,
RWZI Hove,2014-03-25 23:00:00,
RWZI Bambrugge,2014-03-25 23:00:00,
RWZI Destelbergen,2014-03-25 23:00:00,
RWZI Gelmen,2014-03-25 11:00:00,
RWZI Nijlen,2014-03-24 23:00:00,
RWZI Tessenderlo,2014-03-24 23:00:00,
RWZI Leuven,2014-03-24 23:00:00,
RWZI Hasselt,2014-03-24 23:00:00,
RWZI Boorsem,2014-03-24 11:00:00,
RWZI Landen - Eliksem,2014-03-23 23:00:00,
RWZI Beverlo,2014-03-23 23:00:00,
RWZI Beverlo,2014-03-23 23:00:00,
RWZI Zichem,2014-03-23 23:00:00,
RWZI Edegem,2014-03-23 23:00:00,
RWZI Schoten,2014-03-23 23:00:00,
RWZI Diest,2014-03-23 23:00:00,
RWZI Zichen,2014-03-23 23:00:00,
RWZI Grobbendonk,2014-03-23 23:00:00,
RWZI Destelbergen,2014-03-18 23:00:00,
RWZI Beersel,2014-03-17 23:00:00,
RWZI Beersel,2014-03-17 23:00:00,
RWZI De Klinge,2014-03-17 11:00:00,
RWZI Koersel,2014-03-16 23:00:00,
RWZI Zolder,2014-03-16 23:00:00,2014-03-16 23:00:00
RWZI Houthalen-Oost,2014-03-16 23:00:00,2014-03-16 23:00:00
RWZI Grobbendonk,2014-03-16 23:00:00,
RWZI Liedekerke,2014-03-12 23:00:00,
RWZI Burcht,2014-03-12 11:00:00,
RWZI Destelbergen,2014-03-11 23:00:00,2014-03-11 23:00:00
RWZI Lier,2014-03-11 23:00:00,2014-03-11 23:00:00
RWZI Lier,2014-03-11 23:00:00,2014-03-11 23:00:00
RWZI Turnhout,2014-03-11 23:00:00,
RWZI Destelbergen,2014-03-11 23:00:00,2014-03-11 23:00:00
RWZI Zoutleeuw,2014-03-11 11:00:00,2014-03-11 11:00:00
RWZI Zoutleeuw,2014-03-11 11:00:00,
RWZI Kallo,2014-03-11 11:00:00,2014-03-11 11:00:00
RWZI Hasselt,2014-03-10 23:00:00,2014-03-10 23:00:00
RWZI Lier,2014-03-10 23:00:00,2014-03-10 23:00:00
RWZI Schoten,2014-03-10 23:00:00,
RWZI Dessel,2014-03-10 23:00:00,
RWZI niet gedefinieerd,2014-03-10 23:00:00,
RWZI Tessenderlo,2014-03-10 23:00:00,
RWZI Retie,2014-03-10 23:00:00,
RWZI Lier,2014-03-10 23:00:00,2014-03-10 23:00:00
RWZI Merksem,2014-03-10 11:00:00,
RWZI Boorsem,2014-03-09 23:00:00,
RWZI niet gedefinieerd,2014-03-09 23:00:00,
RWZI Edegem,2014-03-09 23:00:00,
RWZI Grobbendonk,2014-03-09 23:00:00,
RWZI Boortmeerbeek,2014-03-09 23:00:00,
RWZI Lommel,2014-03-04 23:00:00,
RWZI Schoten,2014-03-04 23:00:00,2014-03-04 23:00:00
RWZI Lommel,2014-03-04 23:00:00,2014-03-04 23:00:00
RWZI Overpelt,2014-03-04 23:00:00,2014-03-04 23:00:00
RWZI Lommel,2014-03-04 23:00:00,
RWZI Meer,2014-03-03 23:00:00,2014-03-03 23:00:00
RWZI Meer,2014-03-03 23:00:00,2014-03-03 23:00:00
RWZI Meer,2014-03-03 23:00:00,2014-03-03 23:00:00
RWZI Meer,2014-03-03 23:00:00,2014-03-03 23:00:00
RWZI Schilde,2014-03-03 11:00:00,
RWZI Kermt,2014-03-03 11:00:00,
RWZI Grobbendonk,2014-03-03 11:00:00,
RWZI Rotselaar,2014-03-02 23:00:00,
RWZI Zoutleeuw,2014-03-02 23:00:00,
RWZI Schilde,2014-03-02 23:00:00,
RWZI Edegem,2014-03-02 23:00:00,
RWZI Herentals,2014-02-26 23:00:00,2014-02-26 23:00:00
RWZI Kallo,2014-02-26 23:00:00,2014-02-26 23:00:00
RWZI Turnhout,2014-02-26 23:00:00,2014-02-26 23:00:00
RWZI Sint-Truiden,2014-02-25 23:00:00,
RWZI Sint-Truiden,2014-02-25 23:00:00,
RWZI Merksem,2014-02-24 11:00:00,
RWZI Grobbendonk,2014-02-24 11:00:00,2014-02-24 11:00:00
RWZI Bree,2014-02-23 23:00:00,
RWZI Galmaarden,2014-02-23 23:00:00,2014-02-23 23:00:00
RWZI Koersel,2014-02-23 23:00:00,2014-02-23 23:00:00
RWZI Grobbendonk,2014-02-23 23:00:00,2014-02-23 23:00:00
RWZI Hulshout,2014-02-23 23:00:00,
RWZI Hasselt,2014-02-23 23:00:00,2014-02-23 23:00:00
RWZI Wolfsdonk,2014-02-23 23:00:00,2014-02-23 23:00:00
RWZI Merksem,2014-02-23 23:00:00,
RWZI Helkijn,2014-02-19 23:00:00,
RWZI Helkijn,2014-02-19 23:00:00,
RWZI Helkijn,2014-02-19 11:00:00,
RWZI Helkijn,2014-02-18 23:00:00,2014-02-18 23:00:00
RWZI Zolder,2014-02-18 23:00:00,
RWZI Aalst,2014-02-17 23:00:00,2014-02-17 23:00:00
RWZI Grobbendonk,2014-02-17 23:00:00,2014-02-17 23:00:00
RWZI Aalst,2014-02-17 23:00:00,2014-02-17 23:00:00
RWZI Wommelgem,2014-02-17 11:00:00,
RWZI Schoten,2014-02-17 11:00:00,
RWZI Hasselt,2014-02-16 23:00:00,2014-02-16 23:00:00
RWZI Edegem,2014-02-16 23:00:00,2014-02-16 23:00:00
RWZI Wommelgem,2014-02-16 23:00:00,
RWZI Zoutleeuw,2014-02-11 23:00:00,
RWZI Lommel,2014-02-10 23:00:00,2014-02-10 23:00:00
RWZI Lommel,2014-02-10 23:00:00,2014-02-10 23:00:00
RWZI Schoten,2014-02-09 23:00:00,
RWZI Hasselt,2014-02-09 23:00:00,2014-02-09 23:00:00
RWZI Lommel,2014-02-09 23:00:00,
RWZI Pulderbos,2014-02-09 23:00:00,
RWZI Rotselaar,2014-02-05 23:00:00,
RWZI Damme - Lapscheure,2014-02-05 23:00:00,2014-02-05 23:00:00
RWZI Rotselaar,2014-02-05 23:00:00,
RWZI Sint-Truiden,2014-02-04 23:00:00,2014-02-04 23:00:00
RWZI Rotselaar,2014-02-04 23:00:00,
RWZI Rotselaar,2014-02-04 23:00:00,
RWZI Sint-Truiden,2014-02-04 23:00:00,
RWZI Lommel,2014-02-04 11:00:00,2014-02-04 11:00:00
RWZI Lommel,2014-02-03 23:00:00,2014-02-03 23:00:00
RWZI Lommel,2014-02-02 23:00:00,
RWZI Lommel,2014-02-02 23:00:00,2014-02-02 23:00:00
RWZI Zichen,2014-02-02 23:00:00,
RWZI Hasselt,2014-02-02 23:00:00,2014-02-02 23:00:00
RWZI Edegem,2014-02-02 23:00:00,
RWZI Lommel,2014-02-01 23:00:00,2014-02-01 23:00:00
RWZI Nieuwerkerken - Wijer,2014-01-30 11:00:00,
RWZI Nieuwerkerken - Wijer,2014-01-27 23:00:00,
RWZI Nieuwerkerken - Wijer,2014-01-27 23:00:00,
RWZI Bree,2014-01-27 11:00:00,
RWZI Zoutleeuw,2014-01-27 11:00:00,
RWZI Liedekerke,2014-01-26 23:00:00,
RWZI Pulderbos,2014-01-26 23:00:00,
RWZI Nijlen,2014-01-26 23:00:00,
RWZI Mechelen-Noord,2014-01-26 23:00:00,
RWZI Morkhoven,2014-01-26 23:00:00,
RWZI Bree,2014-01-25 23:00:00,
RWZI Bree,2014-01-25 23:00:00,2014-01-25 23:00:00
RWZI Lommel,2014-01-22 23:00:00,
RWZI Hulshout,2014-01-21 11:00:00,
RWZI Wolfsdonk,2014-01-21 11:00:00,
RWZI Retie,2014-01-20 23:00:00,
RWZI Dessel,2014-01-20 23:00:00,
RWZI Sint-Truiden,2014-01-20 11:00:00,
RWZI Sint-Truiden,2014-01-20 11:00:00,
RWZI Herentals,2014-01-20 11:00:00,
RWZI Steenokkerzeel-Noord,2014-01-20 11:00:00,
RWZI Diest,2014-01-20 11:00:00,
RWZI Menen,2014-01-19 23:00:00,
RWZI Ingelmunster,2014-01-19 23:00:00,
RWZI Zolder,2014-01-19 23:00:00,
RWZI Grobbendonk,2014-01-19 23:00:00,
RWZI Houthalen-Oost,2014-01-19 23:00:00,
RWZI Steenokkerzeel-Noord,2014-01-17 23:00:00,
RWZI Kermt,2014-01-15 11:00:00,2014-01-15 11:00:00
RWZI Beveren - Leie,2014-01-14 23:00:00,2014-01-14 23:00:00
RWZI Koersel,2014-01-14 23:00:00,
RWZI Bilzen,2014-01-14 23:00:00,
RWZI Aalter,2014-01-14 23:00:00,2014-01-14 23:00:00
RWZI Aalter,2014-01-14 23:00:00,2014-01-14 23:00:00
RWZI Aalter,2014-01-13 23:00:00,2014-01-13 23:00:00
RWZI Hasselt,2014-01-12 23:00:00,2014-01-12 23:00:00
RWZI Tongeren,2014-01-12 23:00:00,
RWZI Steenokkerzeel-Noord,2014-01-10 23:00:00,2014-01-10 23:00:00
RWZI Kermt,2014-01-07 23:00:00,2014-01-07 23:00:00
RWZI Heusden,2014-01-07 23:00:00,
RWZI Grobbendonk,2014-01-06 23:00:00,
RWZI Herentals,2014-01-06 23:00:00,
RWZI Wolfsdonk,2014-01-06 11:00:00,2014-01-06 11:00:00
RWZI Oud-Heverlee,2014-01-05 23:00:00,2014-01-05 23:00:00
RWZI Merksem,2014-01-05 23:00:00,2014-01-05 23:00:00
RWZI Merksem,2014-01-05 23:00:00,2014-01-05 23:00:00
RWZI Oud-Heverlee,2014-01-05 23:00:00,2014-01-05 23:00:00
RWZI Edegem,2014-01-01 23:00:00,
RWZI Kermt,2013-12-31 11:00:00,2013-12-31 11:00:00
RWZI Kermt,2013-12-30 23:00:00,
RWZI Neeroeteren,2013-12-21 23:00:00,
RWZI Neeroeteren,2013-12-21 23:00:00,
RWZI Grobbendonk,2013-12-18 23:00:00,2013-12-18 23:00:00
RWZI Hoegaarden,2013-12-18 11:00:00,2013-12-18 11:00:00
RWZI Hoegaarden,2013-12-17 11:00:00,2013-12-17 11:00:00
RWZI Hoegaarden,2013-12-17 11:00:00,2013-12-17 11:00:00
RWZI Tessenderlo,2013-12-16 23:00:00,
RWZI niet gedefinieerd,2013-12-16 23:00:00,
RWZI Zemst - Hofstade,2013-12-16 23:00:00,
RWZI Pulderbos,2013-12-15 23:00:00,
RWZI Genk,2013-12-15 23:00:00,
RWZI Zemst - Hofstade,2013-12-12 23:00:00,2013-12-12 23:00:00
RWZI Zemst - Hofstade,2013-12-11 23:00:00,2013-12-11 23:00:00
RWZI Zemst - Hofstade,2013-12-11 23:00:00,2013-12-11 23:00:00
RWZI Turnhout,2013-12-11 23:00:00,
RWZI Deurne,2013-12-11 11:00:00,
RWZI Bilzen,2013-12-10 23:00:00,
RWZI Hoegaarden,2013-12-10 23:00:00,2013-12-10 23:00:00
RWZI Deurne,2013-12-10 23:00:00,
RWZI Hoegaarden,2013-12-09 23:00:00,
RWZI Grobbendonk,2013-12-08 23:00:00,2013-12-08 23:00:00
RWZI Hoegaarden,2013-12-08 23:00:00,2013-12-08 23:00:00
RWZI Hasselt,2013-12-08 23:00:00,
RWZI Hoegaarden,2013-12-07 23:00:00,2013-12-07 23:00:00
RWZI Hoegaarden,2013-12-07 23:00:00,2013-12-07 23:00:00
RWZI Hoegaarden,2013-12-06 23:00:00,2013-12-06 23:00:00
RWZI Hoegaarden,2013-12-06 23:00:00,
RWZI Kinrooi-Molenbeersel,2013-12-05 11:00:00,2013-12-05 11:00:00
RWZI Kinrooi-Molenbeersel,2013-12-04 23:00:00,2013-12-04 23:00:00
RWZI Kinrooi-Molenbeersel,2013-12-04 23:00:00,
RWZI Kinrooi-Molenbeersel,2013-12-04 23:00:00,2013-12-04 23:00:00
RWZI Kinrooi-Molenbeersel,2013-12-04 23:00:00,
RWZI Hoegaarden,2013-12-03 23:00:00,
RWZI Heusden,2013-12-03 23:00:00,
RWZI Hoegaarden,2013-12-03 23:00:00,
RWZI Hoegaarden,2013-12-03 23:00:00,
RWZI Hoegaarden,2013-12-02 23:00:00,
RWZI Hoegaarden,2013-12-02 23:00:00,2013-12-02 23:00:00
RWZI Edegem,2013-12-02 23:00:00,
RWZI Deurne,2013-12-02 23:00:00,
RWZI Wolfsdonk,2013-12-01 23:00:00,
RWZI Steenokkerzeel-Noord,2013-12-01 23:00:00,2013-12-01 23:00:00
RWZI Steenokkerzeel-Noord,2013-12-01 23:00:00,
RWZI Steenokkerzeel-Noord,2013-12-01 23:00:00,
RWZI Boorsem,2013-12-01 23:00:00,
RWZI Steenokkerzeel-Noord,2013-12-01 23:00:00,2013-12-01 23:00:00
RWZI Zichen,2013-12-01 23:00:00,
RWZI Kinrooi - Kessenich,2013-11-28 11:00:00,
RWZI Bree,2013-11-27 23:00:00,2013-11-27 23:00:00
RWZI Hasselt,2013-11-26 23:00:00,
RWZI Bilzen,2013-11-26 23:00:00,
RWZI Geetbets,2013-11-24 23:00:00,
RWZI Geetbets,2013-11-24 23:00:00,
RWZI Geetbets,2013-11-20 23:00:00,
RWZI Tessenderlo,2013-11-18 23:00:00,
RWZI Kinrooi-Molenbeersel,2013-11-18 23:00:00,
RWZI Kinrooi - Kessenich,2013-11-18 23:00:00,
RWZI Turnhout,2013-11-13 23:00:00,
RWZI Hoegaarden,2013-11-12 23:00:00,2013-11-12 23:00:00
RWZI Landen - Rumsdorp,2013-11-12 23:00:00,2013-11-12 23:00:00
RWZI Wolfsdonk,2013-11-11 23:00:00,
RWZI Wolfsdonk,2013-11-11 23:00:00,
RWZI Schilde,2013-11-11 23:00:00,
RWZI Bilzen,2013-11-11 23:00:00,
RWZI niet gedefinieerd,2013-11-11 23:00:00,
RWZI Edegem,2013-11-04 11:00:00,
RWZI Tessenderlo,2013-11-03 23:00:00,
RWZI Hasselt,2013-11-03 23:00:00,
RWZI Sint-Truiden,2013-11-03 23:00:00,
RWZI Genk,2013-11-03 23:00:00,
RWZI Wolfsdonk,2013-11-03 23:00:00,
RWZI Sint-Truiden,2013-11-03 23:00:00,
RWZI Poperinge,2013-11-03 23:00:00,
RWZI Destelbergen,2013-11-03 23:00:00,
RWZI Zottegem - Plankebeek,2013-11-03 23:00:00,
RWZI Bilzen,2013-10-29 23:00:00,
RWZI Tessenderlo,2013-10-20 22:00:00,2013-10-20 22:00:00
RWZI Bilzen,2013-10-15 22:00:00,2013-10-15 22:00:00
RWZI Dikkelvenne,2013-10-14 22:00:00,2013-10-14 22:00:00
RWZI Dikkelvenne,2013-10-14 22:00:00,2013-10-14 22:00:00
RWZI Wulpen,2013-10-14 22:00:00,2013-10-14 22:00:00
RWZI Sint-Truiden,2013-10-13 22:00:00,
RWZI Poperinge,2013-10-13 22:00:00,
RWZI Genk,2013-10-13 22:00:00,
RWZI Sint-Truiden,2013-10-13 22:00:00,
RWZI Kinrooi-Molenbeersel,2013-10-13 22:00:00,
RWZI Kinrooi - Kessenich,2013-10-13 22:00:00,
RWZI Schilde,2013-10-13 22:00:00,
RWZI Schilde,2013-10-13 22:00:00,
RWZI Brugge,2013-10-13 22:00:00,2013-10-13 22:00:00
RWZI Koersel,2013-10-13 22:00:00,
RWZI Wulpen,2013-10-10 22:00:00,
RWZI Beerse,2013-10-09 22:00:00,2013-10-09 22:00:00
RWZI Turnhout,2013-10-09 22:00:00,
RWZI Tessenderlo,2013-10-07 22:00:00,
RWZI Sint-Truiden,2013-10-06 22:00:00,2013-10-06 22:00:00
RWZI Sint-Truiden,2013-10-06 22:00:00,2013-10-06 22:00:00
RWZI Hasselt,2013-10-06 22:00:00,2013-10-06 22:00:00
RWZI Bree,2013-10-02 22:00:00,2013-10-02 22:00:00
RWZI Bree,2013-10-02 22:00:00,2013-10-02 22:00:00
RWZI Bree,2013-10-02 22:00:00,2013-10-02 22:00:00
RWZI Bree,2013-10-02 22:00:00,2013-10-02 22:00:00
RWZI Hasselt,2013-09-30 22:00:00,2013-09-30 22:00:00
RWZI Poppel,2013-09-26 22:00:00,2013-09-26 22:00:00
RWZI Oplinter,2013-09-26 22:00:00,2013-09-26 22:00:00
RWZI Oplinter,2013-09-26 22:00:00,2013-09-26 22:00:00
RWZI Poppel,2013-09-25 22:00:00,2013-09-25 22:00:00
RWZI niet gedefinieerd,2013-09-25 22:00:00,
RWZI Zottegem - Plankebeek,2013-09-24 10:00:00,2013-09-24 10:00:00
RWZI Zottegem - Plankebeek,2013-09-23 22:00:00,2013-09-23 22:00:00
RWZI Genk,2013-09-23 22:00:00,2013-09-23 22:00:00
RWZI Zottegem - Plankebeek,2013-09-23 22:00:00,
RWZI Kieldrecht,2013-09-23 22:00:00,2013-09-23 22:00:00
Riolstreng Moorslede,2013-09-23 22:00:00,2013-09-23 22:00:00
RWZI Lokeren - Doorslaar,2013-09-22 22:00:00,2013-09-22 22:00:00
RWZI Lokeren - Doorslaar,2013-09-22 22:00:00,2013-09-22 22:00:00
RWZI Lokeren - Doorslaar,2013-09-22 22:00:00,2013-09-22 22:00:00
RWZI Tessenderlo,2013-09-22 22:00:00,2013-09-22 22:00:00
RWZI Baliebrugge,2013-09-22 22:00:00,2013-09-22 22:00:00
RWZI Zottegem - Plankebeek,2013-09-19 22:00:00,2013-09-19 22:00:00
RWZI Zottegem - Plankebeek,2013-09-19 22:00:00,2013-09-19 22:00:00
RWZI Zottegem - Plankebeek,2013-09-19 22:00:00,2013-09-19 22:00:00
RWZI Genk,2013-09-18 22:00:00,2013-09-18 22:00:00
RWZI Grobbendonk,2013-09-18 22:00:00,2013-09-18 22:00:00
RWZI Poperinge,2013-09-17 22:00:00,
RWZI Sint-Truiden,2013-09-16 22:00:00,
RWZI Sint-Truiden,2013-09-16 22:00:00,
"Genk, PS Genk-Zuid",2013-09-15 22:00:00,2013-09-15 22:00:00
RWZI niet gedefinieerd,2013-09-11 22:00:00,
RWZI Turnhout,2013-09-11 22:00:00,
RWZI Rotselaar,2013-09-08 22:00:00,
RWZI Tessenderlo,2013-09-08 22:00:00,
RWZI Jabbeke,2013-09-07 22:00:00,2013-09-07 22:00:00
RWZI Jabbeke,2013-09-05 10:00:00,2013-09-05 10:00:00
RWZI Jabbeke,2013-09-04 22:00:00,
RWZI Jabbeke,2013-09-04 22:00:00,
RWZI Jabbeke,2013-09-04 22:00:00,2013-09-04 22:00:00
RWZI Jabbeke,2013-09-04 22:00:00,2013-09-04 22:00:00
RWZI Steenokkerzeel-Noord,2013-09-03 22:00:00,
RWZI Rollegem,2013-09-03 22:00:00,
RWZI Oostende,2013-09-02 22:00:00,2013-09-02 22:00:00
RWZI Galmaarden,2013-09-02 22:00:00,
RWZI Oostende,2013-09-02 22:00:00,
RWZI Jabbeke,2013-09-01 22:00:00,
RWZI Jabbeke,2013-09-01 22:00:00,2013-09-01 22:00:00
RWZI Hasselt,2013-09-01 22:00:00,
RWZI Jabbeke,2013-08-31 22:00:00,2013-08-31 22:00:00
RWZI Engsbergen,2013-08-28 22:00:00,
RWZI Retie,2013-08-27 22:00:00,2013-08-27 22:00:00
RWZI niet gedefinieerd,2013-08-27 22:00:00,
RWZI Deurne,2013-08-27 22:00:00,2013-08-27 22:00:00
RWZI Engsbergen,2013-08-26 22:00:00,
RWZI Galmaarden - Waarbeke,2013-08-25 22:00:00,
RWZI Galmaarden - Waarbeke,2013-08-25 22:00:00,2013-08-25 22:00:00
RWZI Galmaarden - Waarbeke,2013-08-25 22:00:00,2013-08-25 22:00:00
RWZI Hasselt,2013-08-25 22:00:00,2013-08-25 22:00:00
RWZI niet gedefinieerd,2013-08-21 22:00:00,
RWZI Poperinge,2013-08-20 22:00:00,
RWZI Engsbergen,2013-08-20 22:00:00,2013-08-20 22:00:00
RWZI Blaasveld,2013-08-20 22:00:00,
RWZI Tessenderlo,2013-08-18 22:00:00,2013-08-18 22:00:00
RWZI Hasselt,2013-08-18 22:00:00,2013-08-18 22:00:00
RWZI Deurne,2013-08-13 22:00:00,2013-08-13 22:00:00
RWZI Sint-Truiden,2013-08-12 10:00:00,
RWZI Tessenderlo,2013-08-11 22:00:00,2013-08-11 22:00:00
RWZI Jabbeke,2013-08-11 22:00:00,
RWZI Poperinge,2013-08-08 22:00:00,
RWZI Poperinge,2013-08-07 22:00:00,2013-08-07 22:00:00
RWZI Poperinge,2013-08-05 22:00:00,2013-08-05 22:00:00
RWZI Poperinge,2013-08-04 22:00:00,2013-08-04 22:00:00
RWZI Hasselt,2013-07-31 22:00:00,2013-07-31 22:00:00
RWZI niet gedefinieerd,2013-07-30 22:00:00,
RWZI Borgloon - Tivoli,2013-07-29 22:00:00,
RWZI Hasselt,2013-07-24 22:00:00,2013-07-24 22:00:00
RWZI Poperinge,2013-07-24 22:00:00,
RWZI Kluisbergen,2013-07-24 22:00:00,
RWZI Tessenderlo,2013-07-22 22:00:00,2013-07-22 22:00:00
RWZI Watervliet,2013-07-18 22:00:00,
RWZI Watervliet,2013-07-18 22:00:00,2013-07-18 22:00:00
RWZI Deurne,2013-07-17 22:00:00,2013-07-17 22:00:00
RWZI Kluisbergen,2013-07-17 22:00:00,2013-07-17 22:00:00
RWZI Hasselt,2013-07-17 22:00:00,2013-07-17 22:00:00
RWZI Hooglede - Hazelstraat,2013-07-16 22:00:00,2013-07-16 22:00:00
RWZI Bierbeek,2013-07-16 22:00:00,
RWZI Merelbeke,2013-07-16 22:00:00,2013-07-16 22:00:00
RWZI Turnhout,2013-07-16 22:00:00,2013-07-16 22:00:00
RWZI Ninove,2013-07-16 22:00:00,
RWZI Kluisbergen,2013-07-16 22:00:00,2013-07-16 22:00:00
RWZI Sint-Truiden,2013-07-15 22:00:00,
RWZI Turnhout,2013-07-15 22:00:00,2013-07-15 22:00:00
RWZI Tongeren,2013-07-14 22:00:00,
RWZI Tessenderlo,2013-07-14 22:00:00,2013-07-14 22:00:00
RWZI Harelbeke,2013-07-14 22:00:00,
RWZI Blaasveld,2013-07-14 22:00:00,
RWZI niet gedefinieerd,2013-07-10 22:00:00,
RWZI Hasselt,2013-07-10 22:00:00,2013-07-10 22:00:00
RWZI Bierbeek,2013-07-10 22:00:00,
RWZI Destelbergen,2013-07-09 22:00:00,2013-07-09 22:00:00
RWZI Hooglede - Hazelstraat,2013-07-09 22:00:00,2013-07-09 22:00:00
RWZI Hooglede - Hazelstraat,2013-07-09 22:00:00,2013-07-09 22:00:00
RWZI Tessenderlo,2013-07-07 22:00:00,2013-07-07 22:00:00
RWZI Nijlen,2013-07-07 22:00:00,
RWZI Hasselt,2013-07-03 22:00:00,2013-07-03 22:00:00
RWZI Bierbeek,2013-07-02 22:00:00,
RWZI Hooglede - Hazelstraat,2013-07-02 22:00:00,2013-07-02 22:00:00
RWZI niet gedefinieerd,2013-07-02 22:00:00,
RWZI Aalter,2013-07-01 22:00:00,
RWZI Tessenderlo,2013-07-01 22:00:00,2013-07-01 22:00:00
RWZI Kluisbergen,2013-07-01 22:00:00,
RWZI Kluisbergen,2013-07-01 22:00:00,
RWZI Merksem,2013-06-30 22:00:00,
RWZI Aalter,2013-06-27 22:00:00,
RWZI Merelbeke,2013-06-26 22:00:00,2013-06-26 22:00:00
RWZI Hasselt,2013-06-26 22:00:00,2013-06-26 22:00:00
RWZI Aalter,2013-06-26 12:00:00,
RWZI Hooglede - Hazelstraat,2013-06-25 22:00:00,
RWZI Ertvelde,2013-06-25 22:00:00,
RWZI Tessenderlo,2013-06-25 22:00:00,2013-06-25 22:00:00
RWZI Kluisbergen,2013-06-24 22:00:00,
RWZI Poperinge,2013-06-24 22:00:00,
RWZI Evergem,2013-06-24 22:00:00,
RWZI Turnhout,2013-06-24 22:00:00,2013-06-24 22:00:00
RWZI Boorsem,2013-06-23 22:00:00,
RWZI Blaasveld,2013-06-23 22:00:00,
RWZI Edegem,2013-06-23 22:00:00,2013-06-23 22:00:00
RWZI Destelbergen,2013-06-19 22:00:00,2013-06-19 22:00:00
RWZI Hasselt,2013-06-19 22:00:00,2013-06-19 22:00:00
RWZI Deurne,2013-06-19 22:00:00,2013-06-19 22:00:00
RWZI Deurne,2013-06-19 22:00:00,
RWZI Hooglede - Hazelstraat,2013-06-18 22:00:00,2013-06-18 22:00:00
RWZI Kruishoutem,2013-06-16 22:00:00,
RWZI Aalter,2013-06-12 22:00:00,2013-06-12 22:00:00
RWZI Ninove,2013-06-11 22:00:00,
RWZI Destelbergen,2013-06-11 22:00:00,2013-06-11 22:00:00
RWZI Wingene,2013-06-11 22:00:00,
RWZI Destelbergen,2013-06-11 22:00:00,
RWZI Destelbergen,2013-06-11 22:00:00,
RWZI Aalter,2013-06-11 22:00:00,
RWZI Genk,2013-06-11 22:00:00,
RWZI Wingene,2013-06-11 22:00:00,
RWZI Sint-Antelinks,2013-06-10 22:00:00,2013-06-10 22:00:00
RWZI Merksem,2013-06-09 22:00:00,
RWZI Ruisbroek,2013-06-09 22:00:00,
RWZI Koersel,2013-06-09 22:00:00,
RWZI niet gedefinieerd,2013-06-09 22:00:00,
RWZI Retie,2013-06-09 22:00:00,
RWZI Dessel,2013-06-09 22:00:00,
RWZI Menen,2013-06-05 22:00:00,
RWZI Roeselare,2013-06-05 22:00:00,
RWZI Poperinge,2013-06-05 22:00:00,2013-06-05 22:00:00
RWZI Deurne,2013-06-05 22:00:00,2013-06-05 22:00:00
RWZI Aalter,2013-06-05 22:00:00,2013-06-05 22:00:00
RWZI Ruisbroek,2013-06-04 22:00:00,
RWZI Merelbeke,2013-06-04 22:00:00,
RWZI Bierbeek,2013-06-04 22:00:00,
RWZI Grimbergen,2013-06-04 22:00:00,
RWZI Tessenderlo,2013-06-04 22:00:00,2013-06-04 22:00:00
RWZI niet gedefinieerd,2013-06-04 22:00:00,
RWZI Tessenderlo,2013-06-04 22:00:00,2013-06-04 22:00:00
RWZI Menen,2013-06-04 22:00:00,
RWZI Sint-Antelinks,2013-06-03 22:00:00,2013-06-03 22:00:00
RWZI Sint-Antelinks,2013-06-03 22:00:00,2013-06-03 22:00:00
RWZI Sint-Antelinks,2013-06-03 22:00:00,2013-06-03 22:00:00
RWZI Evergem,2013-06-03 22:00:00,2013-06-03 22:00:00
RWZI Kortemark,2013-06-02 22:00:00,
RWZI Sint-Antelinks,2013-06-02 22:00:00,2013-06-02 22:00:00
RWZI Sint-Antelinks,2013-06-02 22:00:00,2013-06-02 22:00:00
RWZI Turnhout,2013-06-02 22:00:00,
RWZI Boorsem,2013-06-02 22:00:00,2013-06-02 22:00:00
RWZI Woumen,2013-06-02 22:00:00,
RWZI Wachtebeke - Overslag,2013-05-29 22:00:00,2013-05-29 22:00:00
RWZI niet gedefinieerd,2013-05-28 22:00:00,
RWZI Aalter,2013-05-28 22:00:00,2013-05-28 22:00:00
RWZI Hulshout,2013-05-28 22:00:00,2013-05-28 22:00:00
RWZI niet gedefinieerd,2013-05-27 22:00:00,
RWZI niet gedefinieerd,2013-05-27 22:00:00,
RWZI Beveren - Leie,2013-05-27 22:00:00,2013-05-27 22:00:00
RWZI niet gedefinieerd,2013-05-27 22:00:00,
RWZI Sint-Truiden,2013-05-27 22:00:00,
RWZI Sint-Truiden,2013-05-27 22:00:00,
RWZI niet gedefinieerd,2013-05-27 22:00:00,
RWZI niet gedefinieerd,2013-05-27 22:00:00,
RWZI niet gedefinieerd,2013-05-27 22:00:00,
RWZI niet gedefinieerd,2013-05-27 22:00:00,
RWZI niet gedefinieerd,2013-05-27 22:00:00,
RWZI niet gedefinieerd,2013-05-27 22:00:00,
RWZI niet gedefinieerd,2013-05-27 22:00:00,
RWZI niet gedefinieerd,2013-05-27 22:00:00,
RWZI niet gedefinieerd,2013-05-27 22:00:00,
RWZI Genk,2013-05-26 22:00:00,2013-05-26 22:00:00
RWZI Edegem,2013-05-26 22:00:00,
RWZI Dessel,2013-05-26 22:00:00,
RWZI Kruishoutem,2013-05-26 22:00:00,
RWZI Retie,2013-05-26 22:00:00,
RWZI Aalst,2013-05-22 22:00:00,2013-05-22 22:00:00
RWZI Deurne,2013-05-22 22:00:00,
RWZI Deurne,2013-05-22 22:00:00,2013-05-22 22:00:00
RWZI Wolfsdonk,2013-05-21 22:00:00,
RWZI Hasselt,2013-05-21 22:00:00,2013-05-21 22:00:00
RWZI Blaasveld,2013-05-20 22:00:00,
RWZI Ninove,2013-05-20 22:00:00,
RWZI Ninove,2013-05-20 22:00:00,
RWZI Merksem,2013-05-19 22:00:00,
RWZI Turnhout,2013-05-14 22:00:00,
RWZI niet gedefinieerd,2013-05-14 22:00:00,
RWZI Evergem,2013-05-13 22:00:00,
RWZI Brugge,2013-05-13 22:00:00,
RWZI Morkhoven,2013-05-12 22:00:00,
RWZI Liedekerke,2013-05-12 22:00:00,
RWZI Brugge,2013-05-12 22:00:00,
RWZI Tessenderlo,2013-05-12 22:00:00,
RWZI Ertvelde,2013-05-12 22:00:00,
RWZI Ertvelde,2013-05-12 22:00:00,
RWZI Leuven,2013-05-06 22:00:00,
RWZI Kruishoutem,2013-05-06 22:00:00,
RWZI Leuven,2013-05-06 22:00:00,
RWZI Wetteren,2013-05-06 22:00:00,2013-05-06 22:00:00
RWZI Sint-Truiden,2013-05-05 22:00:00,
RWZI Sint-Truiden,2013-05-05 22:00:00,
RWZI Dessel,2013-05-05 22:00:00,
RWZI Deurne,2013-05-05 22:00:00,2013-05-05 22:00:00
RWZI Leuven,2013-05-05 22:00:00,
RWZI Retie,2013-05-05 22:00:00,
RWZI Koersel,2013-05-05 22:00:00,
RWZI Gavere,2013-05-01 22:00:00,2013-05-01 22:00:00
RWZI Sint-Antelinks,2013-05-01 22:00:00,
RWZI Blaasveld,2013-05-01 22:00:00,
RWZI Bierbeek,2013-05-01 22:00:00,2013-05-01 22:00:00
RWZI Bree,2013-04-29 22:00:00,
RWZI Heusden,2013-04-29 22:00:00,
RWZI Hulshout,2013-04-28 22:00:00,
RWZI Edegem,2013-04-28 22:00:00,2013-04-28 22:00:00
RWZI Poperinge,2013-04-28 22:00:00,
RWZI Merksem,2013-04-28 22:00:00,
RWZI Herentals,2013-04-28 22:00:00,
RWZI Wolfsdonk,2013-04-28 22:00:00,
RWZI Hulshout,2013-04-28 22:00:00,
RWZI Vlamertinge,2013-04-28 22:00:00,2013-04-28 22:00:00
RWZI Gavere,2013-04-24 22:00:00,2013-04-24 22:00:00
RWZI Merelbeke,2013-04-24 22:00:00,
RWZI Tervuren,2013-04-24 22:00:00,2013-04-24 22:00:00
RWZI Tervuren,2013-04-24 22:00:00,2013-04-24 22:00:00
RWZI Turnhout,2013-04-24 22:00:00,
RWZI Deurne,2013-04-24 22:00:00,
RWZI Deurne,2013-04-24 22:00:00,
RWZI Hasselt,2013-04-23 22:00:00,
RWZI Itegem,2013-04-23 22:00:00,
RWZI Schoten,2013-04-23 22:00:00,
RWZI Bree,2013-04-23 22:00:00,2013-04-23 22:00:00
RWZI Aalter,2013-04-22 22:00:00,
RWZI Zonhoven,2013-04-22 22:00:00,
RWZI Evergem,2013-04-22 22:00:00,
RWZI Zonhoven,2013-04-22 22:00:00,
RWZI Ninove,2013-04-21 22:00:00,
RWZI Ninove,2013-04-21 22:00:00,
RWZI Morkhoven,2013-04-21 22:00:00,
RWZI Retie,2013-04-21 22:00:00,
RWZI Dessel,2013-04-21 22:00:00,
RWZI Sint-Truiden,2013-04-18 22:00:00,
RWZI Sint-Truiden,2013-04-18 22:00:00,
RWZI Edegem,2013-04-17 22:00:00,2013-04-17 22:00:00
RWZI Hasselt,2013-04-16 22:00:00,
RWZI Zichen,2013-04-16 22:00:00,
RWZI niet gedefinieerd,2013-04-16 22:00:00,
RWZI Aalst,2013-04-15 22:00:00,
RWZI Ertvelde,2013-04-14 22:00:00,
RWZI Ertvelde,2013-04-14 22:00:00,
RWZI Deurne,2013-04-14 22:00:00,2013-04-14 22:00:00
RWZI Herentals,2013-04-14 22:00:00,2013-04-14 22:00:00
RWZI Zichem,2013-04-14 22:00:00,2013-04-14 22:00:00
RWZI Diest,2013-04-14 22:00:00,
RWZI Kruishoutem,2013-04-14 22:00:00,2013-04-14 22:00:00
RWZI Wulpen,2013-04-10 22:00:00,2013-04-10 22:00:00
RWZI Wulpen,2013-04-10 22:00:00,2013-04-10 22:00:00
RWZI Alken,2013-04-10 22:00:00,
RWZI Ertvelde,2013-04-09 22:00:00,
RWZI Hasselt,2013-04-09 22:00:00,
RWZI Wulpen,2013-04-09 22:00:00,2013-04-09 22:00:00
RWZI Bilzen,2013-04-09 22:00:00,2013-04-09 22:00:00
RWZI Itegem,2013-04-08 22:00:00,
RWZI Aalter,2013-04-08 22:00:00,
RWZI Koersel,2013-04-07 22:00:00,
RWZI Boorsem,2013-04-07 22:00:00,
RWZI Deurne,2013-04-07 22:00:00,2013-04-07 22:00:00
RWZI Tessenderlo,2013-04-07 22:00:00,2013-04-07 22:00:00
RWZI Hulshout,2013-04-07 22:00:00,
RWZI Morkhoven,2013-04-07 22:00:00,
RWZI Herentals,2013-04-07 22:00:00,
RWZI Wolfsdonk,2013-04-07 22:00:00,2013-04-07 22:00:00
RWZI Geel,2013-04-07 22:00:00,
RWZI Bree,2013-04-03 22:00:00,2013-04-03 22:00:00
RWZI Bilzen,2013-04-02 22:00:00,
RWZI Hasselt,2013-04-02 22:00:00,2013-04-02 22:00:00
RWZI Zichen,2013-04-02 22:00:00,2013-04-02 22:00:00
RWZI Turnhout,2013-04-02 22:00:00,2013-04-02 22:00:00
RWZI Ninove,2013-04-01 22:00:00,
RWZI Evergem,2013-04-01 22:00:00,
RWZI Boorsem,2013-04-01 22:00:00,2013-04-01 22:00:00
RWZI Eisden,2013-04-01 22:00:00,2013-04-01 22:00:00
RWZI Herentals,2013-04-01 22:00:00,
RWZI Deurne,2013-03-31 22:00:00,2013-03-31 22:00:00
RWZI Aalst,2013-03-26 23:00:00,2013-03-26 23:00:00
RWZI Grimbergen,2013-03-26 23:00:00,2013-03-26 23:00:00
RWZI Hasselt,2013-03-26 23:00:00,2013-03-26 23:00:00
RWZI Edegem,2013-03-25 23:00:00,2013-03-25 23:00:00
RWZI Boorsem,2013-03-25 23:00:00,2013-03-25 23:00:00
RWZI Diest,2013-03-25 23:00:00,2013-03-25 23:00:00
RWZI Deurne,2013-03-24 23:00:00,2013-03-24 23:00:00
RWZI Kruishoutem,2013-03-24 23:00:00,
RWZI Zonnebeke,2013-03-21 23:00:00,2013-03-21 23:00:00
RWZI Langemark,2013-03-21 23:00:00,2013-03-21 23:00:00
RWZI Wolfsdonk,2013-03-19 23:00:00,2013-03-19 23:00:00
RWZI Hulshout,2013-03-19 23:00:00,2013-03-19 23:00:00
RWZI Hasselt,2013-03-19 23:00:00,2013-03-19 23:00:00
RWZI Wulpen,2013-03-19 23:00:00,
RWZI Wulpen,2013-03-19 23:00:00,
RWZI Londerzeel,2013-03-19 23:00:00,2013-03-19 23:00:00
RWZI Aalter,2013-03-19 23:00:00,2013-03-19 23:00:00
RWZI Aalter,2013-03-19 23:00:00,2013-03-19 23:00:00
RWZI Aalter,2013-03-19 23:00:00,2013-03-19 23:00:00
RWZI Dessel,2013-03-18 23:00:00,
RWZI Baliebrugge,2013-03-18 23:00:00,2013-03-18 23:00:00
RWZI Engsbergen,2013-03-18 23:00:00,2013-03-18 23:00:00
RWZI Aalst,2013-03-18 23:00:00,2013-03-18 23:00:00
RWZI Mechelen-Noord,2013-03-17 23:00:00,
RWZI Deurne,2013-03-17 23:00:00,2013-03-17 23:00:00
RWZI Kallo,2013-03-17 23:00:00,
RWZI Diest,2013-03-17 23:00:00,
RWZI Poperinge,2013-03-13 23:00:00,
RWZI Oostende,2013-03-13 23:00:00,2013-03-13 23:00:00
RWZI Turnhout,2013-03-12 23:00:00,
RWZI Sint-Truiden,2013-03-12 23:00:00,
RWZI Sint-Truiden,2013-03-12 23:00:00,
RWZI Hasselt,2013-03-12 23:00:00,2013-03-12 23:00:00
RWZI niet gedefinieerd,2013-03-11 23:00:00,
RWZI Zele,2013-03-11 23:00:00,
RWZI Kermt,2013-03-11 23:00:00,
RWZI Retie,2013-03-11 23:00:00,
RWZI Zichen,2013-03-11 23:00:00,
RWZI Evergem,2013-03-11 23:00:00,
RWZI Ertvelde,2013-03-11 23:00:00,
RWZI Deurne,2013-03-10 23:00:00,2013-03-10 23:00:00
RWZI Koersel,2013-03-10 23:00:00,
RWZI Merksem,2013-03-10 23:00:00,
RWZI Morkhoven,2013-03-10 23:00:00,
RWZI Tessenderlo,2013-03-07 23:00:00,2013-03-07 23:00:00
RWZI Ninove,2013-03-06 23:00:00,
RWZI Liedekerke,2013-03-06 23:00:00,
RWZI Hasselt,2013-03-05 23:00:00,2013-03-05 23:00:00
RWZI Edegem,2013-03-05 23:00:00,2013-03-05 23:00:00
RWZI Oostende,2013-03-05 23:00:00,2013-03-05 23:00:00
RWZI niet gedefinieerd,2013-03-05 23:00:00,
RWZI Aalst,2013-03-05 23:00:00,
RWZI niet gedefinieerd,2013-03-05 23:00:00,
RWZI niet gedefinieerd,2013-03-05 23:00:00,
RWZI niet gedefinieerd,2013-03-05 23:00:00,
RWZI Kruishoutem,2013-03-04 23:00:00,2013-03-04 23:00:00
RWZI Oostende,2013-03-03 23:00:00,2013-03-03 23:00:00
RWZI Kluisbergen,2013-03-03 23:00:00,2013-03-03 23:00:00
RWZI Zonhoven,2013-03-03 23:00:00,2013-03-03 23:00:00
RWZI Deurne,2013-03-03 23:00:00,2013-03-03 23:00:00
RWZI Ninove,2013-03-03 23:00:00,
RWZI Ninove,2013-02-27 23:00:00,
RWZI Evergem,2013-02-26 23:00:00,
RWZI Grobbendonk,2013-02-26 23:00:00,
RWZI Temse,2013-02-26 23:00:00,2013-02-26 23:00:00
RWZI Ertvelde,2013-02-26 23:00:00,
RWZI Tessenderlo,2013-02-26 23:00:00,2013-02-26 23:00:00
RWZI Wichelen,2013-02-26 23:00:00,2013-02-26 23:00:00
RWZI Hasselt,2013-02-26 23:00:00,2013-02-26 23:00:00
RWZI niet gedefinieerd,2013-02-25 23:00:00,
RWZI niet gedefinieerd,2013-02-25 23:00:00,
RWZI niet gedefinieerd,2013-02-25 23:00:00,
RWZI Wichelen,2013-02-25 23:00:00,2013-02-25 23:00:00
RWZI Grobbendonk,2013-02-25 23:00:00,2013-02-25 23:00:00
RWZI Blaasveld,2013-02-24 23:00:00,
RWZI Deurne,2013-02-24 23:00:00,2013-02-24 23:00:00
RWZI Wolfsdonk,2013-02-24 23:00:00,2013-02-24 23:00:00
RWZI Hulshout,2013-02-24 23:00:00,2013-02-24 23:00:00
RWZI Koersel,2013-02-24 23:00:00,2013-02-24 23:00:00
RWZI Ninove,2013-02-24 23:00:00,2013-02-24 23:00:00
RWZI Ninove,2013-02-24 23:00:00,2013-02-24 23:00:00
RWZI Bree,2013-02-24 23:00:00,2013-02-24 23:00:00
RWZI Zonhoven,2013-02-20 23:00:00,
RWZI niet gedefinieerd,2013-02-20 23:00:00,
RWZI Pittem,2013-02-20 23:00:00,2013-02-20 23:00:00
RWZI Aalst,2013-02-20 23:00:00,2013-02-20 23:00:00
RWZI Pittem,2013-02-19 23:00:00,2013-02-19 23:00:00
RWZI Hasselt,2013-02-19 23:00:00,2013-02-19 23:00:00
RWZI Beersel,2013-02-19 23:00:00,
RWZI Tessenderlo,2013-02-19 23:00:00,2013-02-19 23:00:00
RWZI Beersel,2013-02-19 23:00:00,
RWZI Diest,2013-02-17 23:00:00,2013-02-17 23:00:00
RWZI De Klinge,2013-02-17 23:00:00,
RWZI niet gedefinieerd,2013-02-17 23:00:00,
RWZI Morkhoven,2013-02-17 23:00:00,
RWZI Kermt,2013-02-17 23:00:00,2013-02-17 23:00:00
RWZI Merksem,2013-02-17 23:00:00,
RWZI Tessenderlo,2013-02-17 23:00:00,2013-02-17 23:00:00
RWZI Beverlo,2013-02-17 23:00:00,
RWZI Beverlo,2013-02-17 23:00:00,
RWZI Bree,2013-02-17 23:00:00,2013-02-17 23:00:00
RWZI Bree,2013-02-17 23:00:00,
RWZI Deurne,2013-02-14 23:00:00,
RWZI Deurne,2013-02-14 23:00:00,
RWZI niet gedefinieerd,2013-02-14 23:00:00,
RWZI Tessenderlo,2013-02-13 23:00:00,2013-02-13 23:00:00
RWZI Hoegaarden,2013-02-13 23:00:00,2013-02-13 23:00:00
RWZI Bierbeek,2013-02-13 23:00:00,2013-02-13 23:00:00
RWZI Blaasveld,2013-02-12 23:00:00,
RWZI Hasselt,2013-02-12 23:00:00,2013-02-12 23:00:00
RWZI Hasselt,2013-02-12 23:00:00,2013-02-12 23:00:00
RWZI Hasselt,2013-02-12 23:00:00,2013-02-12 23:00:00
RWZI Pulderbos,2013-02-11 23:00:00,
RWZI Nijlen,2013-02-11 23:00:00,
RWZI Turnhout,2013-02-10 23:00:00,
RWZI Galmaarden,2013-02-06 23:00:00,
RWZI Koersel,2013-02-06 23:00:00,
RWZI Hasselt,2013-02-05 23:00:00,2013-02-05 23:00:00
RWZI Tessenderlo,2013-02-05 23:00:00,2013-02-05 23:00:00
RWZI Lokeren - Doorslaar,2013-02-04 23:00:00,
RWZI Zandbergen,2013-02-04 23:00:00,2013-02-04 23:00:00
RWZI Heusden,2013-02-04 23:00:00,
RWZI Tessenderlo,2013-01-29 23:00:00,2013-01-29 23:00:00
RWZI Leuven,2013-01-29 23:00:00,
RWZI Schoten,2013-01-29 23:00:00,
RWZI Aartselaar,2013-01-29 23:00:00,
RWZI Wolfsdonk,2013-01-29 23:00:00,
RWZI Bilzen,2013-01-29 23:00:00,
RWZI Hasselt,2013-01-29 23:00:00,
RWZI Oud-Heverlee,2013-01-28 23:00:00,2013-01-28 23:00:00
RWZI Leuven,2013-01-27 23:00:00,
RWZI Merksem,2013-01-27 23:00:00,
RWZI Blaasveld,2013-01-27 23:00:00,
RWZI Kermt,2013-01-23 23:00:00,
RWZI Nijlen,2013-01-23 23:00:00,
RWZI Aalst,2013-01-23 23:00:00,
RWZI Beveren - Leie,2013-01-22 23:00:00,2013-01-22 23:00:00
RWZI Heusden,2013-01-22 23:00:00,2013-01-22 23:00:00
RWZI Tessenderlo,2013-01-22 23:00:00,
RWZI Hasselt,2013-01-22 23:00:00,2013-01-22 23:00:00
RWZI niet gedefinieerd,2013-01-21 23:00:00,
RWZI Lede,2013-01-21 23:00:00,
RWZI Kinrooi - Kessenich,2013-01-21 23:00:00,
RWZI Zichem,2013-01-20 23:00:00,
RWZI Diest,2013-01-20 23:00:00,
RWZI Hulshout,2013-01-20 23:00:00,
RWZI De Klinge,2013-01-20 23:00:00,
RWZI Edegem,2013-01-20 23:00:00,
RWZI Ninove - Rendestede,2013-01-20 23:00:00,
RWZI Ertvelde,2013-01-16 23:00:00,
RWZI Ertvelde,2013-01-16 23:00:00,2013-01-16 23:00:00
RWZI Ertvelde,2013-01-16 23:00:00,2013-01-16 23:00:00
RWZI Tessenderlo,2013-01-15 23:00:00,
RWZI Turnhout,2013-01-15 23:00:00,
RWZI Zonhoven,2013-01-15 23:00:00,2013-01-15 23:00:00
RWZI Hasselt,2013-01-15 23:00:00,
RWZI niet gedefinieerd,2013-01-15 23:00:00,
RWZI Koersel,2013-01-13 23:00:00,
RWZI Kermt,2013-01-13 23:00:00,
RWZI Ninove,2013-01-13 23:00:00,
RWZI Merksem,2013-01-13 23:00:00,
WZI Colruyt Barry Halle,2013-01-13 23:00:00,
RWZI Tessenderlo,2013-01-13 23:00:00,
RWZI Ertvelde,2013-01-09 23:00:00,2013-01-09 23:00:00
RWZI Ertvelde,2013-01-09 23:00:00,2013-01-09 23:00:00
RWZI Ertvelde,2013-01-09 23:00:00,2013-01-09 23:00:00
RWZI Ruisbroek,2013-01-08 23:00:00,
RWZI Herentals,2013-01-08 23:00:00,
RWZI Beverlo,2013-01-08 23:00:00,
RWZI Morkhoven,2013-01-08 23:00:00,
RWZI Alken,2013-01-07 23:00:00,
RWZI Alken,2013-01-07 23:00:00,
RWZI Merksem,2013-01-06 23:00:00,
RWZI Tongeren,2013-01-06 23:00:00,
RWZI Tessenderlo,2013-01-06 23:00:00,
RWZI Ruisbroek,2013-01-06 23:00:00,
RWZI Retie,2013-01-06 23:00:00,
RWZI Dessel,2013-01-06 23:00:00,
RWZI Diest,2013-01-06 23:00:00,
RWZI Dilsen,2013-01-06 23:00:00,
RWZI Schoten,2013-01-06 23:00:00,
RWZI Houthalen-Oost,2013-01-02 23:00:00,
RWZI Hasselt,2013-01-02 23:00:00,
RWZI Lede,2012-12-27 23:00:00,2012-12-27 23:00:00
RWZI Koersel,2012-12-18 23:00:00,
RWZI Grobbendonk,2012-12-18 23:00:00,2012-12-18 23:00:00
RWZI De Klinge,2012-12-18 23:00:00,
RWZI Tessenderlo,2012-12-17 23:00:00,2012-12-17 23:00:00
RWZI Hasselt,2012-12-16 23:00:00,
RWZI Evergem,2012-12-16 23:00:00,
RWZI Merksem,2012-12-16 23:00:00,
RWZI Retie,2012-12-16 23:00:00,
RWZI Zichem,2012-12-16 23:00:00,
RWZI Tessenderlo,2012-12-16 23:00:00,
RWZI Diest,2012-12-16 23:00:00,
RWZI De Klinge,2012-12-11 23:00:00,
WZI Colruyt Barry Halle,2012-12-10 23:00:00,
RWZI Temse,2012-12-10 23:00:00,
RWZI Bornem,2012-12-10 23:00:00,2012-12-10 23:00:00
RWZI Herentals,2012-12-09 23:00:00,
RWZI Turnhout,2012-12-09 23:00:00,
RWZI Kinrooi-Molenbeersel,2012-12-05 23:00:00,
RWZI Aalst,2012-12-05 23:00:00,
RWZI Hoegaarden,2012-12-04 23:00:00,
RWZI Edegem,2012-12-04 23:00:00,
RWZI Oplinter,2012-12-04 23:00:00,
RWZI Mol,2012-12-03 23:00:00,
RWZI Varenbergbeek,2012-12-03 23:00:00,2012-12-03 23:00:00
RWZI Koersel,2012-12-02 23:00:00,2012-12-02 23:00:00
RWZI Dessel,2012-12-02 23:00:00,
RWZI Retie,2012-12-02 23:00:00,
RWZI Kruishoutem,2012-12-02 23:00:00,2012-12-02 23:00:00
RWZI Kruishoutem,2012-12-01 23:00:00,2012-12-01 23:00:00
RWZI Diest,2012-12-01 23:00:00,
RWZI Kruishoutem,2012-12-01 23:00:00,2012-12-01 23:00:00
RWZI Evergem,2012-11-28 23:00:00,
RWZI Turnhout,2012-11-27 23:00:00,
RWZI Berendrecht,2012-11-27 23:00:00,
RWZI Liedekerke,2012-11-26 23:00:00,
RWZI Zolder,2012-11-25 23:00:00,
RWZI Edegem,2012-11-25 23:00:00,
RWZI Steenokkerzeel-Noord,2012-11-25 23:00:00,
RWZI Berendrecht,2012-11-21 23:00:00,
RWZI Merksem,2012-11-21 23:00:00,
RWZI Merksem,2012-11-21 23:00:00,
RWZI Zele,2012-11-19 23:00:00,
RWZI Galmaarden,2012-11-19 23:00:00,
RWZI Mechelen-Noord,2012-11-18 23:00:00,
RWZI Houthalen-Oost,2012-11-15 23:00:00,
RWZI Bornem,2012-11-13 23:00:00,
RWZI Oud-Heverlee,2012-11-12 23:00:00,2012-11-12 23:00:00
RWZI Oud-Heverlee,2012-11-12 23:00:00,2012-11-12 23:00:00
RWZI Oud-Heverlee,2012-11-12 23:00:00,2012-11-12 23:00:00
RWZI Diest,2012-11-11 23:00:00,
RWZI Grobbendonk,2012-11-11 23:00:00,
RWZI Grobbendonk,2012-11-11 23:00:00,
RWZI Koersel,2012-11-11 23:00:00,
RWZI Herentals,2012-11-11 23:00:00,
RWZI Herentals,2012-11-11 23:00:00,
RWZI Tessenderlo,2012-11-06 23:00:00,
RWZI Steenokkerzeel-Noord,2012-11-04 23:00:00,
RWZI Edegem,2012-11-04 23:00:00,
RWZI Houthalen-Oost,2012-11-04 23:00:00,
RWZI Kinrooi-Molenbeersel,2012-10-29 23:00:00,
RWZI Dessel,2012-10-29 23:00:00,2012-10-29 23:00:00
RWZI Retie,2012-10-29 23:00:00,2012-10-29 23:00:00
RWZI Ieper,2012-10-24 22:00:00,
RWZI Bree,2012-10-24 22:00:00,
RWZI Mechelen-Noord,2012-10-23 22:00:00,
RWZI Grobbendonk,2012-10-23 22:00:00,
RWZI Lanaken,2012-10-23 22:00:00,
RWZI Zolder,2012-10-23 22:00:00,
RWZI Baliebrugge,2012-10-22 22:00:00,2012-10-22 22:00:00
RWZI Ieper,2012-10-22 22:00:00,
"Bierbeek, beheer IBA's",2012-10-18 22:00:00,
RWZI Zolder,2012-10-17 22:00:00,
RWZI Turnhout,2012-10-17 22:00:00,
RWZI Koersel,2012-10-16 22:00:00,
RWZI Aalst,2012-10-14 22:00:00,2012-10-14 22:00:00
RWZI Edegem,2012-10-14 22:00:00,
RWZI Overschelde,2012-10-14 22:00:00,
RWZI niet gedefinieerd,2012-10-11 22:00:00,
RWZI Ravels,2012-10-07 22:00:00,2012-10-07 22:00:00
RWZI Steenokkerzeel-Noord,2012-10-07 22:00:00,2012-10-07 22:00:00
RWZI Grobbendonk,2012-10-07 22:00:00,2012-10-07 22:00:00
RWZI niet gedefinieerd,2012-10-04 22:00:00,
RWZI niet gedefinieerd,2012-10-03 22:00:00,
RWZI Edegem,2012-10-03 22:00:00,
RWZI Leuven,2012-10-02 22:00:00,
RWZI niet gedefinieerd,2012-10-01 22:00:00,
RWZI Oostende,2012-10-01 22:00:00,2012-10-01 22:00:00
RWZI Morkhoven,2012-09-30 22:00:00,2012-09-30 22:00:00
RWZI Diest,2012-09-30 22:00:00,2012-09-30 22:00:00
RWZI niet gedefinieerd,2012-09-27 22:00:00,
RWZI Hooglede - Hazelstraat,2012-09-25 22:00:00,2012-09-25 22:00:00
RWZI Bierbeek,2012-09-23 22:00:00,2012-09-23 22:00:00
RWZI Rollegem,2012-09-23 22:00:00,2012-09-23 22:00:00
RWZI Rollegem,2012-09-23 22:00:00,2012-09-23 22:00:00
RWZI niet gedefinieerd,2012-09-23 22:00:00,
RWZI Steenokkerzeel-Noord,2012-09-19 22:00:00,
RWZI niet gedefinieerd,2012-09-17 22:00:00,
RWZI Ravels,2012-09-16 22:00:00,2012-09-16 22:00:00
RWZI Turnhout,2012-09-16 22:00:00,2012-09-16 22:00:00
RWZI Roeselare,2012-09-12 22:00:00,
RWZI Eeklo,2012-09-11 22:00:00,
RWZI Leuven,2012-09-11 22:00:00,
RWZI Zolder,2012-09-10 22:00:00,
RWZI Edegem,2012-09-05 22:00:00,
RWZI Ravels,2012-09-02 22:00:00,
RWZI Ravels,2012-09-02 22:00:00,
RWZI niet gedefinieerd,2012-08-30 22:00:00,
RWZI Leuven,2012-08-28 22:00:00,2012-08-28 22:00:00
RWZI Sint-Pieters-Leeuw,2012-08-26 22:00:00,2012-08-26 22:00:00
RWZI Bree,2012-08-26 22:00:00,2012-08-26 22:00:00
RWZI Ravels,2012-08-26 22:00:00,2012-08-26 22:00:00
RWZI Ravels,2012-08-26 22:00:00,2012-08-26 22:00:00
RWZI Sint-Pieters-Leeuw,2012-08-26 22:00:00,2012-08-26 22:00:00
RWZI Ravels,2012-08-23 22:00:00,2012-08-23 22:00:00
RWZI Ravels,2012-08-23 22:00:00,2012-08-23 22:00:00
RWZI Aalst,2012-08-23 22:00:00,
RWZI Bree,2012-08-22 22:00:00,
RWZI Harelbeke,2012-08-21 22:00:00,2012-08-21 22:00:00
RWZI Houthalen-Centrum,2012-08-21 22:00:00,2012-08-21 22:00:00
RWZI niet gedefinieerd,2012-08-21 22:00:00,
RWZI Sint-Pieters-Leeuw,2012-08-20 22:00:00,
RWZI Sint-Pieters-Leeuw,2012-08-20 22:00:00,
RWZI Turnhout,2012-08-19 22:00:00,
RWZI Aalst,2012-08-19 22:00:00,2012-08-19 22:00:00
RWZI Diest,2012-08-12 22:00:00,2012-08-12 22:00:00
RWZI Bree,2012-08-08 22:00:00,2012-08-08 22:00:00
RWZI Bree,2012-08-08 22:00:00,2012-08-08 22:00:00
RWZI Bree,2012-08-07 22:00:00,2012-08-07 22:00:00
RWZI Bree,2012-08-07 22:00:00,2012-08-07 22:00:00
RWZI Bree,2012-08-07 22:00:00,2012-08-07 22:00:00
RWZI Eksel,2012-08-01 22:00:00,
RWZI Peer,2012-08-01 22:00:00,
RWZI Lommel,2012-07-31 22:00:00,
RWZI Dilsen,2012-07-31 22:00:00,
RWZI Bree,2012-07-31 22:00:00,2012-07-31 22:00:00
RWZI Sint-Pieters-Leeuw,2012-07-29 22:00:00,2012-07-29 22:00:00
RWZI Sint-Pieters-Leeuw,2012-07-29 22:00:00,2012-07-29 22:00:00
RWZI Baliebrugge,2012-07-29 22:00:00,2012-07-29 22:00:00
RWZI niet gedefinieerd,2012-07-25 22:00:00,
RWZI Aalst,2012-07-25 22:00:00,2012-07-25 22:00:00
RWZI Overpelt,2012-07-22 22:00:00,
RWZI Bocholt,2012-07-22 22:00:00,
RWZI Turnhout,2012-07-22 22:00:00,
RWZI Achel,2012-07-22 22:00:00,
RWZI Diest,2012-07-22 22:00:00,
RWZI Hulshout,2012-07-17 22:00:00,2012-07-17 22:00:00
RWZI Oosterzele,2012-07-15 22:00:00,
RWZI Nijlen,2012-07-15 22:00:00,
RWZI Gent,2012-07-15 22:00:00,2012-07-15 22:00:00
RWZI Messelbroek,2012-07-15 22:00:00,
RWZI Roeselare,2012-07-09 22:00:00,2012-07-09 22:00:00
RWZI Merelbeke,2012-07-09 22:00:00,
RWZI Gent,2012-07-09 22:00:00,
RWZI Gistel - Moere,2012-07-09 22:00:00,2012-07-09 22:00:00
RWZI Gistel - Moere,2012-07-09 22:00:00,2012-07-09 22:00:00
RWZI Tienen,2012-07-08 22:00:00,2012-07-08 22:00:00
RWZI Diest,2012-07-08 22:00:00,
RWZI Wingene - Sint-Pietersveld,2012-07-08 22:00:00,2012-07-08 22:00:00
RWZI Wingene - Sint-Pietersveld,2012-07-08 22:00:00,2012-07-08 22:00:00
RWZI Wingene - Sint-Pietersveld,2012-07-08 22:00:00,2012-07-08 22:00:00
RWZI Sint-Pieters-Leeuw,2012-07-08 22:00:00,2012-07-08 22:00:00
RWZI Sint-Pieters-Leeuw,2012-07-08 22:00:00,2012-07-08 22:00:00
RWZI Koersel,2012-07-08 22:00:00,
RWZI Aalst,2012-07-08 22:00:00,
RWZI Tienen,2012-07-05 22:00:00,2012-07-05 22:00:00
RWZI Gistel - Moere,2012-07-04 22:00:00,2012-07-04 22:00:00
RWZI Hulshout,2012-07-04 22:00:00,2012-07-04 22:00:00
RWZI Tienen,2012-07-04 22:00:00,
RWZI Blaasveld,2012-07-03 22:00:00,2012-07-03 22:00:00
RWZI Ledegem,2012-07-03 22:00:00,
RWZI Itegem,2012-07-03 22:00:00,
RWZI Zemst - Hofstade,2012-07-02 22:00:00,2012-07-02 22:00:00
RWZI Zemst - Hofstade,2012-07-02 22:00:00,
RWZI Zemst - Hofstade,2012-07-02 22:00:00,
RWZI Nijlen,2012-07-01 22:00:00,
RWZI niet gedefinieerd,2012-07-01 22:00:00,
RWZI Gent,2012-06-28 22:00:00,2012-06-28 22:00:00
RWZI Gent,2012-06-28 22:00:00,
RWZI Zemst - Hofstade,2012-06-27 22:00:00,2012-06-27 22:00:00
RWZI Lanaken,2012-06-27 22:00:00,
RWZI Morkhoven,2012-06-26 22:00:00,2012-06-26 22:00:00
RWZI niet gedefinieerd,2012-06-26 22:00:00,
RWZI Tongeren,2012-06-25 22:00:00,2012-06-25 22:00:00
RWZI Baliebrugge,2012-06-24 22:00:00,2012-06-24 22:00:00
RWZI niet gedefinieerd,2012-06-24 22:00:00,
RWZI Messelbroek,2012-06-24 22:00:00,2012-06-24 22:00:00
RWZI Aalst,2012-06-20 22:00:00,
RWZI Roeselare,2012-06-19 22:00:00,
RWZI Zoersel,2012-06-18 22:00:00,2012-06-18 22:00:00
RWZI Merksem,2012-06-18 22:00:00,2012-06-18 22:00:00
RWZI niet gedefinieerd,2012-06-18 22:00:00,
RWZI Herentals,2012-06-17 22:00:00,
RWZI Pulderbos,2012-06-17 22:00:00,
RWZI Sint-Pieters-Leeuw,2012-06-17 22:00:00,2012-06-17 22:00:00
RWZI Turnhout,2012-06-17 22:00:00,2012-06-17 22:00:00
RWZI Sint-Pieters-Leeuw,2012-06-17 22:00:00,2012-06-17 22:00:00
RWZI Nijlen,2012-06-13 22:00:00,
RWZI Itegem,2012-06-13 22:00:00,2012-06-13 22:00:00
RWZI Hulshout,2012-06-12 22:00:00,
RWZI Hulshout,2012-06-12 22:00:00,
RWZI Hulshout,2012-06-12 22:00:00,2012-06-12 22:00:00
RWZI Hulshout,2012-06-12 22:00:00,2012-06-12 22:00:00
RWZI Liedekerke,2012-06-11 22:00:00,2012-06-11 22:00:00
RWZI Engsbergen,2012-06-10 22:00:00,
RWZI Zichem,2012-06-10 22:00:00,
RWZI Diest,2012-06-10 22:00:00,
RWZI Blaasveld,2012-06-06 22:00:00,
RWZI Hamont,2012-06-05 22:00:00,
RWZI Morkhoven,2012-06-04 22:00:00,
RWZI Wolfsdonk,2012-06-04 22:00:00,
RWZI Hulshout,2012-06-04 22:00:00,2012-06-04 22:00:00
RWZI Deinze,2012-06-03 22:00:00,
RWZI Oosterzele,2012-06-03 22:00:00,2012-06-03 22:00:00
RWZI Hasselt,2012-06-03 22:00:00,2012-06-03 22:00:00
RWZI Messelbroek,2012-06-03 22:00:00,
RWZI Engsbergen,2012-06-03 22:00:00,2012-06-03 22:00:00
RWZI Varenbergbeek,2012-06-03 22:00:00,
RWZI Merksem,2012-06-03 22:00:00,
RWZI Itegem,2012-06-03 22:00:00,
RWZI Koersel,2012-06-03 22:00:00,2012-06-03 22:00:00
RWZI Varenbergbeek,2012-06-03 22:00:00,
RWZI Edegem,2012-05-31 22:00:00,
RWZI Ledegem,2012-05-31 22:00:00,
RWZI Bree,2012-05-30 22:00:00,
RWZI Deinze,2012-05-29 22:00:00,2012-05-29 22:00:00
RWZI Turnhout,2012-05-29 22:00:00,
RWZI Roeselare,2012-05-29 22:00:00,
RWZI Zemst - Hofstade,2012-05-28 22:00:00,
RWZI Destelbergen,2012-05-28 22:00:00,
RWZI Hulshout,2012-05-28 22:00:00,
RWZI Sint-Pieters-Leeuw,2012-05-27 22:00:00,
RWZI Sint-Pieters-Leeuw,2012-05-27 22:00:00,
RWZI Baliebrugge,2012-05-27 22:00:00,
RWZI Mechelen-Noord,2012-05-24 22:00:00,
RWZI Hamont,2012-05-23 22:00:00,2012-05-23 22:00:00
RWZI Deinze,2012-05-23 22:00:00,2012-05-23 22:00:00
RWZI Blaasveld,2012-05-23 22:00:00,
RWZI Hamont,2012-05-23 22:00:00,2012-05-23 22:00:00
RWZI Hasselt,2012-05-22 22:00:00,2012-05-22 22:00:00
RWZI Hamont,2012-05-21 22:00:00,
RWZI Wolfsdonk,2012-05-20 22:00:00,
RWZI Engsbergen,2012-05-20 22:00:00,
RWZI Diest,2012-05-20 22:00:00,2012-05-20 22:00:00
RWZI Deurne,2012-05-20 22:00:00,
RWZI Tongeren,2012-05-20 22:00:00,
RWZI Oosterzele,2012-05-14 22:00:00,
RWZI Dessel,2012-05-14 22:00:00,
RWZI Morkhoven,2012-05-14 22:00:00,2012-05-14 22:00:00
RWZI Bree,2012-05-13 22:00:00,2012-05-13 22:00:00
RWZI Bree,2012-05-13 22:00:00,2012-05-13 22:00:00
RWZI Brugge,2012-05-13 22:00:00,
RWZI Bree,2012-05-12 22:00:00,2012-05-12 22:00:00
RWZI Kinrooi-Molenbeersel,2012-05-09 22:00:00,
RWZI niet gedefinieerd,2012-05-09 22:00:00,
RWZI Retie,2012-05-08 22:00:00,
RWZI Ledegem,2012-05-08 22:00:00,
RWZI Houthalen-Oost,2012-05-08 22:00:00,
RWZI Roeselare,2012-05-08 22:00:00,
RWZI Roeselare,2012-05-08 22:00:00,
RWZI Koersel,2012-05-08 22:00:00,
RWZI Zolder,2012-05-08 22:00:00,
RWZI Itegem,2012-05-08 22:00:00,
RWZI Liedekerke,2012-05-07 22:00:00,
RWZI Moorslede,2012-05-07 22:00:00,
RWZI Turnhout,2012-05-06 22:00:00,
RWZI Zemst - Hofstade,2012-05-06 22:00:00,2012-05-06 22:00:00
RWZI Sint-Pieters-Leeuw,2012-05-06 22:00:00,
RWZI Sint-Pieters-Leeuw,2012-05-06 22:00:00,
RWZI Hasselt,2012-05-06 22:00:00,2012-05-06 22:00:00
RWZI Bree,2012-05-06 22:00:00,2012-05-06 22:00:00
RWZI Ruddervoorde,2012-05-06 22:00:00,
RWZI Herentals,2012-05-06 22:00:00,
RWZI Baliebrugge,2012-05-06 22:00:00,2012-05-06 22:00:00
RWZI Wingene,2012-05-06 22:00:00,
RWZI niet gedefinieerd,2012-05-03 22:00:00,
RWZI Dendermonde,2012-05-03 22:00:00,
RWZI Dendermonde,2012-05-03 22:00:00,
RWZI niet gedefinieerd,2012-05-03 22:00:00,
RWZI Hulshout,2012-05-02 22:00:00,2012-05-02 22:00:00
RWZI Wolfsdonk,2012-05-02 22:00:00,
RWZI Bree,2012-05-01 22:00:00,2012-05-01 22:00:00
RWZI Aalst,2012-05-01 22:00:00,
RWZI Engsbergen,2012-05-01 22:00:00,
RWZI Merksem,2012-05-01 22:00:00,
RWZI Deurne,2012-05-01 22:00:00,
RWZI Diest,2012-05-01 22:00:00,
RWZI Ninove,2012-04-29 22:00:00,
RWZI niet gedefinieerd,2012-04-26 22:00:00,
RWZI niet gedefinieerd,2012-04-26 22:00:00,
RWZI niet gedefinieerd,2012-04-26 22:00:00,
RWZI niet gedefinieerd,2012-04-26 22:00:00,
RWZI niet gedefinieerd,2012-04-26 22:00:00,
RWZI Dilsen,2012-04-25 22:00:00,
RWZI Bilzen,2012-04-24 22:00:00,
RWZI Morkhoven,2012-04-23 22:00:00,
RWZI niet gedefinieerd,2012-04-23 22:00:00,
RWZI Kermt,2012-04-22 22:00:00,
RWZI Messelbroek,2012-04-22 22:00:00,
RWZI Oosterzele,2012-04-22 22:00:00,
RWZI Zichem,2012-04-22 22:00:00,
RWZI Sint-Amands,2012-04-19 22:00:00,
RWZI Sint-Amands,2012-04-18 22:00:00,
RWZI Deurne,2012-04-18 22:00:00,
RWZI Turnhout,2012-04-17 22:00:00,
RWZI Baliebrugge,2012-04-17 22:00:00,2012-04-17 22:00:00
RWZI Landen - Rumsdorp,2012-04-17 22:00:00,2012-04-17 22:00:00
RWZI Baliebrugge,2012-04-17 22:00:00,2012-04-17 22:00:00
RWZI Oud-Heverlee,2012-04-16 22:00:00,2012-04-16 22:00:00
RWZI Oud-Heverlee,2012-04-16 22:00:00,2012-04-16 22:00:00
RWZI Tongeren,2012-04-16 22:00:00,
RWZI Engsbergen,2012-04-15 22:00:00,2012-04-15 22:00:00
RWZI Beverlo,2012-04-15 22:00:00,2012-04-15 22:00:00
RWZI Sint-Pieters-Leeuw,2012-04-15 22:00:00,
RWZI Sint-Pieters-Leeuw,2012-04-15 22:00:00,
RWZI Herentals,2012-04-15 22:00:00,
RWZI Hasselt,2012-04-15 22:00:00,
RWZI Galmaarden,2012-04-15 22:00:00,
RWZI Meer,2012-04-11 22:00:00,2012-04-11 22:00:00
RWZI Galmaarden,2012-04-10 22:00:00,
RWZI Meer,2012-04-10 22:00:00,2012-04-10 22:00:00
RWZI Kinrooi-Molenbeersel,2012-04-10 22:00:00,
RWZI Beverlo,2012-04-10 22:00:00,
RWZI Berendrecht,2012-04-09 22:00:00,
RWZI Liedekerke,2012-04-09 22:00:00,
RWZI Alken,2012-04-09 22:00:00,
RWZI De Klinge,2012-04-09 22:00:00,2012-04-09 22:00:00
RWZI Meer,2012-04-09 22:00:00,2012-04-09 22:00:00
RWZI De Klinge,2012-04-09 22:00:00,2012-04-09 22:00:00
RWZI Hoeselt,2012-04-09 22:00:00,
RWZI Hasselt,2012-04-09 22:00:00,
RWZI Jabbeke,2012-04-09 22:00:00,
RWZI Engsbergen,2012-04-09 22:00:00,
RWZI Hulshout,2012-04-09 22:00:00,
RWZI Alken,2012-04-09 22:00:00,
RWZI Ninove,2012-04-08 22:00:00,
RWZI niet gedefinieerd,2012-04-04 22:00:00,
RWZI Bree,2012-04-04 22:00:00,
RWZI Deurne,2012-04-03 22:00:00,
RWZI Deurne,2012-04-03 22:00:00,
RWZI Hamont,2012-04-03 22:00:00,
RWZI Morkhoven,2012-04-02 22:00:00,
RWZI Sinaai,2012-04-01 22:00:00,
Slibdroger Deurne,2012-04-01 22:00:00,
RWZI Sint-Pieters-Leeuw,2012-04-01 22:00:00,2012-04-01 22:00:00
RWZI Sint-Pieters-Leeuw,2012-04-01 22:00:00,2012-04-01 22:00:00
RWZI Sint-Truiden,2012-04-01 22:00:00,
RWZI Oosterzele,2012-04-01 22:00:00,
RWZI Sint-Truiden,2012-04-01 22:00:00,
RWZI Berendrecht,2012-04-01 22:00:00,
RWZI Berendrecht,2012-04-01 22:00:00,
RWZI Berendrecht,2012-04-01 22:00:00,
RWZI Berendrecht,2012-04-01 22:00:00,
RWZI Bornem,2012-04-01 22:00:00,
RWZI Edegem,2012-04-01 22:00:00,
RWZI Jabbeke,2012-04-01 22:00:00,2012-04-01 22:00:00
RWZI Turnhout,2012-03-27 22:00:00,
RWZI Grimbergen,2012-03-27 22:00:00,2012-03-27 22:00:00
RWZI Grimbergen,2012-03-27 22:00:00,
RWZI Jabbeke,2012-03-27 22:00:00,
RWZI Bilzen,2012-03-27 22:00:00,
RWZI Landen - Rumsdorp,2012-03-27 22:00:00,
RWZI Geetbets,2012-03-27 22:00:00,2012-03-27 22:00:00
RWZI Houthalen-Oost,2012-03-26 22:00:00,2012-03-26 22:00:00
RWZI Zolder,2012-03-26 22:00:00,2012-03-26 22:00:00
RWZI Eeklo,2012-03-26 22:00:00,2012-03-26 22:00:00
RWZI Deurne,2012-03-26 22:00:00,
RWZI Berendrecht,2012-03-25 22:00:00,2012-03-25 22:00:00
RWZI Herentals,2012-03-25 22:00:00,
RWZI Wommelgem,2012-03-25 22:00:00,
RWZI Sint-Truiden,2012-03-25 22:00:00,2012-03-25 22:00:00
RWZI Oostende,2012-03-25 22:00:00,
RWZI Sint-Truiden,2012-03-25 22:00:00,2012-03-25 22:00:00
RWZI Oostende,2012-03-25 22:00:00,
RWZI Lommel,2012-03-22 23:00:00,2012-03-22 23:00:00
RWZI Zonhoven,2012-03-21 23:00:00,2012-03-21 23:00:00
RWZI Wolfsdonk,2012-03-20 23:00:00,
RWZI Morkhoven,2012-03-20 23:00:00,
RWZI Deurne,2012-03-19 23:00:00,
RWZI Bilzen,2012-03-18 23:00:00,
RWZI Hasselt,2012-03-18 23:00:00,2012-03-18 23:00:00
RWZI Jabbeke,2012-03-18 23:00:00,2012-03-18 23:00:00
RWZI Engsbergen,2012-03-18 23:00:00,2012-03-18 23:00:00
RWZI Messelbroek,2012-03-18 23:00:00,
RWZI Tongeren,2012-03-18 23:00:00,2012-03-18 23:00:00
RWZI Bree,2012-03-18 23:00:00,2012-03-18 23:00:00
RWZI Tongeren,2012-03-18 23:00:00,2012-03-18 23:00:00
RWZI Jabbeke,2012-03-16 23:00:00,2012-03-16 23:00:00
RWZI Lommel,2012-03-14 23:00:00,2012-03-14 23:00:00
RWZI niet gedefinieerd,2012-03-14 23:00:00,
RWZI niet gedefinieerd,2012-03-14 23:00:00,
RWZI Essen,2012-03-13 23:00:00,
RWZI Tienen,2012-03-13 23:00:00,
RWZI Tienen,2012-03-13 23:00:00,2012-03-13 23:00:00
RWZI niet gedefinieerd,2012-03-13 23:00:00,
RWZI Oplinter,2012-03-13 23:00:00,
RWZI niet gedefinieerd,2012-03-13 23:00:00,
RWZI Sint-Truiden,2012-03-12 23:00:00,2012-03-12 23:00:00
RWZI Deurne,2012-03-12 23:00:00,
RWZI Edegem,2012-03-12 23:00:00,
RWZI Oosterzele,2012-03-11 23:00:00,2012-03-11 23:00:00
RWZI Destelbergen,2012-03-11 23:00:00,2012-03-11 23:00:00
RWZI Schoten,2012-03-11 23:00:00,2012-03-11 23:00:00
RWZI Riemst,2012-03-11 23:00:00,2012-03-11 23:00:00
RWZI Riemst,2012-03-11 23:00:00,2012-03-11 23:00:00
RWZI Riemst,2012-03-11 23:00:00,2012-03-11 23:00:00
RWZI Jabbeke,2012-03-10 23:00:00,
RWZI Temse,2012-03-07 23:00:00,2012-03-07 23:00:00
RWZI Hulshout,2012-03-06 23:00:00,2012-03-06 23:00:00
RWZI Hulshout,2012-03-06 23:00:00,
RWZI Steenokkerzeel-Noord,2012-03-06 23:00:00,
RWZI Elsegem,2012-03-05 23:00:00,
RWZI Bree,2012-03-05 23:00:00,2012-03-05 23:00:00
RWZI Deurne,2012-03-04 23:00:00,
RWZI Hasselt,2012-03-04 23:00:00,
RWZI Deurne,2012-03-04 23:00:00,
RWZI Jabbeke,2012-03-03 23:00:00,2012-03-03 23:00:00
RWZI Oostende,2012-03-01 23:00:00,
RWZI Sint-Jan-In-Eremo,2012-02-29 23:00:00,2012-02-29 23:00:00
RWZI niet gedefinieerd,2012-02-29 23:00:00,
RWZI Houthalen-Centrum,2012-02-28 23:00:00,
RWZI niet gedefinieerd,2012-02-28 23:00:00,
RWZI Tessenderlo,2012-02-28 23:00:00,
RWZI Brugge,2012-02-28 23:00:00,
RWZI Sint-Truiden,2012-02-28 23:00:00,
RWZI Sint-Truiden,2012-02-28 23:00:00,
RWZI Halen,2012-02-28 23:00:00,
RWZI niet gedefinieerd,2012-02-28 23:00:00,
RWZI Boorsem,2012-02-27 23:00:00,
RWZI Ninove,2012-02-26 23:00:00,
RWZI Koersel,2012-02-26 23:00:00,
RWZI Diest,2012-02-26 23:00:00,
RWZI Zonhoven,2012-02-26 23:00:00,
RWZI Engsbergen,2012-02-26 23:00:00,2012-02-26 23:00:00
RWZI Steenokkerzeel-Noord,2012-02-22 23:00:00,
RWZI Heist,2012-02-21 23:00:00,
RWZI Zele,2012-02-21 23:00:00,
RWZI Deurne,2012-02-20 23:00:00,
RWZI Deurne,2012-02-20 23:00:00,
RWZI Deinze,2012-02-20 23:00:00,
RWZI Deurne,2012-02-20 23:00:00,
RWZI Jabbeke,2012-02-19 23:00:00,
RWZI Menen,2012-02-19 23:00:00,
RWZI Oosterzele,2012-02-19 23:00:00,
RWZI niet gedefinieerd,2012-02-19 23:00:00,
RWZI Alken,2012-02-19 23:00:00,
RWZI Alken,2012-02-19 23:00:00,
RWZI Ninove,2012-02-15 23:00:00,
RWZI Destelbergen,2012-02-15 23:00:00,
RWZI Destelbergen,2012-02-15 23:00:00,
RWZI Destelbergen,2012-02-15 23:00:00,
RWZI Destelbergen,2012-02-15 23:00:00,
RWZI Galmaarden,2012-02-15 23:00:00,
RWZI Jabbeke,2012-02-14 23:00:00,2012-02-14 23:00:00
RWZI Lommel,2012-02-13 23:00:00,
RWZI Alken,2012-02-13 23:00:00,
RWZI Lommel,2012-02-13 23:00:00,
RWZI Blaasveld,2012-02-12 23:00:00,
RWZI Morkhoven,2012-02-12 23:00:00,
RWZI Grobbendonk,2012-02-12 23:00:00,2012-02-12 23:00:00
RWZI Grobbendonk,2012-02-09 23:00:00,2012-02-09 23:00:00
RWZI Oosterzele,2012-02-08 23:00:00,
RWZI Oosterzele,2012-02-08 23:00:00,
RWZI Oosterzele,2012-02-06 23:00:00,
RWZI Kinrooi - Kessenich,2012-02-06 23:00:00,
RWZI Oosterzele,2012-02-06 23:00:00,
RWZI Kinrooi - Kessenich,2012-02-06 23:00:00,
RWZI Temse,2012-02-06 23:00:00,
RWZI Hasselt,2012-02-06 23:00:00,
RWZI Jabbeke,2012-02-05 23:00:00,
RWZI Ninove,2012-02-05 23:00:00,
RWZI Engsbergen,2012-02-05 23:00:00,
RWZI Morkhoven,2012-02-05 23:00:00,
RWZI Aartselaar,2012-02-01 23:00:00,
RWZI Aartselaar,2012-02-01 23:00:00,
RWZI Aartselaar,2012-02-01 23:00:00,
RWZI Morkhoven,2012-01-31 23:00:00,
RWZI Rollegem,2012-01-30 23:00:00,
RWZI niet gedefinieerd,2012-01-30 23:00:00,
RWZI Wulpen,2012-01-29 23:00:00,
RWZI Wulpen,2012-01-29 23:00:00,
RWZI Wulpen,2012-01-29 23:00:00,
RWZI Jabbeke,2012-01-29 23:00:00,
RWZI Schoten,2012-01-29 23:00:00,
RWZI Nijlen,2012-01-29 23:00:00,
RWZI Wulpen,2012-01-29 23:00:00,
RWZI Zolder,2012-01-24 23:00:00,
RWZI Wulpen,2012-01-24 23:00:00,
RWZI Landen - Rumsdorp,2012-01-24 23:00:00,
RWZI Alken,2012-01-24 23:00:00,2012-01-24 23:00:00
RWZI Eisden,2012-01-23 23:00:00,
RWZI Aartselaar,2012-01-22 23:00:00,
RWZI Rollegem,2012-01-22 23:00:00,
RWZI Koersel,2012-01-22 23:00:00,
RWZI Galmaarden,2012-01-22 23:00:00,
RWZI Oud-Heverlee,2012-01-22 23:00:00,
RWZI Harelbeke,2012-01-19 23:00:00,
RWZI Jabbeke,2012-01-18 23:00:00,
RWZI Grobbendonk,2012-01-18 23:00:00,
RWZI Retie,2012-01-17 23:00:00,
RWZI Eisden,2012-01-16 23:00:00,
RWZI Kinrooi - Kessenich,2012-01-15 23:00:00,
RWZI Beverlo,2012-01-15 23:00:00,
RWZI Ninove,2012-01-15 23:00:00,
RWZI Nijlen,2012-01-15 23:00:00,
RWZI niet gedefinieerd,2012-01-15 23:00:00,
RWZI niet gedefinieerd,2012-01-13 23:00:00,
RWZI Mechelen-Noord,2012-01-11 23:00:00,
RWZI Temse,2012-01-10 23:00:00,
RWZI Ninove,2012-01-09 23:00:00,
RWZI Sint-Truiden,2012-01-09 23:00:00,
RWZI Kermt,2012-01-08 23:00:00,
RWZI Ninove,2012-01-04 23:00:00,
RWZI Engsbergen,2012-01-02 23:00:00,
RWZI Blaasveld,2012-01-01 23:00:00,
RWZI Aartselaar,2012-01-01 23:00:00,
RWZI Aalst,2012-01-01 23:00:00,
RWZI Nijlen,2012-01-01 23:00:00,
RWZI Pulderbos,2012-01-01 23:00:00,
RWZI Galmaarden,2012-01-01 23:00:00,
RWZI Aalst,2011-12-20 23:00:00,
RWZI Rollegem,2011-12-19 23:00:00,
RWZI Koersel,2011-12-18 23:00:00,
RWZI Lichtaart,2011-12-14 23:00:00,
RWZI Nijlen,2011-12-14 23:00:00,
RWZI Baliebrugge,2011-12-14 23:00:00,
RWZI Aalst,2011-12-13 23:00:00,
RWZI Ronse,2011-12-12 23:00:00,2011-12-12 23:00:00
RWZI Rotselaar,2011-12-12 23:00:00,
RWZI Ronse,2011-12-12 23:00:00,2011-12-12 23:00:00
RWZI Galmaarden,2011-12-11 23:00:00,
RWZI Ninove,2011-12-11 23:00:00,
RWZI Ninove,2011-12-11 23:00:00,
RWZI Aartselaar,2011-12-05 23:00:00,
RWZI Blaasveld,2011-12-05 23:00:00,
RWZI Pulderbos,2011-12-04 23:00:00,
RWZI Herentals,2011-12-04 23:00:00,
RWZI Dilsen,2011-12-04 23:00:00,
RWZI Malle,2011-12-04 23:00:00,
RWZI Moorslede,2011-11-30 23:00:00,
RWZI niet gedefinieerd,2011-11-30 23:00:00,
RWZI Geetbets,2011-11-29 23:00:00,
RWZI Sint-Truiden,2011-11-27 23:00:00,
RWZI Aalst,2011-11-27 23:00:00,
RWZI Oplinter,2011-11-27 23:00:00,
RWZI Zoutleeuw,2011-11-23 23:00:00,
RWZI Kermt,2011-11-22 23:00:00,
RWZI Turnhout,2011-11-22 23:00:00,
RWZI Zonhoven,2011-11-21 23:00:00,
RWZI Tessenderlo,2011-11-21 23:00:00,
RWZI Retie,2011-11-21 23:00:00,
RWZI Retie,2011-11-21 23:00:00,
RWZI Ledegem,2011-11-21 23:00:00,2011-11-21 23:00:00
RWZI Ledegem,2011-11-21 23:00:00,
RWZI Lommel,2011-11-20 23:00:00,
RWZI Boorsem,2011-11-20 23:00:00,
RWZI Lommel,2011-11-20 23:00:00,
RWZI Kinrooi - Kessenich,2011-11-20 23:00:00,
RWZI Bree,2011-11-20 23:00:00,
RWZI Kinrooi-Molenbeersel,2011-11-20 23:00:00,
RWZI Sint-Joris-Winge,2011-11-16 23:00:00,
RWZI Bree,2011-11-15 23:00:00,
RWZI Lichtaart,2011-11-15 23:00:00,
RWZI Wommelgem,2011-11-15 23:00:00,
RWZI Galmaarden,2011-11-15 23:00:00,
RWZI Galmaarden,2011-11-15 23:00:00,
RWZI Engsbergen,2011-11-13 23:00:00,
RWZI Bree,2011-11-13 23:00:00,
RWZI Herentals,2011-11-13 23:00:00,
RWZI Pulderbos,2011-11-13 23:00:00,
RWZI Bree,2011-11-12 23:00:00,
RWZI Bree,2011-11-12 23:00:00,
RWZI Bree,2011-11-10 23:00:00,
RWZI Bree,2011-11-10 23:00:00,
RWZI Lommel,2011-11-08 23:00:00,
RWZI Jabbeke,2011-11-08 23:00:00,
RWZI Nijlen,2011-11-07 23:00:00,
RWZI Turnhout,2011-11-06 23:00:00,
RWZI Aalst,2011-11-06 23:00:00,
RWZI Destelbergen,2011-11-06 23:00:00,
RWZI Destelbergen,2011-11-06 23:00:00,
RWZI Hoogstraten,2011-11-06 23:00:00,
RWZI Jabbeke,2011-11-02 23:00:00,
RWZI Oplinter,2011-11-01 23:00:00,
RWZI Beersel,2011-11-01 23:00:00,2011-11-01 23:00:00
RWZI Beersel,2011-11-01 23:00:00,2011-11-01 23:00:00
RWZI Turnhout,2011-10-31 23:00:00,
RWZI Aalst,2011-10-24 22:00:00,
RWZI Oplinter,2011-10-23 22:00:00,
RWZI Sint-Pieters-Leeuw,2011-10-23 22:00:00,
RWZI Herentals,2011-10-23 22:00:00,
RWZI Herentals,2011-10-23 22:00:00,
RWZI Zemst - Larebeek,2011-10-21 22:00:00,
RWZI Hoegaarden,2011-10-20 22:00:00,
RWZI Hoogstraten,2011-10-19 22:00:00,2011-10-19 22:00:00
RWZI Hoogstraten,2011-10-19 22:00:00,
RWZI Tienen,2011-10-18 22:00:00,
RWZI Kruiseke,2011-10-16 22:00:00,
RWZI Kruiseke,2011-10-16 22:00:00,
RWZI Kruiseke,2011-10-16 22:00:00,
RWZI Merchtem,2011-10-16 22:00:00,
RWZI Deurne,2011-10-12 22:00:00,
RWZI Deurne,2011-10-12 22:00:00,
RWZI Turnhout,2011-10-11 22:00:00,
RWZI Morkhoven,2011-10-11 22:00:00,
RWZI Aalst,2011-10-09 22:00:00,
RWZI niet gedefinieerd,2011-10-06 22:00:00,
RWZI Tienen,2011-10-06 22:00:00,
RWZI Koersel,2011-10-05 22:00:00,
RWZI Pulderbos,2011-10-03 22:00:00,
RWZI Kruiseke,2011-10-03 22:00:00,2011-10-03 22:00:00
RWZI niet gedefinieerd,2011-10-02 22:00:00,
RWZI niet gedefinieerd,2011-10-02 22:00:00,
RWZI Kruiseke,2011-09-29 22:00:00,
RWZI Koersel,2011-09-27 22:00:00,
RWZI Zonhoven,2011-09-27 22:00:00,
RWZI Tessenderlo,2011-09-26 22:00:00,
RWZI Tessenderlo,2011-09-26 22:00:00,
RWZI Liedekerke,2011-09-21 22:00:00,
RWZI Wommelgem,2011-09-20 22:00:00,
RWZI Turnhout,2011-09-20 22:00:00,
RWZI Kinrooi-Molenbeersel,2011-09-19 22:00:00,
RWZI Kampenhout,2011-09-18 22:00:00,
RWZI Tessenderlo,2011-09-18 22:00:00,
RWZI Aartselaar,2011-09-14 22:00:00,
RWZI Lummen - Geneiken,2011-09-13 22:00:00,2011-09-13 22:00:00
RWZI Koersel,2011-09-11 22:00:00,
RWZI Sint-Maria-Lierde,2011-09-05 22:00:00,2011-09-05 22:00:00
RWZI Sint-Maria-Lierde,2011-09-05 22:00:00,
RWZI niet gedefinieerd,2011-09-05 22:00:00,
RWZI niet gedefinieerd,2011-09-05 22:00:00,
RWZI Sint-Pieters-Leeuw,2011-09-04 22:00:00,
RWZI Tienen,2011-09-01 22:00:00,
RWZI Arendonk,2011-08-30 22:00:00,
RWZI Turnhout,2011-08-29 22:00:00,
RWZI Rotselaar,2011-08-28 22:00:00,
RWZI Moelingen,2011-08-28 22:00:00,
RWZI Zomergem,2011-08-28 22:00:00,
RWZI niet gedefinieerd,2011-08-21 22:00:00,
RWZI Merksem,2011-08-17 22:00:00,
RWZI Merksem,2011-08-17 22:00:00,
RWZI Merksem,2011-08-17 22:00:00,
RWZI Merksem,2011-08-17 22:00:00,
RWZI Lummen - Geneiken,2011-08-15 22:00:00,
RWZI Tessenderlo,2011-08-15 22:00:00,
RWZI Hoogstraten,2011-08-10 22:00:00,
RWZI Turnhout,2011-08-08 22:00:00,
RWZI niet gedefinieerd,2011-08-07 22:00:00,
RWZI Gent,2011-08-03 22:00:00,
RWZI niet gedefinieerd,2011-08-02 22:00:00,
RWZI Beernem,2011-08-02 22:00:00,
RWZI Arendonk,2011-08-01 22:00:00,
RWZI Sint-Pieters-Leeuw,2011-07-31 22:00:00,
RWZI Ieper,2011-07-31 22:00:00,2011-07-31 22:00:00
RWZI niet gedefinieerd,2011-07-26 22:00:00,
RWZI Wommelgem,2011-07-26 22:00:00,
RWZI Aalst,2011-07-24 22:00:00,
RWZI Geel,2011-07-24 22:00:00,
RWZI Lichtaart,2011-07-24 22:00:00,
RWZI Boorsem,2011-07-24 22:00:00,
RWZI niet gedefinieerd,2011-07-18 22:00:00,
RWZI Galmaarden,2011-07-18 22:00:00,
RWZI Bree,2011-07-18 22:00:00,
RWZI Deurne,2011-07-18 22:00:00,
RWZI Boorsem,2011-07-18 22:00:00,
RWZI Merelbeke,2011-07-17 22:00:00,
RWZI Beernem,2011-07-12 22:00:00,
RWZI niet gedefinieerd,2011-07-12 22:00:00,
RWZI niet gedefinieerd,2011-07-12 22:00:00,
RWZI niet gedefinieerd,2011-07-12 22:00:00,
RWZI Bree,2011-07-11 22:00:00,
RWZI Sint-Antelinks,2011-07-11 22:00:00,2011-07-11 22:00:00
RWZI Sint-Joris-Winge,2011-07-10 22:00:00,
RWZI Waregem,2011-07-10 22:00:00,2011-07-10 22:00:00
RWZI Waregem,2011-07-10 22:00:00,
RWZI niet gedefinieerd,2011-07-07 22:00:00,
RWZI Bree,2011-07-06 22:00:00,
RWZI Bree,2011-07-05 22:00:00,
RWZI niet gedefinieerd,2011-07-04 22:00:00,
RWZI Landen - Rumsdorp,2011-07-04 22:00:00,
RWZI Sint-Pieters-Leeuw,2011-07-03 22:00:00,
RWZI Merelbeke,2011-07-03 22:00:00,
RWZI Gavere,2011-07-03 22:00:00,
RWZI Messelbroek,2011-07-03 22:00:00,
RWZI Geraardsbergen,2011-06-29 22:00:00,
RWZI Lichtaart,2011-06-29 22:00:00,
RWZI Kinrooi-Molenbeersel,2011-06-29 22:00:00,
RWZI Morkhoven,2011-06-28 22:00:00,
RWZI niet gedefinieerd,2011-06-27 22:00:00,
RWZI niet gedefinieerd,2011-06-27 22:00:00,
RWZI Galmaarden,2011-06-26 22:00:00,
RWZI Zandbergen,2011-06-26 22:00:00,
RWZI Lichtaart,2011-06-23 22:00:00,
RWZI Geel,2011-06-22 22:00:00,
RWZI Geel,2011-06-22 22:00:00,
RWZI Geel,2011-06-22 22:00:00,
RWZI Geel,2011-06-22 22:00:00,
RWZI Geel,2011-06-21 22:00:00,
RWZI Morkhoven,2011-06-21 22:00:00,
RWZI Deurne,2011-06-21 22:00:00,
RWZI Wommelgem,2011-06-21 22:00:00,
RWZI Tongeren,2011-06-21 22:00:00,
RWZI Deurne,2011-06-21 22:00:00,
RWZI Arendonk,2011-06-21 22:00:00,
RWZI Geel,2011-06-21 22:00:00,
RWZI Vosselaar,2011-06-20 22:00:00,
RWZI Merelbeke,2011-06-19 22:00:00,
RWZI Arendonk,2011-06-19 22:00:00,
RWZI Beernem,2011-06-16 22:00:00,
RWZI Retie,2011-06-16 22:00:00,
RWZI Aalst,2011-06-15 22:00:00,
RWZI Geel,2011-06-15 22:00:00,
RWZI Sint-Joris-Winge,2011-06-15 22:00:00,
RWZI Geel,2011-06-14 22:00:00,
RWZI Geel,2011-06-14 22:00:00,
RWZI Vleteren,2011-06-14 22:00:00,
RWZI Morkhoven,2011-06-14 22:00:00,
RWZI Wommelgem,2011-06-14 22:00:00,
RWZI Schoten,2011-06-14 22:00:00,
RWZI Wulpen,2011-06-14 22:00:00,
RWZI Temse,2011-06-13 22:00:00,
RWZI Messelbroek,2011-06-13 22:00:00,
RWZI Dendermonde,2011-06-13 22:00:00,
RWZI Kieldrecht,2011-06-13 22:00:00,
RWZI Sint-Truiden,2011-06-13 22:00:00,
RWZI Sint-Truiden,2011-06-13 22:00:00,
RWZI Rotselaar,2011-06-12 22:00:00,
RWZI Landen - Rumsdorp,2011-06-12 22:00:00,
RWZI niet gedefinieerd,2011-06-07 22:00:00,
RWZI Morkhoven,2011-06-07 22:00:00,
RWZI Kinrooi-Molenbeersel,2011-06-06 22:00:00,
RWZI Deurne,2011-06-06 22:00:00,
RWZI Deurne,2011-06-06 22:00:00,
RWZI Liedekerke,2011-06-06 22:00:00,
RWZI Sint-Pieters-Leeuw,2011-06-06 22:00:00,
RWZI Lummen - Geneiken,2011-06-05 22:00:00,
RWZI Boorsem,2011-06-05 22:00:00,
RWZI Temse,2011-05-30 22:00:00,
RWZI Nijlen,2011-05-30 22:00:00,
RWZI niet gedefinieerd,2011-05-30 22:00:00,
RWZI Lommel,2011-05-29 22:00:00,
RWZI Morkhoven,2011-05-29 22:00:00,
RWZI Arendonk,2011-05-29 22:00:00,
RWZI Wommelgem,2011-05-29 22:00:00,
RWZI Messelbroek,2011-05-29 22:00:00,
RWZI niet gedefinieerd,2011-05-29 22:00:00,
RWZI Ruisbroek,2011-05-29 22:00:00,
RWZI Lummen - Geneiken,2011-05-29 22:00:00,
RWZI Turnhout,2011-05-29 22:00:00,
RWZI Vosselaar,2011-05-29 22:00:00,
RWZI Asse - Bekkerzeel,2011-05-25 22:00:00,
RWZI Asse - Bekkerzeel,2011-05-25 22:00:00,
RWZI Asse - Bekkerzeel,2011-05-25 22:00:00,
RWZI Asse - Bekkerzeel,2011-05-25 22:00:00,
RWZI Asse - Bekkerzeel,2011-05-25 22:00:00,
RWZI Liedekerke,2011-05-25 22:00:00,
RWZI Asse - Bekkerzeel,2011-05-25 22:00:00,
RWZI Zolder,2011-05-24 22:00:00,
RWZI Geraardsbergen,2011-05-24 22:00:00,
RWZI Zandbergen,2011-05-24 22:00:00,
RWZI Malle,2011-05-24 22:00:00,
RWZI Boorsem,2011-05-24 22:00:00,
RWZI Nijlen,2011-05-24 22:00:00,
RWZI Herentals,2011-05-24 22:00:00,
RWZI Merelbeke,2011-05-23 22:00:00,
RWZI Mol,2011-05-23 22:00:00,
RWZI Mol,2011-05-23 22:00:00,
RWZI Sint-Truiden,2011-05-22 22:00:00,
RWZI Dendermonde,2011-05-22 22:00:00,
RWZI Rotselaar,2011-05-22 22:00:00,
RWZI Landen - Rumsdorp,2011-05-22 22:00:00,
RWZI Sint-Truiden,2011-05-22 22:00:00,
RWZI Beveren - Leie,2011-05-20 22:00:00,
RWZI Beveren - Leie,2011-05-19 22:00:00,
RWZI Vleteren,2011-05-16 22:00:00,
RWZI Deurne,2011-05-16 22:00:00,
RWZI Deurne,2011-05-16 22:00:00,
RWZI Temse,2011-05-16 22:00:00,
RWZI Vleteren,2011-05-16 22:00:00,
RWZI Sint-Joris-Winge,2011-05-15 22:00:00,
RWZI Aalst,2011-05-15 22:00:00,
RWZI Elsegem,2011-05-15 22:00:00,
RWZI Kinrooi-Molenbeersel,2011-05-15 22:00:00,
RWZI Kinrooi-Molenbeersel,2011-05-15 22:00:00,
RWZI Varenbergbeek,2011-05-11 22:00:00,
RWZI Varenbergbeek,2011-05-11 22:00:00,2011-05-11 22:00:00
RWZI Varenbergbeek,2011-05-11 22:00:00,2011-05-11 22:00:00
RWZI Deurne,2011-05-10 22:00:00,
RWZI Kieldrecht,2011-05-10 22:00:00,
RWZI Deurne,2011-05-10 22:00:00,
RWZI Morkhoven,2011-05-10 22:00:00,
RWZI Sint-Antelinks,2011-05-09 22:00:00,2011-05-09 22:00:00
RWZI Sint-Truiden,2011-05-09 22:00:00,
RWZI Sint-Antelinks,2011-05-09 22:00:00,
RWZI Sint-Antelinks,2011-05-09 22:00:00,2011-05-09 22:00:00
RWZI Aalst,2011-05-08 22:00:00,
RWZI Sint-Truiden,2011-05-08 22:00:00,
RWZI niet gedefinieerd,2011-05-08 22:00:00,
RWZI Ruisbroek,2011-05-08 22:00:00,
RWZI niet gedefinieerd,2011-05-08 22:00:00,
RWZI Herentals,2011-05-08 22:00:00,
RWZI Turnhout,2011-05-08 22:00:00,
RWZI Vosselaar,2011-05-08 22:00:00,
RWZI Hasselt,2011-05-08 22:00:00,2011-05-08 22:00:00
RWZI Arendonk,2011-05-08 22:00:00,
RWZI Lummen - Geneiken,2011-05-08 22:00:00,
RWZI Merelbeke,2011-05-08 22:00:00,
RWZI Herentals,2011-05-08 22:00:00,
RWZI Boechout,2011-05-08 22:00:00,
RWZI Deurne,2011-05-04 22:00:00,
RWZI Geraardsbergen,2011-05-04 22:00:00,
RWZI Elsegem,2011-05-04 22:00:00,
RWZI Deurne,2011-05-04 22:00:00,
RWZI Zichem,2011-05-03 22:00:00,
RWZI Wommelgem,2011-05-03 22:00:00,
RWZI niet gedefinieerd,2011-05-03 22:00:00,
RWZI Liedekerke,2011-05-02 22:00:00,
RWZI Malle,2011-05-01 22:00:00,
RWZI Messelbroek,2011-05-01 22:00:00,
RWZI Riemst,2011-05-01 22:00:00,
RWZI Dendermonde,2011-05-01 22:00:00,
RWZI Beverlo,2011-05-01 22:00:00,
RWZI Beverlo,2011-05-01 22:00:00,
RWZI Beverlo,2011-05-01 22:00:00,
RWZI Berendrecht,2011-05-01 22:00:00,
RWZI Bilzen,2011-05-01 22:00:00,
RWZI Berendrecht,2011-05-01 22:00:00,
RWZI Rotselaar,2011-05-01 22:00:00,
RWZI Nevele,2011-05-01 22:00:00,
RWZI Nijlen,2011-05-01 22:00:00,
RWZI Heusden,2011-05-01 22:00:00,
RWZI Heusden,2011-05-01 22:00:00,
RWZI Retie,2011-05-01 22:00:00,
RWZI Heusden,2011-05-01 22:00:00,
RWZI Heusden,2011-05-01 22:00:00,
RWZI Landen - Rumsdorp,2011-05-01 22:00:00,
RWZI Rotselaar,2011-04-28 22:00:00,
RWZI Deurne,2011-04-27 22:00:00,
RWZI Deurne,2011-04-27 22:00:00,
RWZI Hoogstraten,2011-04-27 22:00:00,
RWZI Lummen - Geneiken,2011-04-25 22:00:00,
RWZI Aalst,2011-04-25 22:00:00,
RWZI Arendonk,2011-04-25 22:00:00,
RWZI Zichen,2011-04-25 22:00:00,
RWZI Deurne,2011-04-20 22:00:00,
RWZI Deurne,2011-04-20 22:00:00,
RWZI Nevele,2011-04-20 22:00:00,
RWZI Wommelgem,2011-04-20 22:00:00,
RWZI Merksem,2011-04-19 22:00:00,
RWZI Kortemark,2011-04-19 22:00:00,
RWZI Merksem,2011-04-19 22:00:00,
RWZI Evergem,2011-04-18 22:00:00,
RWZI Turnhout,2011-04-18 22:00:00,
RWZI Evergem,2011-04-17 22:00:00,
RWZI Hasselt,2011-04-17 22:00:00,
RWZI Vosselaar,2011-04-17 22:00:00,
RWZI Ruisbroek,2011-04-17 22:00:00,
RWZI Merelbeke,2011-04-17 22:00:00,
RWZI Sint-Truiden,2011-04-17 22:00:00,
RWZI Sint-Truiden,2011-04-17 22:00:00,
RWZI Deurne,2011-04-14 22:00:00,
RWZI Deurne,2011-04-14 22:00:00,
RWZI Evergem,2011-04-14 22:00:00,
RWZI Hoogstraten,2011-04-13 22:00:00,
RWZI Nijlen,2011-04-12 22:00:00,
RWZI Boekhoute,2011-04-12 22:00:00,
RWZI Liedekerke,2011-04-11 22:00:00,
RWZI Liedekerke,2011-04-11 22:00:00,
RWZI Herentals,2011-04-10 22:00:00,
RWZI Dendermonde,2011-04-10 22:00:00,
RWZI Aalst,2011-04-10 22:00:00,
RWZI Herentals,2011-04-10 22:00:00,
RWZI Bambrugge,2011-04-10 22:00:00,
RWZI Temse,2011-04-10 22:00:00,
RWZI Temse,2011-04-10 22:00:00,
RWZI Landen - Rumsdorp,2011-04-10 22:00:00,
RWZI Blaasveld,2011-04-10 22:00:00,
RWZI Malle,2011-04-10 22:00:00,
RWZI Nevele,2011-04-10 22:00:00,
RWZI Rotselaar,2011-04-10 22:00:00,
RWZI Berendrecht,2011-04-10 22:00:00,
RWZI Lummen - Geneiken,2011-04-10 22:00:00,
RWZI Messelbroek,2011-04-10 22:00:00,
RWZI Deinze,2011-04-10 22:00:00,
RWZI Deurne,2011-04-07 22:00:00,
RWZI Deurne,2011-04-07 22:00:00,
RWZI Bambrugge,2011-04-07 22:00:00,
RWZI niet gedefinieerd,2011-04-06 22:00:00,
RWZI Beernem,2011-04-06 22:00:00,
RWZI Geraardsbergen,2011-04-06 22:00:00,
RWZI niet gedefinieerd,2011-04-06 22:00:00,
RWZI Boekhoute,2011-04-06 22:00:00,
RWZI niet gedefinieerd,2011-04-06 22:00:00,
RWZI niet gedefinieerd,2011-04-06 22:00:00,
RWZI Zandbergen,2011-04-04 22:00:00,
RWZI Edegem,2011-04-04 22:00:00,
RWZI Beersel,2011-04-04 22:00:00,
RWZI Mol,2011-04-03 22:00:00,
RWZI Edegem,2011-04-03 22:00:00,
RWZI Elsegem,2011-04-03 22:00:00,
RWZI Schilde,2011-04-03 22:00:00,
RWZI Overpelt,2011-04-03 22:00:00,
RWZI Ninove,2011-04-03 22:00:00,
RWZI Overpelt,2011-04-03 22:00:00,
RWZI Ninove,2011-04-03 22:00:00,
RWZI Ninove,2011-04-03 22:00:00,
RWZI Geraardsbergen,2011-04-03 22:00:00,
RWZI Ninove,2011-04-01 22:00:00,
RWZI Ninove,2011-03-31 22:00:00,
RWZI Deurne,2011-03-30 22:00:00,
RWZI Hamont,2011-03-30 22:00:00,
RWZI Mol,2011-03-30 22:00:00,
RWZI Hoogstraten,2011-03-30 22:00:00,
RWZI Deurne,2011-03-30 22:00:00,
RWZI Riemst,2011-03-29 22:00:00,
RWZI Koersel,2011-03-29 22:00:00,
RWZI Engsbergen,2011-03-29 22:00:00,
RWZI Zichem,2011-03-29 22:00:00,
RWZI Turnhout,2011-03-27 22:00:00,
RWZI Vosselaar,2011-03-27 22:00:00,
RWZI Arendonk,2011-03-27 22:00:00,
RWZI Oudenaarde,2011-03-27 22:00:00,
RWZI Lummen - Geneiken,2011-03-27 22:00:00,
RWZI Brugge,2011-03-27 22:00:00,
RWZI Hasselt,2011-03-27 22:00:00,
RWZI Brugge,2011-03-27 22:00:00,
RWZI Aalst,2011-03-27 22:00:00,
RWZI Ruisbroek,2011-03-27 22:00:00,
RWZI Schilde,2011-03-27 22:00:00,
RWZI Boom,2011-03-27 22:00:00,
RWZI Dendermonde,2011-03-27 22:00:00,
RWZI Dendermonde,2011-03-23 23:00:00,
RWZI Arendonk,2011-03-23 23:00:00,
RWZI Arendonk,2011-03-23 23:00:00,
RWZI Geraardsbergen,2011-03-23 23:00:00,
RWZI Bilzen,2011-03-21 23:00:00,
RWZI Kruishoutem,2011-03-21 23:00:00,
RWZI Merelbeke,2011-03-21 23:00:00,
RWZI Boekhoute,2011-03-20 23:00:00,
RWZI Deinze,2011-03-20 23:00:00,
RWZI Sint-Truiden,2011-03-20 23:00:00,
RWZI Nevele,2011-03-20 23:00:00,
RWZI Nijlen,2011-03-20 23:00:00,
RWZI Sint-Truiden,2011-03-20 23:00:00,
RWZI Varenbergbeek,2011-03-20 23:00:00,
RWZI Wommelgem,2011-03-20 23:00:00,
RWZI Blaasveld,2011-03-20 23:00:00,
RWZI Lummen - Geneiken,2011-03-20 23:00:00,
RWZI Malle,2011-03-20 23:00:00,
RWZI De Klinge,2011-03-20 23:00:00,
RWZI Burcht,2011-03-20 23:00:00,
RWZI Berendrecht,2011-03-20 23:00:00,
RWZI Schilde,2011-03-20 23:00:00,
RWZI Ronse,2011-03-16 23:00:00,
RWZI Deurne,2011-03-16 23:00:00,
RWZI Deurne,2011-03-16 23:00:00,
RWZI Ronse,2011-03-16 23:00:00,
RWZI Ronse,2011-03-15 23:00:00,
RWZI Ronse,2011-03-15 23:00:00,
RWZI Messelbroek,2011-03-15 23:00:00,
RWZI Bonheiden,2011-03-14 23:00:00,
RWZI Ronse,2011-03-14 23:00:00,
RWZI Rollegem,2011-03-14 23:00:00,
RWZI Rollegem,2011-03-14 23:00:00,
RWZI Rollegem,2011-03-14 23:00:00,
RWZI Ronse,2011-03-14 23:00:00,
RWZI Schoten,2011-03-13 23:00:00,
RWZI Destelbergen,2011-03-13 23:00:00,
RWZI Lommel,2011-03-13 23:00:00,
RWZI Nijlen,2011-03-13 23:00:00,
RWZI Schilde,2011-03-13 23:00:00,
RWZI Aalst,2011-03-13 23:00:00,
RWZI Hoogstraten,2011-03-13 23:00:00,
RWZI Hoogstraten,2011-03-13 23:00:00,
RWZI Zichen,2011-03-13 23:00:00,
RWZI Riemst,2011-03-13 23:00:00,
RWZI Grobbendonk,2011-03-13 23:00:00,
RWZI Landen - Rumsdorp,2011-03-13 23:00:00,
RWZI Lummen - Geneiken,2011-03-13 23:00:00,
RWZI Boom,2011-03-13 23:00:00,
RWZI Liedekerke,2011-03-09 23:00:00,
RWZI Steenokkerzeel-Noord,2011-03-09 23:00:00,
RWZI Ruisbroek,2011-03-09 23:00:00,
RWZI Merelbeke,2011-03-09 23:00:00,
RWZI Tervuren,2011-03-09 23:00:00,
RWZI Zandbergen,2011-03-09 23:00:00,
RWZI Kinrooi-Molenbeersel,2011-03-08 23:00:00,
RWZI Hasselt,2011-03-08 23:00:00,
RWZI Essen,2011-03-08 23:00:00,
RWZI Turnhout,2011-03-07 23:00:00,
RWZI Boechout,2011-03-07 23:00:00,
RWZI Kruishoutem,2011-03-07 23:00:00,
RWZI Deurne,2011-03-06 23:00:00,
RWZI Deurne,2011-03-06 23:00:00,
RWZI Lummen - Geneiken,2011-03-06 23:00:00,
RWZI Tessenderlo,2011-03-06 23:00:00,
RWZI Schilde,2011-03-06 23:00:00,
RWZI Deurne,2011-03-06 23:00:00,
RWZI niet gedefinieerd,2011-03-03 23:00:00,
RWZI Halen,2011-03-01 23:00:00,
RWZI Geraardsbergen,2011-03-01 23:00:00,
RWZI Messelbroek,2011-03-01 23:00:00,
RWZI Nevele,2011-02-28 23:00:00,
RWZI Deinze,2011-02-27 23:00:00,
RWZI Kruishoutem,2011-02-27 23:00:00,
RWZI Aalst,2011-02-27 23:00:00,
RWZI De Klinge,2011-02-27 23:00:00,
RWZI Wimmertingen,2011-02-27 23:00:00,
RWZI Blaasveld,2011-02-27 23:00:00,
RWZI Rotselaar,2011-02-27 23:00:00,
RWZI Rotselaar,2011-02-27 23:00:00,
RWZI Aarschot,2011-02-27 23:00:00,
RWZI Schilde,2011-02-27 23:00:00,
RWZI Lummen - Geneiken,2011-02-27 23:00:00,
RWZI Vosselaar,2011-02-27 23:00:00,
RWZI Malle,2011-02-27 23:00:00,
RWZI Burcht,2011-02-27 23:00:00,
RWZI Berendrecht,2011-02-22 23:00:00,
RWZI Kermt,2011-02-22 23:00:00,
RWZI Sint-Joris-Winge,2011-02-22 23:00:00,
RWZI Zonhoven,2011-02-22 23:00:00,
RWZI Destelbergen,2011-02-22 23:00:00,
RWZI Retie,2011-02-22 23:00:00,
RWZI Boekhoute,2011-02-22 23:00:00,
RWZI Schilde,2011-02-21 23:00:00,
RWZI Lummen - Geneiken,2011-02-20 23:00:00,
RWZI Schoten,2011-02-20 23:00:00,
RWZI Kermt,2011-02-20 23:00:00,
RWZI Boom,2011-02-20 23:00:00,
RWZI Landen - Rumsdorp,2011-02-17 23:00:00,
RWZI Herentals,2011-02-16 23:00:00,
RWZI Lummen - Geneiken,2011-02-16 23:00:00,
RWZI Leuven,2011-02-15 23:00:00,
RWZI Leuven,2011-02-15 23:00:00,
RWZI Turnhout,2011-02-14 23:00:00,
RWZI Meer,2011-02-14 23:00:00,
RWZI Deurne,2011-02-14 23:00:00,
RWZI Koersel,2011-02-13 23:00:00,
RWZI Kieldrecht,2011-02-13 23:00:00,
RWZI De Klinge,2011-02-13 23:00:00,
RWZI Lummen - Geneiken,2011-02-13 23:00:00,
RWZI Burcht,2011-02-13 23:00:00,
RWZI Aalst,2011-02-13 23:00:00,
RWZI Herentals,2011-02-13 23:00:00,
RWZI Bree,2011-02-13 23:00:00,
RWZI Schilde,2011-02-13 23:00:00,
RWZI Hoegaarden,2011-02-13 23:00:00,
RWZI Tienen,2011-02-13 23:00:00,
RWZI Kieldrecht,2011-02-12 23:00:00,
RWZI Kieldrecht,2011-02-12 23:00:00,
RWZI Kieldrecht,2011-02-11 23:00:00,
RWZI Kieldrecht,2011-02-11 23:00:00,
RWZI Beveren - Leie,2011-02-10 23:00:00,
RWZI Kieldrecht,2011-02-10 23:00:00,
RWZI Kieldrecht,2011-02-10 23:00:00,
RWZI Beveren - Leie,2011-02-10 23:00:00,
RWZI Zandbergen,2011-02-09 23:00:00,
RWZI Geraardsbergen,2011-02-09 23:00:00,
RWZI Steenokkerzeel-Noord,2011-02-09 23:00:00,
RWZI Oosterzele,2011-02-09 23:00:00,
RWZI Sint-Joris-Winge,2011-02-09 23:00:00,
RWZI Ertvelde,2011-02-08 23:00:00,
RWZI Essen,2011-02-08 23:00:00,
RWZI Essen,2011-02-08 23:00:00,
RWZI Kruishoutem,2011-02-07 23:00:00,
RWZI Tessenderlo,2011-02-07 23:00:00,
RWZI Kruishoutem,2011-02-07 23:00:00,
RWZI Essen,2011-02-06 23:00:00,
RWZI Destelbergen,2011-02-06 23:00:00,
RWZI Blaasveld,2011-02-06 23:00:00,
RWZI Kermt,2011-02-06 23:00:00,
RWZI Hasselt,2011-02-06 23:00:00,
RWZI Schilde,2011-02-06 23:00:00,
RWZI Destelbergen,2011-02-03 23:00:00,
RWZI Dikkelvenne,2011-02-02 23:00:00,
RWZI Deinze,2011-02-01 23:00:00,
RWZI Brasschaat,2011-02-01 23:00:00,
RWZI Boekhoute,2011-02-01 23:00:00,
RWZI Deinze,2011-02-01 23:00:00,
RWZI Malle,2011-01-31 23:00:00,
RWZI Arendonk,2011-01-31 23:00:00,
RWZI Houthalen-Oost,2011-01-31 23:00:00,
RWZI Zonhoven,2011-01-31 23:00:00,
RWZI Malle,2011-01-31 23:00:00,
RWZI Nevele,2011-01-31 23:00:00,
RWZI Lummen - Geneiken,2011-01-30 23:00:00,
RWZI Arendonk,2011-01-30 23:00:00,
RWZI Kruishoutem,2011-01-30 23:00:00,
RWZI Kallo,2011-01-30 23:00:00,
RWZI Kieldrecht,2011-01-30 23:00:00,
RWZI Aalst,2011-01-30 23:00:00,
RWZI Kinrooi-Molenbeersel,2011-01-30 23:00:00,
RWZI Boom,2011-01-30 23:00:00,
RWZI Schilde,2011-01-30 23:00:00,
RWZI Brasschaat,2011-01-30 23:00:00,
RWZI Nijlen,2011-01-30 23:00:00,
RWZI Aartselaar,2011-01-30 23:00:00,
RWZI Schoten,2011-01-29 23:00:00,
RWZI Kampenhout,2011-01-26 23:00:00,
RWZI Destelbergen,2011-01-26 23:00:00,
RWZI Wommelgem,2011-01-25 23:00:00,
RWZI Halen,2011-01-25 23:00:00,
RWZI Lummen - Geneiken,2011-01-25 23:00:00,
RWZI Nevele,2011-01-25 23:00:00,
RWZI Sint-Niklaas,2011-01-24 23:00:00,
RWZI Kermt,2011-01-24 23:00:00,
RWZI Tervuren,2011-01-24 23:00:00,
RWZI Alken,2011-01-24 23:00:00,
RWZI Alken,2011-01-24 23:00:00,
RWZI Schilde,2011-01-23 23:00:00,
RWZI Destelbergen,2011-01-23 23:00:00,
RWZI Merelbeke,2011-01-23 23:00:00,
RWZI Steenokkerzeel-Noord,2011-01-23 23:00:00,
RWZI Tessenderlo,2011-01-23 23:00:00,
RWZI Kermt,2011-01-20 23:00:00,
RWZI Rotselaar,2011-01-18 23:00:00,
RWZI Engsbergen,2011-01-18 23:00:00,
RWZI Engsbergen,2011-01-18 23:00:00,
RWZI Meer,2011-01-18 23:00:00,
RWZI Meer,2011-01-18 23:00:00,
RWZI Essen,2011-01-17 23:00:00,
RWZI Lichtaart,2011-01-17 23:00:00,
RWZI Beveren - Leie,2011-01-17 23:00:00,2011-01-17 23:00:00
RWZI Beveren - Leie,2011-01-17 23:00:00,2011-01-17 23:00:00
RWZI Zonhoven,2011-01-16 23:00:00,
RWZI Overschelde,2011-01-16 23:00:00,
RWZI Kruishoutem,2011-01-16 23:00:00,
RWZI Lummen - Geneiken,2011-01-16 23:00:00,
RWZI Schilde,2011-01-16 23:00:00,
RWZI Nijlen,2011-01-16 23:00:00,
RWZI Kluisbergen,2011-01-12 23:00:00,
RWZI Schilde,2011-01-09 23:00:00,
RWZI Schilde,2011-01-09 23:00:00,
RWZI Beveren - Leie,2011-01-05 23:00:00,
RWZI Beveren - Leie,2011-01-05 23:00:00,2011-01-05 23:00:00
RWZI Lichtaart,2011-01-03 23:00:00,
RWZI Schilde,2011-01-02 23:00:00,
RWZI niet gedefinieerd,2010-12-28 23:00:00,
RWZI Humbeek,2010-12-15 23:00:00,
RWZI Destelbergen,2010-12-12 23:00:00,
RWZI Liedekerke,2010-12-12 23:00:00,
RWZI Eeklo,2010-11-14 23:00:00,
RWZI Meer,2010-11-12 23:00:00,
RWZI Lede,2010-11-11 23:00:00,
RWZI Lede,2010-11-11 23:00:00,2010-11-11 23:00:00
RWZI Grimbergen,2010-11-09 23:00:00,
RWZI Leuven,2010-11-04 23:00:00,
RWZI Elsegem,2010-10-26 22:00:00,
RWZI Pittem,2010-10-24 22:00:00,
RWZI niet gedefinieerd,2010-10-17 22:00:00,
RWZI Alken,2010-10-14 22:00:00,2010-10-14 22:00:00
RWZI Varenbergbeek,2010-09-26 22:00:00,
RWZI Varenbergbeek,2010-09-26 22:00:00,
RWZI Varenbergbeek,2010-09-26 22:00:00,
RWZI Varenbergbeek,2010-09-26 22:00:00,
RWZI Varenbergbeek,2010-09-26 22:00:00,
RWZI Varenbergbeek,2010-09-26 22:00:00,
RWZI Lokeren,2010-09-15 22:00:00,2010-09-15 22:00:00
RWZI Tielt,2010-09-07 22:00:00,
RWZI Lummen - Geneiken,2010-08-15 22:00:00,
RWZI Neeroeteren,2010-08-15 22:00:00,
RWZI Wulpen,2010-08-08 22:00:00,
RWZI Wulpen,2010-08-08 22:00:00,
RWZI Bree,2010-08-03 22:00:00,2010-08-03 22:00:00
RWZI Varenbergbeek,2010-07-27 22:00:00,
RWZI Alken,2010-07-14 22:00:00,
RWZI Watou,2010-07-11 22:00:00,
RWZI Watou,2010-07-11 22:00:00,
RWZI Bierbeek,2010-07-10 22:00:00,
RWZI Tienen,2010-07-10 22:00:00,
RWZI Laarne,2010-06-28 22:00:00,2010-06-28 22:00:00
RWZI Laarne,2010-05-25 22:00:00,2010-05-25 22:00:00
RWZI Laarne,2010-05-25 22:00:00,2010-05-25 22:00:00
RWZI Berendrecht,2010-05-24 22:00:00,
RWZI Berendrecht,2010-05-24 22:00:00,
RWZI Roesbrugge,2010-05-11 22:00:00,
RWZI Beerse,2010-05-09 22:00:00,
RWZI Sinaai,2010-04-29 22:00:00,
RWZI Sinaai,2010-04-29 22:00:00,
RWZI Deinze,2010-04-28 22:00:00,
RWZI Deinze,2010-04-28 22:00:00,2010-04-28 22:00:00
RWZI Laarne,2010-04-25 22:00:00,2010-04-25 22:00:00
RWZI Deinze,2010-04-23 22:00:00,2010-04-23 22:00:00
RWZI Turnhout,2010-04-21 22:00:00,
RWZI Eeklo,2010-04-18 22:00:00,
RWZI Meer,2010-04-08 22:00:00,2010-04-08 22:00:00
RWZI Destelbergen,2010-04-07 22:00:00,
RWZI Lummen - Geneiken,2010-04-01 22:00:00,
RWZI Lummen - Geneiken,2010-04-01 22:00:00,
RWZI Lummen - Geneiken,2010-04-01 22:00:00,
RWZI Genk,2010-03-25 23:00:00,
RWZI Destelbergen,2010-03-24 23:00:00,
RWZI Zelzate,2010-03-23 23:00:00,
RWZI Schilde,2010-03-22 23:00:00,
RWZI Houthalen-Centrum,2010-03-03 23:00:00,
RWZI Lanaken,2010-03-02 23:00:00,
RWZI Roesbrugge,2010-02-27 23:00:00,
RWZI Roesbrugge,2010-02-24 23:00:00,
RWZI Ronse,2010-02-22 23:00:00,
RWZI Geel,2010-02-22 23:00:00,
RWZI Geel,2010-02-22 23:00:00,
RWZI Bree,2010-02-08 23:00:00,
RWZI Bree,2010-02-08 23:00:00,
RWZI Genk,2010-02-02 23:00:00,
RWZI Eisden,2010-01-30 23:00:00,
RWZI Eisden,2010-01-27 23:00:00,
RWZI Heist-op-den-Berg,2010-01-27 23:00:00,
RWZI Edegem,2010-01-19 23:00:00,
RWZI Lanaken,2010-01-18 23:00:00,
RWZI Bilzen,2010-01-05 23:00:00,
"Lanaken, PS Smeermaas",2010-01-04 23:00:00,
RWZI Bilzen,2009-12-13 23:00:00,
RWZI Stekene,2009-12-09 23:00:00,
RWZI Sint-Amands,2009-12-06 23:00:00,
RWZI Viersel,2009-12-06 23:00:00,
RWZI Sint-Amands,2009-12-06 23:00:00,
RWZI Viersel,2009-12-06 23:00:00,
RWZI Halle (geschrapt),2009-12-05 23:00:00,
RWZI Aartselaar,2009-12-05 23:00:00,
RWZI Tervuren,2009-12-01 23:00:00,
RWZI Kruishoutem,2009-11-23 23:00:00,
RWZI Kruishoutem,2009-11-23 23:00:00,
RWZI Bambrugge,2009-11-23 23:00:00,
RWZI Destelbergen,2009-11-23 23:00:00,
RWZI Wetteren,2009-11-23 23:00:00,
RWZI Kruishoutem,2009-11-23 23:00:00,
RWZI Kruishoutem,2009-11-23 23:00:00,
RWZI Kruishoutem,2009-11-23 23:00:00,
RWZI Kruishoutem,2009-11-22 23:00:00,
RWZI Sint-Maria-Lierde,2009-11-22 23:00:00,
RWZI Sint-Amands,2009-11-19 23:00:00,
RWZI Roeselare,2009-11-04 23:00:00,
RWZI Roeselare,2009-11-03 23:00:00,
RWZI Sint-Maria-Lierde,2009-11-03 23:00:00,
RWZI Sint-Maria-Lierde,2009-11-03 23:00:00,
RWZI Sint-Maria-Lierde,2009-11-03 23:00:00,
RWZI Sint-Maria-Lierde,2009-10-31 23:00:00,
RWZI Sint-Maria-Lierde,2009-10-31 23:00:00,
RWZI Lummen - Geneiken,2009-10-16 22:00:00,
RWZI Riksingen,2009-09-29 22:00:00,
RWZI Staden,2009-09-13 22:00:00,
RWZI Grobbendonk,2009-08-30 22:00:00,
RWZI Vlezenbeek,2009-08-12 22:00:00,
RWZI Eisden,2009-08-06 22:00:00,
RWZI Eisden,2009-08-01 22:00:00,
RWZI Eisden,2009-07-31 22:00:00,
RWZI Eisden,2009-07-30 22:00:00,
RWZI Schilde,2009-07-13 22:00:00,
RWZI Kinrooi - Kessenich,2009-07-12 22:00:00,
RWZI Kinrooi - Kessenich,2009-07-12 22:00:00,
RWZI Zemst - Hofstade,2009-05-26 22:00:00,
RWZI Zemst - Hofstade,2009-05-25 22:00:00,
RWZI Lebbeke - Rooien,2009-05-24 22:00:00,
RWZI Lebbeke - Rooien,2009-05-24 22:00:00,
RWZI Oostende,2009-05-18 22:00:00,
RWZI Zemst - Hofstade,2009-05-18 22:00:00,
RWZI Leuven,2009-05-15 22:00:00,
RWZI Dikkelvenne,2009-05-12 22:00:00,
RWZI Dikkelvenne,2009-05-12 22:00:00,
RWZI Arendonk,2009-05-11 22:00:00,
RWZI Dikkelvenne,2009-05-10 22:00:00,
RWZI Viersel,2009-05-06 22:00:00,
RWZI Mechelen-Noord,2009-05-04 22:00:00,
RWZI Bilzen,2009-04-26 22:00:00,
RWZI Bilzen,2009-04-16 22:00:00,
RWZI Schoten,2009-03-31 22:00:00,
RWZI Wommelgem,2009-03-31 22:00:00,
RWZI Sint-Amands,2009-03-22 23:00:00,
RWZI Harelbeke,2009-03-04 23:00:00,
RWZI Harelbeke,2009-03-04 23:00:00,
RWZI Ronse,2009-02-09 23:00:00,
RWZI Geel,2009-01-21 23:00:00,
RWZI Overschelde,2009-01-19 23:00:00,
RWZI Heule,2009-01-18 23:00:00,
RWZI Liedekerke,2009-01-18 23:00:00,
RWZI Heule,2009-01-14 23:00:00,
RWZI Herentals,2009-01-12 23:00:00,
RWZI Lichtaart,2009-01-12 23:00:00,
RWZI Brasschaat,2008-12-16 23:00:00,
RWZI Ertvelde,2008-12-14 23:00:00,
RWZI Brasschaat,2008-12-08 23:00:00,
RWZI Brasschaat,2008-12-08 23:00:00,
RWZI Brasschaat,2008-12-08 23:00:00,
RWZI Schilde,2008-11-30 23:00:00,
RWZI Eisden,2008-11-25 23:00:00,
RWZI Bornem,2008-11-20 23:00:00,
RWZI Eisden,2008-11-17 23:00:00,
RWZI Eisden,2008-11-17 23:00:00,
RWZI Eisden,2008-11-16 23:00:00,
RWZI Borgloon - Nerem,2008-11-13 23:00:00,
RWZI Retie,2008-11-12 23:00:00,
RWZI Retie,2008-11-11 23:00:00,
RWZI Hasselt,2008-11-06 23:00:00,
RWZI Ninove,2008-11-05 23:00:00,
RWZI Ninove,2008-11-05 23:00:00,
RWZI Brecht,2008-11-05 23:00:00,
RWZI Brecht,2008-10-30 23:00:00,
RWZI Brecht,2008-10-30 23:00:00,
RWZI Brecht,2008-10-30 23:00:00,
RWZI Aalst,2008-10-21 22:00:00,
RWZI Rollegem,2008-10-09 22:00:00,
RWZI Rollegem,2008-10-09 22:00:00,
RWZI Rollegem,2008-10-09 22:00:00,
RWZI Bree,2008-09-30 22:00:00,
RWZI Bree,2008-09-29 22:00:00,
RWZI Bree,2008-09-29 22:00:00,
RWZI Bree,2008-09-29 22:00:00,
RWZI Bree,2008-09-29 22:00:00,
RWZI Bree,2008-09-29 22:00:00,
RWZI Bree,2008-09-29 22:00:00,
RWZI Lebbeke - Rooien,2008-09-28 22:00:00,
RWZI Lebbeke - Rooien,2008-09-28 22:00:00,
RWZI Lebbeke - Rooien,2008-09-28 22:00:00,
RWZI Ninove,2008-09-21 22:00:00,
RWZI Vlezenbeek,2008-09-04 22:00:00,
RWZI Vlezenbeek,2008-09-04 22:00:00,
RWZI Bree,2008-09-03 22:00:00,
RWZI Gent,2008-09-03 22:00:00,
RWZI Merksem,2008-08-25 22:00:00,
RWZI Ninove,2008-08-24 22:00:00,
RWZI Itegem,2008-08-19 22:00:00,
RWZI Itegem,2008-08-18 22:00:00,
RWZI niet gedefinieerd,2008-07-31 22:00:00,
RWZI Bree,2008-07-29 22:00:00,
RWZI Bree,2008-07-29 22:00:00,
RWZI Bree,2008-07-27 22:00:00,
RWZI Zelzate,2008-07-09 22:00:00,
RWZI Zemst - Bosstraat,1925-03-18 12:00:00,
